ISO-10303-21;
HEADER;
/* Generated by software containing ST-Developer
 * from STEP Tools, Inc. (www.steptools.com) 
 */

FILE_DESCRIPTION(
/* description */ (''),
/* implementation_level */ '2;1');

FILE_NAME(
/* name */ '2EDGV-5.08-03P-1Y-100A&Z(H).stp',
/* time_stamp */ '2026-03-19T23:20:49-05:00',
/* author */ ('Bruno'),
/* organization */ (''),
/* preprocessor_version */ 'ST-DEVELOPER v20',
/* originating_system */ 'Autodesk Inventor 2025',
/* authorisation */ '');

FILE_SCHEMA (('AUTOMOTIVE_DESIGN { 1 0 10303 214 3 1 1 }'));
ENDSEC;

DATA;
#10=MECHANICAL_DESIGN_GEOMETRIC_PRESENTATION_REPRESENTATION('',(#17,#18,
#19,#20,#21,#22,#23,#24,#25,#26,#27,#28,#29,#30,#31,#32,#33,#34,#35,#36,
#37,#38,#39,#40,#41,#42,#43,#44,#45,#46,#47,#48,#49,#50,#51,#52,#53,#54,
#55,#56,#57,#58,#59,#60,#61,#62,#63,#64,#65,#66,#67,#68,#69,#70,#71,#72,
#73,#74,#75,#76,#77,#78,#79,#80,#81,#82,#83,#84,#85,#86,#87,#88,#89,#90,
#91,#92,#93,#94,#95),#4325);
#11=SHAPE_REPRESENTATION_RELATIONSHIP('SRR','None',#4332,#12);
#12=ADVANCED_BREP_SHAPE_REPRESENTATION('',(#13),#4324);
#13=MANIFOLD_SOLID_BREP('Solid1',#2577);
#14=TOROIDAL_SURFACE('',#2686,1.0577529387235,0.3);
#15=TOROIDAL_SURFACE('',#2767,1.0577529387235,0.3);
#16=TOROIDAL_SURFACE('',#2819,1.0577529387235,0.3);
#17=STYLED_ITEM('',(#4342),#2478);
#18=STYLED_ITEM('',(#4342),#2479);
#19=STYLED_ITEM('',(#4342),#2480);
#20=STYLED_ITEM('',(#4342),#2481);
#21=STYLED_ITEM('',(#4342),#2482);
#22=STYLED_ITEM('',(#4342),#2486);
#23=STYLED_ITEM('',(#4342),#2487);
#24=STYLED_ITEM('',(#4342),#2488);
#25=STYLED_ITEM('',(#4342),#2489);
#26=STYLED_ITEM('',(#4342),#2490);
#27=STYLED_ITEM('',(#4342),#2491);
#28=STYLED_ITEM('',(#4342),#2492);
#29=STYLED_ITEM('',(#4342),#2493);
#30=STYLED_ITEM('',(#4342),#2494);
#31=STYLED_ITEM('',(#4342),#2495);
#32=STYLED_ITEM('',(#4342),#2496);
#33=STYLED_ITEM('',(#4342),#2497);
#34=STYLED_ITEM('',(#4342),#2498);
#35=STYLED_ITEM('',(#4342),#2499);
#36=STYLED_ITEM('',(#4342),#2500);
#37=STYLED_ITEM('',(#4342),#2501);
#38=STYLED_ITEM('',(#4342),#2502);
#39=STYLED_ITEM('',(#4342),#2503);
#40=STYLED_ITEM('',(#4342),#2504);
#41=STYLED_ITEM('',(#4342),#2505);
#42=STYLED_ITEM('',(#4342),#2506);
#43=STYLED_ITEM('',(#4342),#2518);
#44=STYLED_ITEM('',(#4342),#2519);
#45=STYLED_ITEM('',(#4342),#2520);
#46=STYLED_ITEM('',(#4342),#2521);
#47=STYLED_ITEM('',(#4342),#2522);
#48=STYLED_ITEM('',(#4342),#2523);
#49=STYLED_ITEM('',(#4342),#2524);
#50=STYLED_ITEM('',(#4342),#2525);
#51=STYLED_ITEM('',(#4342),#2526);
#52=STYLED_ITEM('',(#4342),#2527);
#53=STYLED_ITEM('',(#4342),#2528);
#54=STYLED_ITEM('',(#4342),#2529);
#55=STYLED_ITEM('',(#4342),#2530);
#56=STYLED_ITEM('',(#4342),#2534);
#57=STYLED_ITEM('',(#4342),#2535);
#58=STYLED_ITEM('',(#4342),#2536);
#59=STYLED_ITEM('',(#4342),#2537);
#60=STYLED_ITEM('',(#4342),#2538);
#61=STYLED_ITEM('',(#4342),#2539);
#62=STYLED_ITEM('',(#4342),#2540);
#63=STYLED_ITEM('',(#4342),#2541);
#64=STYLED_ITEM('',(#4342),#2542);
#65=STYLED_ITEM('',(#4342),#2543);
#66=STYLED_ITEM('',(#4342),#2544);
#67=STYLED_ITEM('',(#4342),#2545);
#68=STYLED_ITEM('',(#4342),#2546);
#69=STYLED_ITEM('',(#4342),#2547);
#70=STYLED_ITEM('',(#4342),#2548);
#71=STYLED_ITEM('',(#4342),#2549);
#72=STYLED_ITEM('',(#4342),#2550);
#73=STYLED_ITEM('',(#4342),#2551);
#74=STYLED_ITEM('',(#4342),#2552);
#75=STYLED_ITEM('',(#4342),#2553);
#76=STYLED_ITEM('',(#4342),#2554);
#77=STYLED_ITEM('',(#4342),#2555);
#78=STYLED_ITEM('',(#4342),#2556);
#79=STYLED_ITEM('',(#4342),#2557);
#80=STYLED_ITEM('',(#4342),#2558);
#81=STYLED_ITEM('',(#4342),#2559);
#82=STYLED_ITEM('',(#4342),#2563);
#83=STYLED_ITEM('',(#4342),#2564);
#84=STYLED_ITEM('',(#4342),#2565);
#85=STYLED_ITEM('',(#4342),#2566);
#86=STYLED_ITEM('',(#4342),#2567);
#87=STYLED_ITEM('',(#4342),#2568);
#88=STYLED_ITEM('',(#4342),#2569);
#89=STYLED_ITEM('',(#4342),#2570);
#90=STYLED_ITEM('',(#4342),#2571);
#91=STYLED_ITEM('',(#4342),#2572);
#92=STYLED_ITEM('',(#4342),#2573);
#93=STYLED_ITEM('',(#4342),#2574);
#94=STYLED_ITEM('',(#4342),#2575);
#95=STYLED_ITEM('',(#4341),#13);
#96=CONICAL_SURFACE('',#2669,3.08685,0.261799387799149);
#97=CONICAL_SURFACE('',#2678,1.35,0.0261799387799149);
#98=CONICAL_SURFACE('',#2728,3.08685,0.261799387799149);
#99=CONICAL_SURFACE('',#2734,3.08685,0.261799387799149);
#100=CONICAL_SURFACE('',#2759,1.35,0.0261799387799149);
#101=CONICAL_SURFACE('',#2811,1.35,0.0261799387799149);
#102=FACE_BOUND('',#369,.T.);
#103=FACE_BOUND('',#370,.T.);
#104=FACE_BOUND('',#371,.T.);
#105=FACE_BOUND('',#377,.T.);
#106=FACE_BOUND('',#378,.T.);
#107=FACE_BOUND('',#379,.T.);
#108=FACE_BOUND('',#394,.T.);
#109=FACE_BOUND('',#443,.T.);
#110=FACE_BOUND('',#473,.T.);
#111=(
BOUNDED_CURVE()
B_SPLINE_CURVE(2,(#3629,#3630,#3631),.UNSPECIFIED.,.F.,.F.)
B_SPLINE_CURVE_WITH_KNOTS((3,3),(0.097726211543845,0.232321358717115),
 .UNSPECIFIED.)
CURVE()
GEOMETRIC_REPRESENTATION_ITEM()
RATIONAL_B_SPLINE_CURVE((1.00070950944617,1.00100304548152,1.00075929245101))
REPRESENTATION_ITEM('')
);
#112=(
BOUNDED_CURVE()
B_SPLINE_CURVE(2,(#3671,#3672,#3673),.UNSPECIFIED.,.F.,.F.)
B_SPLINE_CURVE_WITH_KNOTS((3,3),(0.110197246758839,0.244792393936212),
 .UNSPECIFIED.)
CURVE()
GEOMETRIC_REPRESENTATION_ITEM()
RATIONAL_B_SPLINE_CURVE((1.000759292451,1.00100304548154,1.00070950944617))
REPRESENTATION_ITEM('')
);
#113=(
BOUNDED_CURVE()
B_SPLINE_CURVE(2,(#3674,#3675,#3676),.UNSPECIFIED.,.F.,.F.)
B_SPLINE_CURVE_WITH_KNOTS((3,3),(0.0977262115442169,0.232321358717496),
 .UNSPECIFIED.)
CURVE()
GEOMETRIC_REPRESENTATION_ITEM()
RATIONAL_B_SPLINE_CURVE((1.00070950944586,1.00100304548108,1.00075929245068))
REPRESENTATION_ITEM('')
);
#114=(
BOUNDED_CURVE()
B_SPLINE_CURVE(2,(#3718,#3719,#3720),.UNSPECIFIED.,.F.,.F.)
B_SPLINE_CURVE_WITH_KNOTS((3,3),(0.110197246758453,0.244792393935816),
 .UNSPECIFIED.)
CURVE()
GEOMETRIC_REPRESENTATION_ITEM()
RATIONAL_B_SPLINE_CURVE((1.0007592924505,1.00100304548088,1.00070950944571))
REPRESENTATION_ITEM('')
);
#115=(
BOUNDED_CURVE()
B_SPLINE_CURVE(2,(#3721,#3722,#3723),.UNSPECIFIED.,.F.,.F.)
B_SPLINE_CURVE_WITH_KNOTS((3,3),(0.0977262115440962,0.232321358717371),
 .UNSPECIFIED.)
CURVE()
GEOMETRIC_REPRESENTATION_ITEM()
RATIONAL_B_SPLINE_CURVE((1.00070950944596,1.00100304548122,1.00075929245078))
REPRESENTATION_ITEM('')
);
#116=(
BOUNDED_CURVE()
B_SPLINE_CURVE(2,(#3763,#3764,#3765),.UNSPECIFIED.,.F.,.F.)
B_SPLINE_CURVE_WITH_KNOTS((3,3),(0.110197246758819,0.244792393936164),
 .UNSPECIFIED.)
CURVE()
GEOMETRIC_REPRESENTATION_ITEM()
RATIONAL_B_SPLINE_CURVE((1.00075929245074,1.0010030454812,1.00070950944594))
REPRESENTATION_ITEM('')
);
#117=ELLIPSE('',#2608,0.307891232336554,0.2999999999986);
#118=ELLIPSE('',#2611,221.086529826737,3.08685);
#119=ELLIPSE('',#2616,0.307891086554021,0.2999999999986);
#120=ELLIPSE('',#2617,0.307891232336554,0.2999999999986);
#121=ELLIPSE('',#2620,221.086529826737,3.08685);
#122=ELLIPSE('',#2621,221.086529826737,3.08685);
#123=ELLIPSE('',#2626,0.307891086554022,0.2999999999986);
#124=ELLIPSE('',#2627,0.307891232336555,0.2999999999986);
#125=ELLIPSE('',#2630,221.086529826737,3.08685);
#126=ELLIPSE('',#2631,221.086529826737,3.08685);
#127=ELLIPSE('',#2636,0.307891086554022,0.2999999999986);
#128=ELLIPSE('',#2639,221.086529826737,3.08685);
#129=ELLIPSE('',#2689,1.2369316876853,0.3);
#130=ELLIPSE('',#2690,1.2369316876853,0.3);
#131=ELLIPSE('',#2692,1.2369316876853,0.3);
#132=ELLIPSE('',#2693,1.2369316876853,0.3);
#133=ELLIPSE('',#2695,1.2369316876853,0.3);
#134=ELLIPSE('',#2696,1.2369316876853,0.3);
#135=ELLIPSE('',#2698,1.2369316876853,0.3);
#136=ELLIPSE('',#2699,1.2369316876853,0.3);
#137=ELLIPSE('',#2706,1.2369316876853,0.3);
#138=ELLIPSE('',#2707,1.2369316876853,0.3);
#139=ELLIPSE('',#2709,1.2369316876853,0.3);
#140=ELLIPSE('',#2710,1.2369316876853,0.3);
#141=ELLIPSE('',#2712,1.2369316876853,0.3);
#142=ELLIPSE('',#2713,1.2369316876853,0.3);
#143=ELLIPSE('',#2715,1.2369316876853,0.3);
#144=ELLIPSE('',#2716,1.2369316876853,0.3);
#145=ELLIPSE('',#2740,1.2369316876853,0.3);
#146=ELLIPSE('',#2741,1.2369316876853,0.3);
#147=ELLIPSE('',#2743,1.2369316876853,0.3);
#148=ELLIPSE('',#2744,1.2369316876853,0.3);
#149=ELLIPSE('',#2746,1.2369316876853,0.3);
#150=ELLIPSE('',#2747,1.2369316876853,0.3);
#151=ELLIPSE('',#2749,1.2369316876853,0.3);
#152=ELLIPSE('',#2750,1.2369316876853,0.3);
#153=ELLIPSE('',#2771,1.2369316876853,0.3);
#154=ELLIPSE('',#2772,1.2369316876853,0.3);
#155=ELLIPSE('',#2774,1.2369316876853,0.3);
#156=ELLIPSE('',#2775,1.2369316876853,0.3);
#157=ELLIPSE('',#2777,1.2369316876853,0.3);
#158=ELLIPSE('',#2778,1.2369316876853,0.3);
#159=ELLIPSE('',#2780,1.2369316876853,0.3);
#160=ELLIPSE('',#2781,1.2369316876853,0.3);
#161=ELLIPSE('',#2792,1.2369316876853,0.3);
#162=ELLIPSE('',#2793,1.2369316876853,0.3);
#163=ELLIPSE('',#2795,1.2369316876853,0.3);
#164=ELLIPSE('',#2796,1.2369316876853,0.3);
#165=ELLIPSE('',#2798,1.2369316876853,0.3);
#166=ELLIPSE('',#2799,1.2369316876853,0.3);
#167=ELLIPSE('',#2801,1.2369316876853,0.3);
#168=ELLIPSE('',#2802,1.2369316876853,0.3);
#169=ELLIPSE('',#2823,1.2369316876853,0.3);
#170=ELLIPSE('',#2824,1.2369316876853,0.3);
#171=ELLIPSE('',#2826,1.2369316876853,0.3);
#172=ELLIPSE('',#2827,1.2369316876853,0.3);
#173=ELLIPSE('',#2829,1.2369316876853,0.3);
#174=ELLIPSE('',#2830,1.2369316876853,0.3);
#175=ELLIPSE('',#2832,1.2369316876853,0.3);
#176=ELLIPSE('',#2833,1.2369316876853,0.3);
#177=CYLINDRICAL_SURFACE('',#2606,0.2999999999986);
#178=CYLINDRICAL_SURFACE('',#2615,0.2999999999986);
#179=CYLINDRICAL_SURFACE('',#2625,0.2999999999986);
#180=CYLINDRICAL_SURFACE('',#2634,0.2999999999986);
#181=CYLINDRICAL_SURFACE('',#2667,3.08685);
#182=CYLINDRICAL_SURFACE('',#2717,0.3);
#183=CYLINDRICAL_SURFACE('',#2718,0.3);
#184=CYLINDRICAL_SURFACE('',#2719,0.3);
#185=CYLINDRICAL_SURFACE('',#2720,0.3);
#186=CYLINDRICAL_SURFACE('',#2721,0.3);
#187=CYLINDRICAL_SURFACE('',#2722,0.3);
#188=CYLINDRICAL_SURFACE('',#2723,0.3);
#189=CYLINDRICAL_SURFACE('',#2724,0.3);
#190=CYLINDRICAL_SURFACE('',#2726,3.08685);
#191=CYLINDRICAL_SURFACE('',#2732,3.08685);
#192=CYLINDRICAL_SURFACE('',#2751,0.3);
#193=CYLINDRICAL_SURFACE('',#2752,0.3);
#194=CYLINDRICAL_SURFACE('',#2753,0.3);
#195=CYLINDRICAL_SURFACE('',#2754,0.3);
#196=CYLINDRICAL_SURFACE('',#2782,0.3);
#197=CYLINDRICAL_SURFACE('',#2783,0.3);
#198=CYLINDRICAL_SURFACE('',#2784,0.3);
#199=CYLINDRICAL_SURFACE('',#2785,0.3);
#200=CYLINDRICAL_SURFACE('',#2803,0.3);
#201=CYLINDRICAL_SURFACE('',#2804,0.3);
#202=CYLINDRICAL_SURFACE('',#2805,0.3);
#203=CYLINDRICAL_SURFACE('',#2806,0.3);
#204=CYLINDRICAL_SURFACE('',#2834,0.3);
#205=CYLINDRICAL_SURFACE('',#2835,0.3);
#206=CYLINDRICAL_SURFACE('',#2836,0.3);
#207=CYLINDRICAL_SURFACE('',#2837,0.3);
#208=FACE_OUTER_BOUND('',#344,.T.);
#209=FACE_OUTER_BOUND('',#345,.T.);
#210=FACE_OUTER_BOUND('',#346,.T.);
#211=FACE_OUTER_BOUND('',#347,.T.);
#212=FACE_OUTER_BOUND('',#348,.T.);
#213=FACE_OUTER_BOUND('',#349,.T.);
#214=FACE_OUTER_BOUND('',#350,.T.);
#215=FACE_OUTER_BOUND('',#351,.T.);
#216=FACE_OUTER_BOUND('',#352,.T.);
#217=FACE_OUTER_BOUND('',#353,.T.);
#218=FACE_OUTER_BOUND('',#354,.T.);
#219=FACE_OUTER_BOUND('',#355,.T.);
#220=FACE_OUTER_BOUND('',#356,.T.);
#221=FACE_OUTER_BOUND('',#357,.T.);
#222=FACE_OUTER_BOUND('',#358,.T.);
#223=FACE_OUTER_BOUND('',#359,.T.);
#224=FACE_OUTER_BOUND('',#360,.T.);
#225=FACE_OUTER_BOUND('',#361,.T.);
#226=FACE_OUTER_BOUND('',#362,.T.);
#227=FACE_OUTER_BOUND('',#363,.T.);
#228=FACE_OUTER_BOUND('',#364,.T.);
#229=FACE_OUTER_BOUND('',#365,.T.);
#230=FACE_OUTER_BOUND('',#366,.T.);
#231=FACE_OUTER_BOUND('',#367,.T.);
#232=FACE_OUTER_BOUND('',#368,.T.);
#233=FACE_OUTER_BOUND('',#372,.T.);
#234=FACE_OUTER_BOUND('',#373,.T.);
#235=FACE_OUTER_BOUND('',#374,.T.);
#236=FACE_OUTER_BOUND('',#375,.T.);
#237=FACE_OUTER_BOUND('',#376,.T.);
#238=FACE_OUTER_BOUND('',#380,.T.);
#239=FACE_OUTER_BOUND('',#381,.T.);
#240=FACE_OUTER_BOUND('',#382,.T.);
#241=FACE_OUTER_BOUND('',#383,.T.);
#242=FACE_OUTER_BOUND('',#384,.T.);
#243=FACE_OUTER_BOUND('',#385,.T.);
#244=FACE_OUTER_BOUND('',#386,.T.);
#245=FACE_OUTER_BOUND('',#387,.T.);
#246=FACE_OUTER_BOUND('',#388,.T.);
#247=FACE_OUTER_BOUND('',#389,.T.);
#248=FACE_OUTER_BOUND('',#390,.T.);
#249=FACE_OUTER_BOUND('',#391,.T.);
#250=FACE_OUTER_BOUND('',#392,.T.);
#251=FACE_OUTER_BOUND('',#393,.T.);
#252=FACE_OUTER_BOUND('',#395,.T.);
#253=FACE_OUTER_BOUND('',#396,.T.);
#254=FACE_OUTER_BOUND('',#397,.T.);
#255=FACE_OUTER_BOUND('',#398,.T.);
#256=FACE_OUTER_BOUND('',#399,.T.);
#257=FACE_OUTER_BOUND('',#400,.T.);
#258=FACE_OUTER_BOUND('',#401,.T.);
#259=FACE_OUTER_BOUND('',#402,.T.);
#260=FACE_OUTER_BOUND('',#403,.T.);
#261=FACE_OUTER_BOUND('',#404,.T.);
#262=FACE_OUTER_BOUND('',#405,.T.);
#263=FACE_OUTER_BOUND('',#406,.T.);
#264=FACE_OUTER_BOUND('',#407,.T.);
#265=FACE_OUTER_BOUND('',#408,.T.);
#266=FACE_OUTER_BOUND('',#409,.T.);
#267=FACE_OUTER_BOUND('',#410,.T.);
#268=FACE_OUTER_BOUND('',#411,.T.);
#269=FACE_OUTER_BOUND('',#412,.T.);
#270=FACE_OUTER_BOUND('',#413,.T.);
#271=FACE_OUTER_BOUND('',#414,.T.);
#272=FACE_OUTER_BOUND('',#415,.T.);
#273=FACE_OUTER_BOUND('',#416,.T.);
#274=FACE_OUTER_BOUND('',#417,.T.);
#275=FACE_OUTER_BOUND('',#418,.T.);
#276=FACE_OUTER_BOUND('',#419,.T.);
#277=FACE_OUTER_BOUND('',#420,.T.);
#278=FACE_OUTER_BOUND('',#421,.T.);
#279=FACE_OUTER_BOUND('',#422,.T.);
#280=FACE_OUTER_BOUND('',#423,.T.);
#281=FACE_OUTER_BOUND('',#424,.T.);
#282=FACE_OUTER_BOUND('',#425,.T.);
#283=FACE_OUTER_BOUND('',#426,.T.);
#284=FACE_OUTER_BOUND('',#427,.T.);
#285=FACE_OUTER_BOUND('',#428,.T.);
#286=FACE_OUTER_BOUND('',#429,.T.);
#287=FACE_OUTER_BOUND('',#430,.T.);
#288=FACE_OUTER_BOUND('',#431,.T.);
#289=FACE_OUTER_BOUND('',#432,.T.);
#290=FACE_OUTER_BOUND('',#433,.T.);
#291=FACE_OUTER_BOUND('',#434,.T.);
#292=FACE_OUTER_BOUND('',#435,.T.);
#293=FACE_OUTER_BOUND('',#436,.T.);
#294=FACE_OUTER_BOUND('',#437,.T.);
#295=FACE_OUTER_BOUND('',#438,.T.);
#296=FACE_OUTER_BOUND('',#439,.T.);
#297=FACE_OUTER_BOUND('',#440,.T.);
#298=FACE_OUTER_BOUND('',#441,.T.);
#299=FACE_OUTER_BOUND('',#442,.T.);
#300=FACE_OUTER_BOUND('',#444,.T.);
#301=FACE_OUTER_BOUND('',#445,.T.);
#302=FACE_OUTER_BOUND('',#446,.T.);
#303=FACE_OUTER_BOUND('',#447,.T.);
#304=FACE_OUTER_BOUND('',#448,.T.);
#305=FACE_OUTER_BOUND('',#449,.T.);
#306=FACE_OUTER_BOUND('',#450,.T.);
#307=FACE_OUTER_BOUND('',#451,.T.);
#308=FACE_OUTER_BOUND('',#452,.T.);
#309=FACE_OUTER_BOUND('',#453,.T.);
#310=FACE_OUTER_BOUND('',#454,.T.);
#311=FACE_OUTER_BOUND('',#455,.T.);
#312=FACE_OUTER_BOUND('',#456,.T.);
#313=FACE_OUTER_BOUND('',#457,.T.);
#314=FACE_OUTER_BOUND('',#458,.T.);
#315=FACE_OUTER_BOUND('',#459,.T.);
#316=FACE_OUTER_BOUND('',#460,.T.);
#317=FACE_OUTER_BOUND('',#461,.T.);
#318=FACE_OUTER_BOUND('',#462,.T.);
#319=FACE_OUTER_BOUND('',#463,.T.);
#320=FACE_OUTER_BOUND('',#464,.T.);
#321=FACE_OUTER_BOUND('',#465,.T.);
#322=FACE_OUTER_BOUND('',#466,.T.);
#323=FACE_OUTER_BOUND('',#467,.T.);
#324=FACE_OUTER_BOUND('',#468,.T.);
#325=FACE_OUTER_BOUND('',#469,.T.);
#326=FACE_OUTER_BOUND('',#470,.T.);
#327=FACE_OUTER_BOUND('',#471,.T.);
#328=FACE_OUTER_BOUND('',#472,.T.);
#329=FACE_OUTER_BOUND('',#474,.T.);
#330=FACE_OUTER_BOUND('',#475,.T.);
#331=FACE_OUTER_BOUND('',#476,.T.);
#332=FACE_OUTER_BOUND('',#477,.T.);
#333=FACE_OUTER_BOUND('',#478,.T.);
#334=FACE_OUTER_BOUND('',#479,.T.);
#335=FACE_OUTER_BOUND('',#480,.T.);
#336=FACE_OUTER_BOUND('',#481,.T.);
#337=FACE_OUTER_BOUND('',#482,.T.);
#338=FACE_OUTER_BOUND('',#483,.T.);
#339=FACE_OUTER_BOUND('',#484,.T.);
#340=FACE_OUTER_BOUND('',#485,.T.);
#341=FACE_OUTER_BOUND('',#486,.T.);
#342=FACE_OUTER_BOUND('',#487,.T.);
#343=FACE_OUTER_BOUND('',#488,.T.);
#344=EDGE_LOOP('',(#1625,#1626,#1627,#1628,#1629,#1630,#1631,#1632,#1633,
#1634));
#345=EDGE_LOOP('',(#1635,#1636,#1637,#1638));
#346=EDGE_LOOP('',(#1639,#1640,#1641,#1642));
#347=EDGE_LOOP('',(#1643,#1644,#1645,#1646));
#348=EDGE_LOOP('',(#1647,#1648,#1649,#1650));
#349=EDGE_LOOP('',(#1651,#1652,#1653,#1654,#1655));
#350=EDGE_LOOP('',(#1656,#1657,#1658,#1659));
#351=EDGE_LOOP('',(#1660,#1661,#1662,#1663));
#352=EDGE_LOOP('',(#1664,#1665,#1666,#1667));
#353=EDGE_LOOP('',(#1668,#1669,#1670,#1671));
#354=EDGE_LOOP('',(#1672,#1673,#1674,#1675));
#355=EDGE_LOOP('',(#1676,#1677,#1678,#1679,#1680,#1681));
#356=EDGE_LOOP('',(#1682,#1683,#1684,#1685));
#357=EDGE_LOOP('',(#1686,#1687,#1688,#1689));
#358=EDGE_LOOP('',(#1690,#1691,#1692,#1693));
#359=EDGE_LOOP('',(#1694,#1695,#1696,#1697));
#360=EDGE_LOOP('',(#1698,#1699,#1700,#1701));
#361=EDGE_LOOP('',(#1702,#1703,#1704,#1705,#1706,#1707));
#362=EDGE_LOOP('',(#1708,#1709,#1710,#1711));
#363=EDGE_LOOP('',(#1712,#1713,#1714,#1715));
#364=EDGE_LOOP('',(#1716,#1717,#1718,#1719));
#365=EDGE_LOOP('',(#1720,#1721,#1722,#1723));
#366=EDGE_LOOP('',(#1724,#1725,#1726,#1727,#1728));
#367=EDGE_LOOP('',(#1729,#1730,#1731,#1732));
#368=EDGE_LOOP('',(#1733,#1734,#1735,#1736,#1737,#1738,#1739,#1740,#1741,
#1742));
#369=EDGE_LOOP('',(#1743));
#370=EDGE_LOOP('',(#1744));
#371=EDGE_LOOP('',(#1745));
#372=EDGE_LOOP('',(#1746,#1747,#1748,#1749,#1750,#1751,#1752,#1753,#1754,
#1755));
#373=EDGE_LOOP('',(#1756,#1757,#1758,#1759));
#374=EDGE_LOOP('',(#1760,#1761,#1762,#1763));
#375=EDGE_LOOP('',(#1764,#1765,#1766,#1767));
#376=EDGE_LOOP('',(#1768,#1769,#1770,#1771));
#377=EDGE_LOOP('',(#1772,#1773,#1774,#1775,#1776,#1777,#1778,#1779));
#378=EDGE_LOOP('',(#1780,#1781,#1782,#1783,#1784,#1785,#1786,#1787));
#379=EDGE_LOOP('',(#1788,#1789,#1790,#1791,#1792,#1793,#1794,#1795));
#380=EDGE_LOOP('',(#1796,#1797,#1798,#1799,#1800,#1801,#1802,#1803,#1804,
#1805));
#381=EDGE_LOOP('',(#1806,#1807,#1808,#1809));
#382=EDGE_LOOP('',(#1810,#1811,#1812,#1813));
#383=EDGE_LOOP('',(#1814,#1815,#1816,#1817,#1818,#1819));
#384=EDGE_LOOP('',(#1820,#1821,#1822,#1823,#1824));
#385=EDGE_LOOP('',(#1825,#1826,#1827,#1828));
#386=EDGE_LOOP('',(#1829,#1830,#1831,#1832,#1833));
#387=EDGE_LOOP('',(#1834,#1835,#1836,#1837));
#388=EDGE_LOOP('',(#1838,#1839,#1840,#1841));
#389=EDGE_LOOP('',(#1842,#1843,#1844,#1845));
#390=EDGE_LOOP('',(#1846,#1847,#1848,#1849));
#391=EDGE_LOOP('',(#1850,#1851,#1852,#1853));
#392=EDGE_LOOP('',(#1854,#1855,#1856,#1857));
#393=EDGE_LOOP('',(#1858));
#394=EDGE_LOOP('',(#1859,#1860,#1861,#1862,#1863,#1864,#1865,#1866));
#395=EDGE_LOOP('',(#1867,#1868,#1869,#1870));
#396=EDGE_LOOP('',(#1871,#1872,#1873,#1874,#1875,#1876));
#397=EDGE_LOOP('',(#1877,#1878,#1879,#1880,#1881,#1882));
#398=EDGE_LOOP('',(#1883,#1884,#1885,#1886,#1887,#1888));
#399=EDGE_LOOP('',(#1889,#1890,#1891,#1892,#1893,#1894));
#400=EDGE_LOOP('',(#1895,#1896,#1897,#1898));
#401=EDGE_LOOP('',(#1899,#1900,#1901,#1902));
#402=EDGE_LOOP('',(#1903,#1904,#1905,#1906));
#403=EDGE_LOOP('',(#1907,#1908,#1909,#1910));
#404=EDGE_LOOP('',(#1911,#1912,#1913,#1914));
#405=EDGE_LOOP('',(#1915,#1916,#1917,#1918,#1919,#1920));
#406=EDGE_LOOP('',(#1921,#1922,#1923,#1924,#1925,#1926));
#407=EDGE_LOOP('',(#1927,#1928,#1929,#1930,#1931,#1932));
#408=EDGE_LOOP('',(#1933,#1934,#1935,#1936,#1937,#1938));
#409=EDGE_LOOP('',(#1939,#1940,#1941,#1942,#1943));
#410=EDGE_LOOP('',(#1944,#1945,#1946,#1947,#1948));
#411=EDGE_LOOP('',(#1949,#1950,#1951,#1952,#1953));
#412=EDGE_LOOP('',(#1954,#1955,#1956,#1957,#1958));
#413=EDGE_LOOP('',(#1959,#1960,#1961,#1962,#1963));
#414=EDGE_LOOP('',(#1964,#1965,#1966,#1967,#1968));
#415=EDGE_LOOP('',(#1969,#1970,#1971,#1972,#1973));
#416=EDGE_LOOP('',(#1974,#1975,#1976,#1977,#1978));
#417=EDGE_LOOP('',(#1979,#1980,#1981,#1982,#1983,#1984,#1985,#1986,#1987,
#1988,#1989,#1990,#1991,#1992));
#418=EDGE_LOOP('',(#1993,#1994,#1995,#1996));
#419=EDGE_LOOP('',(#1997,#1998,#1999,#2000,#2001,#2002));
#420=EDGE_LOOP('',(#2003,#2004,#2005,#2006));
#421=EDGE_LOOP('',(#2007,#2008,#2009,#2010,#2011));
#422=EDGE_LOOP('',(#2012,#2013,#2014,#2015,#2016));
#423=EDGE_LOOP('',(#2017,#2018,#2019,#2020));
#424=EDGE_LOOP('',(#2021,#2022,#2023,#2024,#2025,#2026));
#425=EDGE_LOOP('',(#2027,#2028,#2029,#2030));
#426=EDGE_LOOP('',(#2031,#2032,#2033,#2034,#2035));
#427=EDGE_LOOP('',(#2036,#2037,#2038,#2039,#2040));
#428=EDGE_LOOP('',(#2041,#2042,#2043,#2044));
#429=EDGE_LOOP('',(#2045,#2046,#2047,#2048,#2049,#2050));
#430=EDGE_LOOP('',(#2051,#2052,#2053,#2054,#2055,#2056));
#431=EDGE_LOOP('',(#2057,#2058,#2059,#2060,#2061,#2062));
#432=EDGE_LOOP('',(#2063,#2064,#2065,#2066,#2067,#2068));
#433=EDGE_LOOP('',(#2069,#2070,#2071,#2072,#2073));
#434=EDGE_LOOP('',(#2074,#2075,#2076,#2077,#2078));
#435=EDGE_LOOP('',(#2079,#2080,#2081,#2082,#2083));
#436=EDGE_LOOP('',(#2084,#2085,#2086,#2087,#2088));
#437=EDGE_LOOP('',(#2089,#2090,#2091,#2092));
#438=EDGE_LOOP('',(#2093,#2094,#2095,#2096));
#439=EDGE_LOOP('',(#2097,#2098,#2099,#2100));
#440=EDGE_LOOP('',(#2101,#2102,#2103,#2104));
#441=EDGE_LOOP('',(#2105,#2106,#2107,#2108));
#442=EDGE_LOOP('',(#2109));
#443=EDGE_LOOP('',(#2110,#2111,#2112,#2113,#2114,#2115,#2116,#2117));
#444=EDGE_LOOP('',(#2118,#2119,#2120,#2121));
#445=EDGE_LOOP('',(#2122,#2123,#2124,#2125));
#446=EDGE_LOOP('',(#2126,#2127,#2128,#2129,#2130,#2131));
#447=EDGE_LOOP('',(#2132,#2133,#2134,#2135,#2136,#2137));
#448=EDGE_LOOP('',(#2138,#2139,#2140,#2141,#2142,#2143));
#449=EDGE_LOOP('',(#2144,#2145,#2146,#2147,#2148,#2149));
#450=EDGE_LOOP('',(#2150,#2151,#2152,#2153,#2154));
#451=EDGE_LOOP('',(#2155,#2156,#2157,#2158,#2159));
#452=EDGE_LOOP('',(#2160,#2161,#2162,#2163,#2164));
#453=EDGE_LOOP('',(#2165,#2166,#2167,#2168,#2169));
#454=EDGE_LOOP('',(#2170,#2171,#2172,#2173));
#455=EDGE_LOOP('',(#2174,#2175,#2176,#2177));
#456=EDGE_LOOP('',(#2178,#2179,#2180,#2181));
#457=EDGE_LOOP('',(#2182,#2183,#2184,#2185));
#458=EDGE_LOOP('',(#2186,#2187,#2188,#2189));
#459=EDGE_LOOP('',(#2190,#2191,#2192,#2193,#2194,#2195));
#460=EDGE_LOOP('',(#2196,#2197,#2198,#2199,#2200,#2201));
#461=EDGE_LOOP('',(#2202,#2203,#2204,#2205,#2206,#2207));
#462=EDGE_LOOP('',(#2208,#2209,#2210,#2211,#2212,#2213));
#463=EDGE_LOOP('',(#2214,#2215,#2216,#2217,#2218));
#464=EDGE_LOOP('',(#2219,#2220,#2221,#2222,#2223));
#465=EDGE_LOOP('',(#2224,#2225,#2226,#2227,#2228));
#466=EDGE_LOOP('',(#2229,#2230,#2231,#2232,#2233));
#467=EDGE_LOOP('',(#2234,#2235,#2236,#2237));
#468=EDGE_LOOP('',(#2238,#2239,#2240,#2241));
#469=EDGE_LOOP('',(#2242,#2243,#2244,#2245));
#470=EDGE_LOOP('',(#2246,#2247,#2248,#2249));
#471=EDGE_LOOP('',(#2250,#2251,#2252,#2253));
#472=EDGE_LOOP('',(#2254));
#473=EDGE_LOOP('',(#2255,#2256,#2257,#2258,#2259,#2260,#2261,#2262));
#474=EDGE_LOOP('',(#2263,#2264,#2265,#2266));
#475=EDGE_LOOP('',(#2267,#2268,#2269,#2270));
#476=EDGE_LOOP('',(#2271,#2272,#2273,#2274,#2275,#2276));
#477=EDGE_LOOP('',(#2277,#2278,#2279,#2280,#2281,#2282));
#478=EDGE_LOOP('',(#2283,#2284,#2285,#2286,#2287,#2288));
#479=EDGE_LOOP('',(#2289,#2290,#2291,#2292,#2293,#2294));
#480=EDGE_LOOP('',(#2295,#2296,#2297,#2298,#2299));
#481=EDGE_LOOP('',(#2300,#2301,#2302,#2303,#2304));
#482=EDGE_LOOP('',(#2305,#2306,#2307,#2308,#2309));
#483=EDGE_LOOP('',(#2310,#2311,#2312,#2313,#2314));
#484=EDGE_LOOP('',(#2315,#2316,#2317,#2318));
#485=EDGE_LOOP('',(#2319,#2320,#2321,#2322));
#486=EDGE_LOOP('',(#2323,#2324,#2325,#2326));
#487=EDGE_LOOP('',(#2327,#2328,#2329,#2330));
#488=EDGE_LOOP('',(#2331,#2332,#2333,#2334,#2335,#2336,#2337,#2338,#2339,
#2340,#2341,#2342,#2343,#2344));
#489=CIRCLE('',#2601,3.43518395016046);
#490=CIRCLE('',#2602,3.43518395016046);
#491=CIRCLE('',#2603,3.43518395016046);
#492=CIRCLE('',#2607,0.2999999999986);
#493=CIRCLE('',#2635,0.2999999999986);
#494=CIRCLE('',#2642,3.08685);
#495=CIRCLE('',#2643,3.08685);
#496=CIRCLE('',#2644,3.08685);
#497=CIRCLE('',#2645,1.38142310588303);
#498=CIRCLE('',#2646,1.38142310588303);
#499=CIRCLE('',#2647,1.38142310588303);
#500=CIRCLE('',#2653,0.3);
#501=CIRCLE('',#2654,0.3);
#502=CIRCLE('',#2655,0.3);
#503=CIRCLE('',#2656,0.3);
#504=CIRCLE('',#2657,0.3);
#505=CIRCLE('',#2658,0.3);
#506=CIRCLE('',#2659,0.3);
#507=CIRCLE('',#2660,0.3);
#508=CIRCLE('',#2661,0.3);
#509=CIRCLE('',#2662,0.3);
#510=CIRCLE('',#2663,0.3);
#511=CIRCLE('',#2664,0.3);
#512=CIRCLE('',#2668,3.08685);
#513=CIRCLE('',#2679,1.35765013621616);
#514=CIRCLE('',#2681,1.0577529387235);
#515=CIRCLE('',#2682,0.3);
#516=CIRCLE('',#2683,0.3);
#517=CIRCLE('',#2684,0.3);
#518=CIRCLE('',#2685,0.3);
#519=CIRCLE('',#2687,0.3);
#520=CIRCLE('',#2727,3.08685);
#521=CIRCLE('',#2733,3.08685);
#522=CIRCLE('',#2760,1.35765013621616);
#523=CIRCLE('',#2762,1.0577529387235);
#524=CIRCLE('',#2763,0.3);
#525=CIRCLE('',#2764,0.3);
#526=CIRCLE('',#2765,0.3);
#527=CIRCLE('',#2766,0.3);
#528=CIRCLE('',#2768,0.3);
#529=CIRCLE('',#2812,1.35765013621616);
#530=CIRCLE('',#2814,1.0577529387235);
#531=CIRCLE('',#2815,0.3);
#532=CIRCLE('',#2816,0.3);
#533=CIRCLE('',#2817,0.3);
#534=CIRCLE('',#2818,0.3);
#535=CIRCLE('',#2820,0.3);
#536=LINE('',#3582,#783);
#537=LINE('',#3584,#784);
#538=LINE('',#3586,#785);
#539=LINE('',#3588,#786);
#540=LINE('',#3592,#787);
#541=LINE('',#3596,#788);
#542=LINE('',#3599,#789);
#543=LINE('',#3603,#790);
#544=LINE('',#3605,#791);
#545=LINE('',#3607,#792);
#546=LINE('',#3608,#793);
#547=LINE('',#3612,#794);
#548=LINE('',#3614,#795);
#549=LINE('',#3616,#796);
#550=LINE('',#3617,#797);
#551=LINE('',#3622,#798);
#552=LINE('',#3627,#799);
#553=LINE('',#3628,#800);
#554=LINE('',#3635,#801);
#555=LINE('',#3636,#802);
#556=LINE('',#3638,#803);
#557=LINE('',#3641,#804);
#558=LINE('',#3642,#805);
#559=LINE('',#3646,#806);
#560=LINE('',#3648,#807);
#561=LINE('',#3650,#808);
#562=LINE('',#3651,#809);
#563=LINE('',#3655,#810);
#564=LINE('',#3657,#811);
#565=LINE('',#3659,#812);
#566=LINE('',#3660,#813);
#567=LINE('',#3665,#814);
#568=LINE('',#3670,#815);
#569=LINE('',#3681,#816);
#570=LINE('',#3683,#817);
#571=LINE('',#3686,#818);
#572=LINE('',#3688,#819);
#573=LINE('',#3689,#820);
#574=LINE('',#3693,#821);
#575=LINE('',#3695,#822);
#576=LINE('',#3697,#823);
#577=LINE('',#3698,#824);
#578=LINE('',#3702,#825);
#579=LINE('',#3704,#826);
#580=LINE('',#3706,#827);
#581=LINE('',#3707,#828);
#582=LINE('',#3712,#829);
#583=LINE('',#3717,#830);
#584=LINE('',#3728,#831);
#585=LINE('',#3730,#832);
#586=LINE('',#3733,#833);
#587=LINE('',#3737,#834);
#588=LINE('',#3739,#835);
#589=LINE('',#3741,#836);
#590=LINE('',#3742,#837);
#591=LINE('',#3746,#838);
#592=LINE('',#3748,#839);
#593=LINE('',#3750,#840);
#594=LINE('',#3751,#841);
#595=LINE('',#3755,#842);
#596=LINE('',#3760,#843);
#597=LINE('',#3762,#844);
#598=LINE('',#3768,#845);
#599=LINE('',#3770,#846);
#600=LINE('',#3773,#847);
#601=LINE('',#3776,#848);
#602=LINE('',#3778,#849);
#603=LINE('',#3779,#850);
#604=LINE('',#3782,#851);
#605=LINE('',#3787,#852);
#606=LINE('',#3788,#853);
#607=LINE('',#3798,#854);
#608=LINE('',#3799,#855);
#609=LINE('',#3800,#856);
#610=LINE('',#3801,#857);
#611=LINE('',#3802,#858);
#612=LINE('',#3803,#859);
#613=LINE('',#3807,#860);
#614=LINE('',#3808,#861);
#615=LINE('',#3809,#862);
#616=LINE('',#3813,#863);
#617=LINE('',#3814,#864);
#618=LINE('',#3815,#865);
#619=LINE('',#3817,#866);
#620=LINE('',#3818,#867);
#621=LINE('',#3820,#868);
#622=LINE('',#3821,#869);
#623=LINE('',#3824,#870);
#624=LINE('',#3828,#871);
#625=LINE('',#3832,#872);
#626=LINE('',#3836,#873);
#627=LINE('',#3840,#874);
#628=LINE('',#3844,#875);
#629=LINE('',#3848,#876);
#630=LINE('',#3852,#877);
#631=LINE('',#3856,#878);
#632=LINE('',#3860,#879);
#633=LINE('',#3864,#880);
#634=LINE('',#3868,#881);
#635=LINE('',#3871,#882);
#636=LINE('',#3872,#883);
#637=LINE('',#3873,#884);
#638=LINE('',#3874,#885);
#639=LINE('',#3875,#886);
#640=LINE('',#3877,#887);
#641=LINE('',#3878,#888);
#642=LINE('',#3883,#889);
#643=LINE('',#3885,#890);
#644=LINE('',#3890,#891);
#645=LINE('',#3892,#892);
#646=LINE('',#3894,#893);
#647=LINE('',#3895,#894);
#648=LINE('',#3898,#895);
#649=LINE('',#3900,#896);
#650=LINE('',#3901,#897);
#651=LINE('',#3905,#898);
#652=LINE('',#3906,#899);
#653=LINE('',#3907,#900);
#654=LINE('',#3910,#901);
#655=LINE('',#3912,#902);
#656=LINE('',#3913,#903);
#657=LINE('',#3917,#904);
#658=LINE('',#3918,#905);
#659=LINE('',#3919,#906);
#660=LINE('',#3922,#907);
#661=LINE('',#3929,#908);
#662=LINE('',#3933,#909);
#663=LINE('',#3937,#910);
#664=LINE('',#3941,#911);
#665=LINE('',#3948,#912);
#666=LINE('',#3952,#913);
#667=LINE('',#3954,#914);
#668=LINE('',#3956,#915);
#669=LINE('',#3961,#916);
#670=LINE('',#3965,#917);
#671=LINE('',#3967,#918);
#672=LINE('',#3971,#919);
#673=LINE('',#3975,#920);
#674=LINE('',#3976,#921);
#675=LINE('',#3982,#922);
#676=LINE('',#3984,#923);
#677=LINE('',#3987,#924);
#678=LINE('',#3988,#925);
#679=LINE('',#3990,#926);
#680=LINE('',#3991,#927);
#681=LINE('',#3993,#928);
#682=LINE('',#3994,#929);
#683=LINE('',#3996,#930);
#684=LINE('',#3997,#931);
#685=LINE('',#4001,#932);
#686=LINE('',#4003,#933);
#687=LINE('',#4009,#934);
#688=LINE('',#4012,#935);
#689=LINE('',#4031,#936);
#690=LINE('',#4032,#937);
#691=LINE('',#4039,#938);
#692=LINE('',#4040,#939);
#693=LINE('',#4046,#940);
#694=LINE('',#4048,#941);
#695=LINE('',#4050,#942);
#696=LINE('',#4051,#943);
#697=LINE('',#4055,#944);
#698=LINE('',#4058,#945);
#699=LINE('',#4060,#946);
#700=LINE('',#4066,#947);
#701=LINE('',#4069,#948);
#702=LINE('',#4074,#949);
#703=LINE('',#4077,#950);
#704=LINE('',#4081,#951);
#705=LINE('',#4085,#952);
#706=LINE('',#4086,#953);
#707=LINE('',#4088,#954);
#708=LINE('',#4089,#955);
#709=LINE('',#4091,#956);
#710=LINE('',#4092,#957);
#711=LINE('',#4094,#958);
#712=LINE('',#4095,#959);
#713=LINE('',#4102,#960);
#714=LINE('',#4111,#961);
#715=LINE('',#4115,#962);
#716=LINE('',#4119,#963);
#717=LINE('',#4122,#964);
#718=LINE('',#4128,#965);
#719=LINE('',#4130,#966);
#720=LINE('',#4132,#967);
#721=LINE('',#4133,#968);
#722=LINE('',#4136,#969);
#723=LINE('',#4140,#970);
#724=LINE('',#4143,#971);
#725=LINE('',#4147,#972);
#726=LINE('',#4150,#973);
#727=LINE('',#4156,#974);
#728=LINE('',#4159,#975);
#729=LINE('',#4163,#976);
#730=LINE('',#4167,#977);
#731=LINE('',#4168,#978);
#732=LINE('',#4170,#979);
#733=LINE('',#4171,#980);
#734=LINE('',#4173,#981);
#735=LINE('',#4174,#982);
#736=LINE('',#4176,#983);
#737=LINE('',#4177,#984);
#738=LINE('',#4185,#985);
#739=LINE('',#4187,#986);
#740=LINE('',#4189,#987);
#741=LINE('',#4190,#988);
#742=LINE('',#4194,#989);
#743=LINE('',#4197,#990);
#744=LINE('',#4199,#991);
#745=LINE('',#4205,#992);
#746=LINE('',#4208,#993);
#747=LINE('',#4213,#994);
#748=LINE('',#4216,#995);
#749=LINE('',#4220,#996);
#750=LINE('',#4224,#997);
#751=LINE('',#4225,#998);
#752=LINE('',#4227,#999);
#753=LINE('',#4228,#1000);
#754=LINE('',#4230,#1001);
#755=LINE('',#4231,#1002);
#756=LINE('',#4233,#1003);
#757=LINE('',#4234,#1004);
#758=LINE('',#4241,#1005);
#759=LINE('',#4250,#1006);
#760=LINE('',#4254,#1007);
#761=LINE('',#4258,#1008);
#762=LINE('',#4261,#1009);
#763=LINE('',#4267,#1010);
#764=LINE('',#4269,#1011);
#765=LINE('',#4271,#1012);
#766=LINE('',#4272,#1013);
#767=LINE('',#4275,#1014);
#768=LINE('',#4279,#1015);
#769=LINE('',#4282,#1016);
#770=LINE('',#4286,#1017);
#771=LINE('',#4289,#1018);
#772=LINE('',#4295,#1019);
#773=LINE('',#4298,#1020);
#774=LINE('',#4302,#1021);
#775=LINE('',#4306,#1022);
#776=LINE('',#4307,#1023);
#777=LINE('',#4309,#1024);
#778=LINE('',#4310,#1025);
#779=LINE('',#4312,#1026);
#780=LINE('',#4313,#1027);
#781=LINE('',#4315,#1028);
#782=LINE('',#4316,#1029);
#783=VECTOR('',#2847,1.);
#784=VECTOR('',#2848,1.);
#785=VECTOR('',#2849,1.);
#786=VECTOR('',#2850,1.);
#787=VECTOR('',#2853,1.);
#788=VECTOR('',#2856,1.);
#789=VECTOR('',#2859,1.);
#790=VECTOR('',#2862,1.);
#791=VECTOR('',#2863,1.);
#792=VECTOR('',#2864,1.);
#793=VECTOR('',#2865,1.);
#794=VECTOR('',#2868,1.);
#795=VECTOR('',#2869,1.);
#796=VECTOR('',#2870,1.);
#797=VECTOR('',#2871,1.);
#798=VECTOR('',#2876,1.);
#799=VECTOR('',#2881,1.);
#800=VECTOR('',#2882,1.);
#801=VECTOR('',#2885,1.);
#802=VECTOR('',#2886,1.);
#803=VECTOR('',#2887,1.);
#804=VECTOR('',#2892,1.);
#805=VECTOR('',#2893,1.);
#806=VECTOR('',#2896,1.);
#807=VECTOR('',#2897,1.);
#808=VECTOR('',#2898,1.);
#809=VECTOR('',#2899,1.);
#810=VECTOR('',#2902,1.);
#811=VECTOR('',#2903,1.);
#812=VECTOR('',#2904,1.);
#813=VECTOR('',#2905,1.);
#814=VECTOR('',#2910,1.);
#815=VECTOR('',#2915,1.);
#816=VECTOR('',#2920,1.);
#817=VECTOR('',#2921,1.);
#818=VECTOR('',#2924,1.);
#819=VECTOR('',#2927,1.);
#820=VECTOR('',#2928,1.);
#821=VECTOR('',#2931,1.);
#822=VECTOR('',#2932,1.);
#823=VECTOR('',#2933,1.);
#824=VECTOR('',#2934,1.);
#825=VECTOR('',#2937,10.);
#826=VECTOR('',#2938,1.);
#827=VECTOR('',#2939,1.);
#828=VECTOR('',#2940,0.999999999999999);
#829=VECTOR('',#2945,1.);
#830=VECTOR('',#2950,1.);
#831=VECTOR('',#2955,1.);
#832=VECTOR('',#2956,1.);
#833=VECTOR('',#2959,1.);
#834=VECTOR('',#2962,1.);
#835=VECTOR('',#2963,1.);
#836=VECTOR('',#2964,1.);
#837=VECTOR('',#2965,1.);
#838=VECTOR('',#2968,1.);
#839=VECTOR('',#2969,10.);
#840=VECTOR('',#2970,1.);
#841=VECTOR('',#2971,1.);
#842=VECTOR('',#2974,1.);
#843=VECTOR('',#2981,1.);
#844=VECTOR('',#2982,1.);
#845=VECTOR('',#2985,1.);
#846=VECTOR('',#2986,1.);
#847=VECTOR('',#2989,1.);
#848=VECTOR('',#2992,1.);
#849=VECTOR('',#2993,1.);
#850=VECTOR('',#2994,1.);
#851=VECTOR('',#2997,1.);
#852=VECTOR('',#3004,1.);
#853=VECTOR('',#3005,1.);
#854=VECTOR('',#3014,1.);
#855=VECTOR('',#3015,1.);
#856=VECTOR('',#3016,1.);
#857=VECTOR('',#3017,1.);
#858=VECTOR('',#3018,1.);
#859=VECTOR('',#3019,1.);
#860=VECTOR('',#3022,1.);
#861=VECTOR('',#3023,1.);
#862=VECTOR('',#3024,1.);
#863=VECTOR('',#3027,1.);
#864=VECTOR('',#3028,1.);
#865=VECTOR('',#3029,1.);
#866=VECTOR('',#3032,1.);
#867=VECTOR('',#3033,1.);
#868=VECTOR('',#3036,1.);
#869=VECTOR('',#3037,1.);
#870=VECTOR('',#3038,1.);
#871=VECTOR('',#3041,1.);
#872=VECTOR('',#3044,1.);
#873=VECTOR('',#3047,1.);
#874=VECTOR('',#3050,1.);
#875=VECTOR('',#3053,1.);
#876=VECTOR('',#3056,1.);
#877=VECTOR('',#3059,1.);
#878=VECTOR('',#3062,1.);
#879=VECTOR('',#3065,1.);
#880=VECTOR('',#3068,1.);
#881=VECTOR('',#3071,1.);
#882=VECTOR('',#3076,1.);
#883=VECTOR('',#3077,1.);
#884=VECTOR('',#3078,1.);
#885=VECTOR('',#3079,1.);
#886=VECTOR('',#3080,1.);
#887=VECTOR('',#3083,1.);
#888=VECTOR('',#3084,1.);
#889=VECTOR('',#3093,1.);
#890=VECTOR('',#3096,1.);
#891=VECTOR('',#3101,1.);
#892=VECTOR('',#3102,1.);
#893=VECTOR('',#3103,1.);
#894=VECTOR('',#3104,1.);
#895=VECTOR('',#3107,1.);
#896=VECTOR('',#3108,1.);
#897=VECTOR('',#3109,1.);
#898=VECTOR('',#3112,1.);
#899=VECTOR('',#3113,1.);
#900=VECTOR('',#3114,1.);
#901=VECTOR('',#3117,1.);
#902=VECTOR('',#3118,1.);
#903=VECTOR('',#3119,1.);
#904=VECTOR('',#3122,1.);
#905=VECTOR('',#3123,1.);
#906=VECTOR('',#3124,1.);
#907=VECTOR('',#3127,1.35);
#908=VECTOR('',#3134,1.);
#909=VECTOR('',#3137,1.);
#910=VECTOR('',#3140,1.);
#911=VECTOR('',#3143,1.);
#912=VECTOR('',#3152,1.);
#913=VECTOR('',#3155,1.);
#914=VECTOR('',#3156,1.);
#915=VECTOR('',#3157,1.);
#916=VECTOR('',#3162,1.);
#917=VECTOR('',#3165,1.);
#918=VECTOR('',#3168,1.);
#919=VECTOR('',#3171,1.);
#920=VECTOR('',#3174,1.);
#921=VECTOR('',#3175,1.);
#922=VECTOR('',#3182,1.);
#923=VECTOR('',#3185,1.);
#924=VECTOR('',#3190,1.);
#925=VECTOR('',#3191,1.);
#926=VECTOR('',#3194,1.);
#927=VECTOR('',#3195,1.);
#928=VECTOR('',#3198,1.);
#929=VECTOR('',#3199,1.);
#930=VECTOR('',#3202,1.);
#931=VECTOR('',#3203,1.);
#932=VECTOR('',#3208,1.);
#933=VECTOR('',#3209,1.);
#934=VECTOR('',#3218,1.);
#935=VECTOR('',#3221,1.);
#936=VECTOR('',#3258,1.);
#937=VECTOR('',#3259,1.);
#938=VECTOR('',#3272,1.);
#939=VECTOR('',#3273,1.);
#940=VECTOR('',#3280,1.);
#941=VECTOR('',#3281,1.);
#942=VECTOR('',#3282,1.);
#943=VECTOR('',#3283,1.);
#944=VECTOR('',#3286,1.);
#945=VECTOR('',#3289,1.);
#946=VECTOR('',#3290,1.);
#947=VECTOR('',#3297,1.);
#948=VECTOR('',#3300,1.);
#949=VECTOR('',#3305,1.);
#950=VECTOR('',#3308,1.);
#951=VECTOR('',#3311,1.);
#952=VECTOR('',#3318,1.);
#953=VECTOR('',#3319,1.);
#954=VECTOR('',#3322,1.);
#955=VECTOR('',#3323,1.);
#956=VECTOR('',#3326,1.);
#957=VECTOR('',#3327,1.);
#958=VECTOR('',#3330,1.);
#959=VECTOR('',#3331,1.);
#960=VECTOR('',#3342,1.35);
#961=VECTOR('',#3351,1.);
#962=VECTOR('',#3354,1.);
#963=VECTOR('',#3357,1.);
#964=VECTOR('',#3360,1.);
#965=VECTOR('',#3367,1.);
#966=VECTOR('',#3368,1.);
#967=VECTOR('',#3369,1.);
#968=VECTOR('',#3370,1.);
#969=VECTOR('',#3373,1.);
#970=VECTOR('',#3376,1.);
#971=VECTOR('',#3379,1.);
#972=VECTOR('',#3382,1.);
#973=VECTOR('',#3385,1.);
#974=VECTOR('',#3392,1.);
#975=VECTOR('',#3395,1.);
#976=VECTOR('',#3398,1.);
#977=VECTOR('',#3405,1.);
#978=VECTOR('',#3406,1.);
#979=VECTOR('',#3409,1.);
#980=VECTOR('',#3410,1.);
#981=VECTOR('',#3413,1.);
#982=VECTOR('',#3414,1.);
#983=VECTOR('',#3417,1.);
#984=VECTOR('',#3418,1.);
#985=VECTOR('',#3429,1.);
#986=VECTOR('',#3430,1.);
#987=VECTOR('',#3431,1.);
#988=VECTOR('',#3432,1.);
#989=VECTOR('',#3435,1.);
#990=VECTOR('',#3438,1.);
#991=VECTOR('',#3439,1.);
#992=VECTOR('',#3446,1.);
#993=VECTOR('',#3449,1.);
#994=VECTOR('',#3454,1.);
#995=VECTOR('',#3457,1.);
#996=VECTOR('',#3460,1.);
#997=VECTOR('',#3467,1.);
#998=VECTOR('',#3468,1.);
#999=VECTOR('',#3471,1.);
#1000=VECTOR('',#3472,1.);
#1001=VECTOR('',#3475,1.);
#1002=VECTOR('',#3476,1.);
#1003=VECTOR('',#3479,1.);
#1004=VECTOR('',#3480,1.);
#1005=VECTOR('',#3491,1.35);
#1006=VECTOR('',#3500,1.);
#1007=VECTOR('',#3503,1.);
#1008=VECTOR('',#3506,1.);
#1009=VECTOR('',#3509,1.);
#1010=VECTOR('',#3516,1.);
#1011=VECTOR('',#3517,1.);
#1012=VECTOR('',#3518,1.);
#1013=VECTOR('',#3519,1.);
#1014=VECTOR('',#3522,1.);
#1015=VECTOR('',#3525,1.);
#1016=VECTOR('',#3528,1.);
#1017=VECTOR('',#3531,1.);
#1018=VECTOR('',#3534,1.);
#1019=VECTOR('',#3541,1.);
#1020=VECTOR('',#3544,1.);
#1021=VECTOR('',#3547,1.);
#1022=VECTOR('',#3554,1.);
#1023=VECTOR('',#3555,1.);
#1024=VECTOR('',#3558,1.);
#1025=VECTOR('',#3559,1.);
#1026=VECTOR('',#3562,1.);
#1027=VECTOR('',#3563,1.);
#1028=VECTOR('',#3566,1.);
#1029=VECTOR('',#3567,1.);
#1030=VERTEX_POINT('',#3580);
#1031=VERTEX_POINT('',#3581);
#1032=VERTEX_POINT('',#3583);
#1033=VERTEX_POINT('',#3585);
#1034=VERTEX_POINT('',#3587);
#1035=VERTEX_POINT('',#3589);
#1036=VERTEX_POINT('',#3591);
#1037=VERTEX_POINT('',#3593);
#1038=VERTEX_POINT('',#3595);
#1039=VERTEX_POINT('',#3597);
#1040=VERTEX_POINT('',#3601);
#1041=VERTEX_POINT('',#3602);
#1042=VERTEX_POINT('',#3604);
#1043=VERTEX_POINT('',#3606);
#1044=VERTEX_POINT('',#3610);
#1045=VERTEX_POINT('',#3611);
#1046=VERTEX_POINT('',#3613);
#1047=VERTEX_POINT('',#3615);
#1048=VERTEX_POINT('',#3619);
#1049=VERTEX_POINT('',#3621);
#1050=VERTEX_POINT('',#3625);
#1051=VERTEX_POINT('',#3626);
#1052=VERTEX_POINT('',#3633);
#1053=VERTEX_POINT('',#3634);
#1054=VERTEX_POINT('',#3637);
#1055=VERTEX_POINT('',#3644);
#1056=VERTEX_POINT('',#3645);
#1057=VERTEX_POINT('',#3647);
#1058=VERTEX_POINT('',#3649);
#1059=VERTEX_POINT('',#3653);
#1060=VERTEX_POINT('',#3654);
#1061=VERTEX_POINT('',#3656);
#1062=VERTEX_POINT('',#3658);
#1063=VERTEX_POINT('',#3662);
#1064=VERTEX_POINT('',#3664);
#1065=VERTEX_POINT('',#3668);
#1066=VERTEX_POINT('',#3669);
#1067=VERTEX_POINT('',#3678);
#1068=VERTEX_POINT('',#3679);
#1069=VERTEX_POINT('',#3682);
#1070=VERTEX_POINT('',#3684);
#1071=VERTEX_POINT('',#3691);
#1072=VERTEX_POINT('',#3692);
#1073=VERTEX_POINT('',#3694);
#1074=VERTEX_POINT('',#3696);
#1075=VERTEX_POINT('',#3700);
#1076=VERTEX_POINT('',#3701);
#1077=VERTEX_POINT('',#3703);
#1078=VERTEX_POINT('',#3705);
#1079=VERTEX_POINT('',#3709);
#1080=VERTEX_POINT('',#3711);
#1081=VERTEX_POINT('',#3715);
#1082=VERTEX_POINT('',#3716);
#1083=VERTEX_POINT('',#3725);
#1084=VERTEX_POINT('',#3726);
#1085=VERTEX_POINT('',#3729);
#1086=VERTEX_POINT('',#3731);
#1087=VERTEX_POINT('',#3735);
#1088=VERTEX_POINT('',#3736);
#1089=VERTEX_POINT('',#3738);
#1090=VERTEX_POINT('',#3740);
#1091=VERTEX_POINT('',#3744);
#1092=VERTEX_POINT('',#3745);
#1093=VERTEX_POINT('',#3747);
#1094=VERTEX_POINT('',#3749);
#1095=VERTEX_POINT('',#3753);
#1096=VERTEX_POINT('',#3754);
#1097=VERTEX_POINT('',#3759);
#1098=VERTEX_POINT('',#3761);
#1099=VERTEX_POINT('',#3767);
#1100=VERTEX_POINT('',#3769);
#1101=VERTEX_POINT('',#3771);
#1102=VERTEX_POINT('',#3775);
#1103=VERTEX_POINT('',#3777);
#1104=VERTEX_POINT('',#3781);
#1105=VERTEX_POINT('',#3786);
#1106=VERTEX_POINT('',#3789);
#1107=VERTEX_POINT('',#3791);
#1108=VERTEX_POINT('',#3793);
#1109=VERTEX_POINT('',#3796);
#1110=VERTEX_POINT('',#3797);
#1111=VERTEX_POINT('',#3805);
#1112=VERTEX_POINT('',#3806);
#1113=VERTEX_POINT('',#3811);
#1114=VERTEX_POINT('',#3812);
#1115=VERTEX_POINT('',#3822);
#1116=VERTEX_POINT('',#3823);
#1117=VERTEX_POINT('',#3825);
#1118=VERTEX_POINT('',#3827);
#1119=VERTEX_POINT('',#3829);
#1120=VERTEX_POINT('',#3831);
#1121=VERTEX_POINT('',#3833);
#1122=VERTEX_POINT('',#3835);
#1123=VERTEX_POINT('',#3838);
#1124=VERTEX_POINT('',#3839);
#1125=VERTEX_POINT('',#3841);
#1126=VERTEX_POINT('',#3843);
#1127=VERTEX_POINT('',#3845);
#1128=VERTEX_POINT('',#3847);
#1129=VERTEX_POINT('',#3849);
#1130=VERTEX_POINT('',#3851);
#1131=VERTEX_POINT('',#3854);
#1132=VERTEX_POINT('',#3855);
#1133=VERTEX_POINT('',#3857);
#1134=VERTEX_POINT('',#3859);
#1135=VERTEX_POINT('',#3861);
#1136=VERTEX_POINT('',#3863);
#1137=VERTEX_POINT('',#3865);
#1138=VERTEX_POINT('',#3867);
#1139=VERTEX_POINT('',#3888);
#1140=VERTEX_POINT('',#3889);
#1141=VERTEX_POINT('',#3891);
#1142=VERTEX_POINT('',#3893);
#1143=VERTEX_POINT('',#3897);
#1144=VERTEX_POINT('',#3899);
#1145=VERTEX_POINT('',#3903);
#1146=VERTEX_POINT('',#3904);
#1147=VERTEX_POINT('',#3909);
#1148=VERTEX_POINT('',#3911);
#1149=VERTEX_POINT('',#3915);
#1150=VERTEX_POINT('',#3916);
#1151=VERTEX_POINT('',#3921);
#1152=VERTEX_POINT('',#3925);
#1153=VERTEX_POINT('',#3927);
#1154=VERTEX_POINT('',#3928);
#1155=VERTEX_POINT('',#3930);
#1156=VERTEX_POINT('',#3932);
#1157=VERTEX_POINT('',#3934);
#1158=VERTEX_POINT('',#3936);
#1159=VERTEX_POINT('',#3938);
#1160=VERTEX_POINT('',#3940);
#1161=VERTEX_POINT('',#3946);
#1162=VERTEX_POINT('',#3947);
#1163=VERTEX_POINT('',#3949);
#1164=VERTEX_POINT('',#3951);
#1165=VERTEX_POINT('',#3953);
#1166=VERTEX_POINT('',#3955);
#1167=VERTEX_POINT('',#3959);
#1168=VERTEX_POINT('',#3960);
#1169=VERTEX_POINT('',#3962);
#1170=VERTEX_POINT('',#3964);
#1171=VERTEX_POINT('',#3969);
#1172=VERTEX_POINT('',#3970);
#1173=VERTEX_POINT('',#3972);
#1174=VERTEX_POINT('',#3974);
#1175=VERTEX_POINT('',#3979);
#1176=VERTEX_POINT('',#3981);
#1177=VERTEX_POINT('',#3999);
#1178=VERTEX_POINT('',#4002);
#1179=VERTEX_POINT('',#4007);
#1180=VERTEX_POINT('',#4011);
#1181=VERTEX_POINT('',#4044);
#1182=VERTEX_POINT('',#4045);
#1183=VERTEX_POINT('',#4047);
#1184=VERTEX_POINT('',#4049);
#1185=VERTEX_POINT('',#4053);
#1186=VERTEX_POINT('',#4054);
#1187=VERTEX_POINT('',#4056);
#1188=VERTEX_POINT('',#4059);
#1189=VERTEX_POINT('',#4063);
#1190=VERTEX_POINT('',#4065);
#1191=VERTEX_POINT('',#4067);
#1192=VERTEX_POINT('',#4071);
#1193=VERTEX_POINT('',#4073);
#1194=VERTEX_POINT('',#4075);
#1195=VERTEX_POINT('',#4079);
#1196=VERTEX_POINT('',#4080);
#1197=VERTEX_POINT('',#4101);
#1198=VERTEX_POINT('',#4105);
#1199=VERTEX_POINT('',#4107);
#1200=VERTEX_POINT('',#4108);
#1201=VERTEX_POINT('',#4110);
#1202=VERTEX_POINT('',#4112);
#1203=VERTEX_POINT('',#4114);
#1204=VERTEX_POINT('',#4116);
#1205=VERTEX_POINT('',#4118);
#1206=VERTEX_POINT('',#4120);
#1207=VERTEX_POINT('',#4126);
#1208=VERTEX_POINT('',#4127);
#1209=VERTEX_POINT('',#4129);
#1210=VERTEX_POINT('',#4131);
#1211=VERTEX_POINT('',#4135);
#1212=VERTEX_POINT('',#4137);
#1213=VERTEX_POINT('',#4139);
#1214=VERTEX_POINT('',#4141);
#1215=VERTEX_POINT('',#4145);
#1216=VERTEX_POINT('',#4146);
#1217=VERTEX_POINT('',#4149);
#1218=VERTEX_POINT('',#4153);
#1219=VERTEX_POINT('',#4155);
#1220=VERTEX_POINT('',#4157);
#1221=VERTEX_POINT('',#4161);
#1222=VERTEX_POINT('',#4162);
#1223=VERTEX_POINT('',#4183);
#1224=VERTEX_POINT('',#4184);
#1225=VERTEX_POINT('',#4186);
#1226=VERTEX_POINT('',#4188);
#1227=VERTEX_POINT('',#4192);
#1228=VERTEX_POINT('',#4193);
#1229=VERTEX_POINT('',#4195);
#1230=VERTEX_POINT('',#4198);
#1231=VERTEX_POINT('',#4202);
#1232=VERTEX_POINT('',#4204);
#1233=VERTEX_POINT('',#4206);
#1234=VERTEX_POINT('',#4210);
#1235=VERTEX_POINT('',#4212);
#1236=VERTEX_POINT('',#4214);
#1237=VERTEX_POINT('',#4218);
#1238=VERTEX_POINT('',#4219);
#1239=VERTEX_POINT('',#4240);
#1240=VERTEX_POINT('',#4244);
#1241=VERTEX_POINT('',#4246);
#1242=VERTEX_POINT('',#4247);
#1243=VERTEX_POINT('',#4249);
#1244=VERTEX_POINT('',#4251);
#1245=VERTEX_POINT('',#4253);
#1246=VERTEX_POINT('',#4255);
#1247=VERTEX_POINT('',#4257);
#1248=VERTEX_POINT('',#4259);
#1249=VERTEX_POINT('',#4265);
#1250=VERTEX_POINT('',#4266);
#1251=VERTEX_POINT('',#4268);
#1252=VERTEX_POINT('',#4270);
#1253=VERTEX_POINT('',#4274);
#1254=VERTEX_POINT('',#4276);
#1255=VERTEX_POINT('',#4278);
#1256=VERTEX_POINT('',#4280);
#1257=VERTEX_POINT('',#4284);
#1258=VERTEX_POINT('',#4285);
#1259=VERTEX_POINT('',#4288);
#1260=VERTEX_POINT('',#4292);
#1261=VERTEX_POINT('',#4294);
#1262=VERTEX_POINT('',#4296);
#1263=VERTEX_POINT('',#4300);
#1264=VERTEX_POINT('',#4301);
#1265=EDGE_CURVE('',#1030,#1031,#536,.T.);
#1266=EDGE_CURVE('',#1032,#1030,#537,.T.);
#1267=EDGE_CURVE('',#1032,#1033,#538,.T.);
#1268=EDGE_CURVE('',#1034,#1033,#539,.T.);
#1269=EDGE_CURVE('',#1034,#1035,#489,.T.);
#1270=EDGE_CURVE('',#1036,#1035,#540,.T.);
#1271=EDGE_CURVE('',#1036,#1037,#490,.T.);
#1272=EDGE_CURVE('',#1038,#1037,#541,.T.);
#1273=EDGE_CURVE('',#1038,#1039,#491,.T.);
#1274=EDGE_CURVE('',#1031,#1039,#542,.T.);
#1275=EDGE_CURVE('',#1040,#1041,#543,.T.);
#1276=EDGE_CURVE('',#1040,#1042,#544,.T.);
#1277=EDGE_CURVE('',#1043,#1042,#545,.T.);
#1278=EDGE_CURVE('',#1041,#1043,#546,.T.);
#1279=EDGE_CURVE('',#1044,#1045,#547,.T.);
#1280=EDGE_CURVE('',#1045,#1046,#548,.T.);
#1281=EDGE_CURVE('',#1046,#1047,#549,.T.);
#1282=EDGE_CURVE('',#1047,#1044,#550,.T.);
#1283=EDGE_CURVE('',#1048,#1046,#492,.T.);
#1284=EDGE_CURVE('',#1049,#1048,#551,.T.);
#1285=EDGE_CURVE('',#1047,#1049,#117,.T.);
#1286=EDGE_CURVE('',#1050,#1051,#552,.T.);
#1287=EDGE_CURVE('',#1051,#1031,#553,.T.);
#1288=EDGE_CURVE('',#1039,#1050,#111,.T.);
#1289=EDGE_CURVE('',#1052,#1053,#554,.T.);
#1290=EDGE_CURVE('',#1053,#1051,#555,.T.);
#1291=EDGE_CURVE('',#1050,#1054,#556,.T.);
#1292=EDGE_CURVE('',#1054,#1052,#118,.T.);
#1293=EDGE_CURVE('',#1041,#1048,#557,.T.);
#1294=EDGE_CURVE('',#1043,#1049,#558,.T.);
#1295=EDGE_CURVE('',#1055,#1056,#559,.T.);
#1296=EDGE_CURVE('',#1055,#1057,#560,.T.);
#1297=EDGE_CURVE('',#1058,#1057,#561,.T.);
#1298=EDGE_CURVE('',#1056,#1058,#562,.T.);
#1299=EDGE_CURVE('',#1059,#1060,#563,.T.);
#1300=EDGE_CURVE('',#1060,#1061,#564,.T.);
#1301=EDGE_CURVE('',#1061,#1062,#565,.T.);
#1302=EDGE_CURVE('',#1062,#1059,#566,.T.);
#1303=EDGE_CURVE('',#1063,#1061,#119,.T.);
#1304=EDGE_CURVE('',#1064,#1063,#567,.T.);
#1305=EDGE_CURVE('',#1062,#1064,#120,.T.);
#1306=EDGE_CURVE('',#1065,#1066,#568,.T.);
#1307=EDGE_CURVE('',#1066,#1038,#112,.T.);
#1308=EDGE_CURVE('',#1037,#1065,#113,.T.);
#1309=EDGE_CURVE('',#1067,#1068,#121,.T.);
#1310=EDGE_CURVE('',#1068,#1066,#569,.T.);
#1311=EDGE_CURVE('',#1065,#1069,#570,.T.);
#1312=EDGE_CURVE('',#1069,#1070,#122,.T.);
#1313=EDGE_CURVE('',#1070,#1067,#571,.T.);
#1314=EDGE_CURVE('',#1056,#1063,#572,.T.);
#1315=EDGE_CURVE('',#1058,#1064,#573,.T.);
#1316=EDGE_CURVE('',#1071,#1072,#574,.T.);
#1317=EDGE_CURVE('',#1071,#1073,#575,.T.);
#1318=EDGE_CURVE('',#1074,#1073,#576,.T.);
#1319=EDGE_CURVE('',#1072,#1074,#577,.T.);
#1320=EDGE_CURVE('',#1075,#1076,#578,.T.);
#1321=EDGE_CURVE('',#1076,#1077,#579,.T.);
#1322=EDGE_CURVE('',#1077,#1078,#580,.T.);
#1323=EDGE_CURVE('',#1078,#1075,#581,.T.);
#1324=EDGE_CURVE('',#1079,#1077,#123,.T.);
#1325=EDGE_CURVE('',#1080,#1079,#582,.T.);
#1326=EDGE_CURVE('',#1078,#1080,#124,.T.);
#1327=EDGE_CURVE('',#1081,#1082,#583,.T.);
#1328=EDGE_CURVE('',#1082,#1036,#114,.T.);
#1329=EDGE_CURVE('',#1035,#1081,#115,.T.);
#1330=EDGE_CURVE('',#1083,#1084,#125,.T.);
#1331=EDGE_CURVE('',#1084,#1082,#584,.T.);
#1332=EDGE_CURVE('',#1081,#1085,#585,.T.);
#1333=EDGE_CURVE('',#1085,#1086,#126,.T.);
#1334=EDGE_CURVE('',#1086,#1083,#586,.T.);
#1335=EDGE_CURVE('',#1087,#1088,#587,.T.);
#1336=EDGE_CURVE('',#1088,#1089,#588,.T.);
#1337=EDGE_CURVE('',#1090,#1089,#589,.T.);
#1338=EDGE_CURVE('',#1087,#1090,#590,.T.);
#1339=EDGE_CURVE('',#1091,#1092,#591,.T.);
#1340=EDGE_CURVE('',#1091,#1093,#592,.T.);
#1341=EDGE_CURVE('',#1093,#1094,#593,.T.);
#1342=EDGE_CURVE('',#1094,#1092,#594,.T.);
#1343=EDGE_CURVE('',#1095,#1096,#595,.T.);
#1344=EDGE_CURVE('',#1095,#1092,#493,.T.);
#1345=EDGE_CURVE('',#1096,#1094,#127,.T.);
#1346=EDGE_CURVE('',#1097,#1033,#596,.T.);
#1347=EDGE_CURVE('',#1097,#1098,#597,.T.);
#1348=EDGE_CURVE('',#1098,#1034,#116,.T.);
#1349=EDGE_CURVE('',#1099,#1097,#598,.T.);
#1350=EDGE_CURVE('',#1099,#1100,#599,.T.);
#1351=EDGE_CURVE('',#1100,#1101,#128,.T.);
#1352=EDGE_CURVE('',#1101,#1098,#600,.T.);
#1353=EDGE_CURVE('',#1102,#1030,#601,.T.);
#1354=EDGE_CURVE('',#1103,#1102,#602,.T.);
#1355=EDGE_CURVE('',#1103,#1032,#603,.T.);
#1356=EDGE_CURVE('',#1053,#1104,#604,.T.);
#1357=EDGE_CURVE('',#1067,#1052,#494,.T.);
#1358=EDGE_CURVE('',#1083,#1070,#495,.T.);
#1359=EDGE_CURVE('',#1100,#1086,#496,.T.);
#1360=EDGE_CURVE('',#1099,#1105,#605,.T.);
#1361=EDGE_CURVE('',#1105,#1104,#606,.T.);
#1362=EDGE_CURVE('',#1106,#1106,#497,.T.);
#1363=EDGE_CURVE('',#1107,#1107,#498,.T.);
#1364=EDGE_CURVE('',#1108,#1108,#499,.T.);
#1365=EDGE_CURVE('',#1109,#1110,#607,.T.);
#1366=EDGE_CURVE('',#1110,#1045,#608,.T.);
#1367=EDGE_CURVE('',#1060,#1044,#609,.T.);
#1368=EDGE_CURVE('',#1076,#1059,#610,.T.);
#1369=EDGE_CURVE('',#1075,#1093,#611,.T.);
#1370=EDGE_CURVE('',#1109,#1091,#612,.T.);
#1371=EDGE_CURVE('',#1111,#1112,#613,.T.);
#1372=EDGE_CURVE('',#1112,#1110,#614,.T.);
#1373=EDGE_CURVE('',#1111,#1109,#615,.T.);
#1374=EDGE_CURVE('',#1113,#1114,#616,.T.);
#1375=EDGE_CURVE('',#1113,#1112,#617,.T.);
#1376=EDGE_CURVE('',#1114,#1111,#618,.T.);
#1377=EDGE_CURVE('',#1089,#1095,#619,.T.);
#1378=EDGE_CURVE('',#1090,#1096,#620,.T.);
#1379=EDGE_CURVE('',#1102,#1113,#621,.T.);
#1380=EDGE_CURVE('',#1103,#1114,#622,.T.);
#1381=EDGE_CURVE('',#1115,#1116,#623,.T.);
#1382=EDGE_CURVE('',#1116,#1117,#500,.T.);
#1383=EDGE_CURVE('',#1117,#1118,#624,.T.);
#1384=EDGE_CURVE('',#1118,#1119,#501,.T.);
#1385=EDGE_CURVE('',#1119,#1120,#625,.T.);
#1386=EDGE_CURVE('',#1120,#1121,#502,.T.);
#1387=EDGE_CURVE('',#1121,#1122,#626,.T.);
#1388=EDGE_CURVE('',#1122,#1115,#503,.T.);
#1389=EDGE_CURVE('',#1123,#1124,#627,.T.);
#1390=EDGE_CURVE('',#1124,#1125,#504,.T.);
#1391=EDGE_CURVE('',#1125,#1126,#628,.T.);
#1392=EDGE_CURVE('',#1126,#1127,#505,.T.);
#1393=EDGE_CURVE('',#1127,#1128,#629,.T.);
#1394=EDGE_CURVE('',#1128,#1129,#506,.T.);
#1395=EDGE_CURVE('',#1129,#1130,#630,.T.);
#1396=EDGE_CURVE('',#1130,#1123,#507,.T.);
#1397=EDGE_CURVE('',#1131,#1132,#631,.T.);
#1398=EDGE_CURVE('',#1132,#1133,#508,.T.);
#1399=EDGE_CURVE('',#1133,#1134,#632,.T.);
#1400=EDGE_CURVE('',#1134,#1135,#509,.T.);
#1401=EDGE_CURVE('',#1135,#1136,#633,.T.);
#1402=EDGE_CURVE('',#1136,#1137,#510,.T.);
#1403=EDGE_CURVE('',#1137,#1138,#634,.T.);
#1404=EDGE_CURVE('',#1138,#1131,#511,.T.);
#1405=EDGE_CURVE('',#1104,#1040,#635,.T.);
#1406=EDGE_CURVE('',#1105,#1088,#636,.T.);
#1407=EDGE_CURVE('',#1073,#1087,#637,.T.);
#1408=EDGE_CURVE('',#1057,#1071,#638,.T.);
#1409=EDGE_CURVE('',#1042,#1055,#639,.T.);
#1410=EDGE_CURVE('',#1072,#1079,#640,.T.);
#1411=EDGE_CURVE('',#1074,#1080,#641,.T.);
#1412=EDGE_CURVE('',#1101,#1085,#512,.T.);
#1413=EDGE_CURVE('',#1093,#1087,#642,.T.);
#1414=EDGE_CURVE('',#1075,#1073,#643,.T.);
#1415=EDGE_CURVE('',#1139,#1140,#644,.T.);
#1416=EDGE_CURVE('',#1140,#1141,#645,.T.);
#1417=EDGE_CURVE('',#1141,#1142,#646,.T.);
#1418=EDGE_CURVE('',#1142,#1139,#647,.T.);
#1419=EDGE_CURVE('',#1137,#1143,#648,.T.);
#1420=EDGE_CURVE('',#1143,#1144,#649,.T.);
#1421=EDGE_CURVE('',#1144,#1138,#650,.T.);
#1422=EDGE_CURVE('',#1145,#1146,#651,.T.);
#1423=EDGE_CURVE('',#1146,#1132,#652,.T.);
#1424=EDGE_CURVE('',#1131,#1145,#653,.T.);
#1425=EDGE_CURVE('',#1133,#1147,#654,.T.);
#1426=EDGE_CURVE('',#1147,#1148,#655,.T.);
#1427=EDGE_CURVE('',#1148,#1134,#656,.T.);
#1428=EDGE_CURVE('',#1149,#1150,#657,.T.);
#1429=EDGE_CURVE('',#1150,#1136,#658,.T.);
#1430=EDGE_CURVE('',#1135,#1149,#659,.T.);
#1431=EDGE_CURVE('',#1108,#1151,#660,.T.);
#1432=EDGE_CURVE('',#1151,#1151,#513,.T.);
#1433=EDGE_CURVE('',#1152,#1152,#514,.T.);
#1434=EDGE_CURVE('',#1153,#1154,#661,.T.);
#1435=EDGE_CURVE('',#1154,#1155,#515,.T.);
#1436=EDGE_CURVE('',#1155,#1156,#662,.T.);
#1437=EDGE_CURVE('',#1156,#1157,#516,.T.);
#1438=EDGE_CURVE('',#1157,#1158,#663,.T.);
#1439=EDGE_CURVE('',#1158,#1159,#517,.T.);
#1440=EDGE_CURVE('',#1159,#1160,#664,.T.);
#1441=EDGE_CURVE('',#1160,#1153,#518,.T.);
#1442=EDGE_CURVE('',#1152,#1151,#519,.T.);
#1443=EDGE_CURVE('',#1161,#1162,#665,.T.);
#1444=EDGE_CURVE('',#1161,#1163,#129,.T.);
#1445=EDGE_CURVE('',#1163,#1164,#666,.T.);
#1446=EDGE_CURVE('',#1165,#1164,#667,.T.);
#1447=EDGE_CURVE('',#1165,#1166,#668,.T.);
#1448=EDGE_CURVE('',#1166,#1162,#130,.T.);
#1449=EDGE_CURVE('',#1167,#1168,#669,.T.);
#1450=EDGE_CURVE('',#1168,#1169,#131,.T.);
#1451=EDGE_CURVE('',#1170,#1169,#670,.T.);
#1452=EDGE_CURVE('',#1170,#1166,#132,.T.);
#1453=EDGE_CURVE('',#1167,#1165,#671,.T.);
#1454=EDGE_CURVE('',#1171,#1172,#672,.T.);
#1455=EDGE_CURVE('',#1171,#1173,#133,.T.);
#1456=EDGE_CURVE('',#1173,#1174,#673,.T.);
#1457=EDGE_CURVE('',#1164,#1174,#674,.T.);
#1458=EDGE_CURVE('',#1163,#1172,#134,.T.);
#1459=EDGE_CURVE('',#1173,#1175,#135,.T.);
#1460=EDGE_CURVE('',#1176,#1175,#675,.T.);
#1461=EDGE_CURVE('',#1176,#1168,#136,.T.);
#1462=EDGE_CURVE('',#1174,#1167,#676,.T.);
#1463=EDGE_CURVE('',#1175,#1154,#677,.T.);
#1464=EDGE_CURVE('',#1153,#1176,#678,.T.);
#1465=EDGE_CURVE('',#1169,#1160,#679,.T.);
#1466=EDGE_CURVE('',#1159,#1170,#680,.T.);
#1467=EDGE_CURVE('',#1157,#1161,#681,.T.);
#1468=EDGE_CURVE('',#1162,#1158,#682,.T.);
#1469=EDGE_CURVE('',#1155,#1171,#683,.T.);
#1470=EDGE_CURVE('',#1172,#1156,#684,.T.);
#1471=EDGE_CURVE('',#1147,#1177,#137,.T.);
#1472=EDGE_CURVE('',#1139,#1177,#685,.T.);
#1473=EDGE_CURVE('',#1178,#1142,#686,.T.);
#1474=EDGE_CURVE('',#1178,#1148,#138,.T.);
#1475=EDGE_CURVE('',#1177,#1146,#139,.T.);
#1476=EDGE_CURVE('',#1145,#1179,#140,.T.);
#1477=EDGE_CURVE('',#1140,#1179,#687,.T.);
#1478=EDGE_CURVE('',#1180,#1141,#688,.T.);
#1479=EDGE_CURVE('',#1180,#1150,#141,.T.);
#1480=EDGE_CURVE('',#1149,#1178,#142,.T.);
#1481=EDGE_CURVE('',#1143,#1180,#143,.T.);
#1482=EDGE_CURVE('',#1179,#1144,#144,.T.);
#1483=EDGE_CURVE('',#1084,#1069,#520,.T.);
#1484=EDGE_CURVE('',#1076,#1071,#689,.T.);
#1485=EDGE_CURVE('',#1059,#1057,#690,.T.);
#1486=EDGE_CURVE('',#1068,#1054,#521,.T.);
#1487=EDGE_CURVE('',#1060,#1055,#691,.T.);
#1488=EDGE_CURVE('',#1044,#1042,#692,.T.);
#1489=EDGE_CURVE('',#1181,#1182,#693,.T.);
#1490=EDGE_CURVE('',#1182,#1183,#694,.T.);
#1491=EDGE_CURVE('',#1183,#1184,#695,.T.);
#1492=EDGE_CURVE('',#1184,#1181,#696,.T.);
#1493=EDGE_CURVE('',#1185,#1186,#697,.T.);
#1494=EDGE_CURVE('',#1185,#1187,#145,.T.);
#1495=EDGE_CURVE('',#1187,#1183,#698,.T.);
#1496=EDGE_CURVE('',#1182,#1188,#699,.T.);
#1497=EDGE_CURVE('',#1188,#1186,#146,.T.);
#1498=EDGE_CURVE('',#1187,#1189,#147,.T.);
#1499=EDGE_CURVE('',#1190,#1189,#700,.T.);
#1500=EDGE_CURVE('',#1190,#1191,#148,.T.);
#1501=EDGE_CURVE('',#1191,#1184,#701,.T.);
#1502=EDGE_CURVE('',#1191,#1192,#149,.T.);
#1503=EDGE_CURVE('',#1193,#1192,#702,.T.);
#1504=EDGE_CURVE('',#1193,#1194,#150,.T.);
#1505=EDGE_CURVE('',#1181,#1194,#703,.T.);
#1506=EDGE_CURVE('',#1195,#1196,#704,.T.);
#1507=EDGE_CURVE('',#1195,#1188,#151,.T.);
#1508=EDGE_CURVE('',#1194,#1196,#152,.T.);
#1509=EDGE_CURVE('',#1192,#1130,#705,.T.);
#1510=EDGE_CURVE('',#1123,#1190,#706,.T.);
#1511=EDGE_CURVE('',#1196,#1128,#707,.T.);
#1512=EDGE_CURVE('',#1129,#1193,#708,.T.);
#1513=EDGE_CURVE('',#1186,#1126,#709,.T.);
#1514=EDGE_CURVE('',#1127,#1195,#710,.T.);
#1515=EDGE_CURVE('',#1189,#1124,#711,.T.);
#1516=EDGE_CURVE('',#1125,#1185,#712,.T.);
#1517=EDGE_CURVE('',#1107,#1197,#713,.T.);
#1518=EDGE_CURVE('',#1197,#1197,#522,.T.);
#1519=EDGE_CURVE('',#1198,#1198,#523,.T.);
#1520=EDGE_CURVE('',#1199,#1200,#524,.T.);
#1521=EDGE_CURVE('',#1201,#1199,#714,.T.);
#1522=EDGE_CURVE('',#1202,#1201,#525,.T.);
#1523=EDGE_CURVE('',#1203,#1202,#715,.T.);
#1524=EDGE_CURVE('',#1204,#1203,#526,.T.);
#1525=EDGE_CURVE('',#1205,#1204,#716,.T.);
#1526=EDGE_CURVE('',#1206,#1205,#527,.T.);
#1527=EDGE_CURVE('',#1200,#1206,#717,.T.);
#1528=EDGE_CURVE('',#1198,#1197,#528,.T.);
#1529=EDGE_CURVE('',#1207,#1208,#718,.T.);
#1530=EDGE_CURVE('',#1208,#1209,#719,.T.);
#1531=EDGE_CURVE('',#1209,#1210,#720,.T.);
#1532=EDGE_CURVE('',#1210,#1207,#721,.T.);
#1533=EDGE_CURVE('',#1211,#1209,#722,.T.);
#1534=EDGE_CURVE('',#1211,#1212,#153,.T.);
#1535=EDGE_CURVE('',#1213,#1212,#723,.T.);
#1536=EDGE_CURVE('',#1213,#1214,#154,.T.);
#1537=EDGE_CURVE('',#1210,#1214,#724,.T.);
#1538=EDGE_CURVE('',#1215,#1216,#725,.T.);
#1539=EDGE_CURVE('',#1215,#1211,#155,.T.);
#1540=EDGE_CURVE('',#1217,#1208,#726,.T.);
#1541=EDGE_CURVE('',#1217,#1216,#156,.T.);
#1542=EDGE_CURVE('',#1214,#1218,#157,.T.);
#1543=EDGE_CURVE('',#1219,#1218,#727,.T.);
#1544=EDGE_CURVE('',#1219,#1220,#158,.T.);
#1545=EDGE_CURVE('',#1207,#1220,#728,.T.);
#1546=EDGE_CURVE('',#1221,#1222,#729,.T.);
#1547=EDGE_CURVE('',#1221,#1217,#159,.T.);
#1548=EDGE_CURVE('',#1220,#1222,#160,.T.);
#1549=EDGE_CURVE('',#1202,#1221,#730,.T.);
#1550=EDGE_CURVE('',#1216,#1201,#731,.T.);
#1551=EDGE_CURVE('',#1204,#1219,#732,.T.);
#1552=EDGE_CURVE('',#1222,#1203,#733,.T.);
#1553=EDGE_CURVE('',#1206,#1213,#734,.T.);
#1554=EDGE_CURVE('',#1218,#1205,#735,.T.);
#1555=EDGE_CURVE('',#1199,#1215,#736,.T.);
#1556=EDGE_CURVE('',#1212,#1200,#737,.T.);
#1557=EDGE_CURVE('',#1223,#1224,#738,.T.);
#1558=EDGE_CURVE('',#1224,#1225,#739,.T.);
#1559=EDGE_CURVE('',#1225,#1226,#740,.T.);
#1560=EDGE_CURVE('',#1226,#1223,#741,.T.);
#1561=EDGE_CURVE('',#1227,#1228,#742,.T.);
#1562=EDGE_CURVE('',#1227,#1229,#161,.T.);
#1563=EDGE_CURVE('',#1229,#1225,#743,.T.);
#1564=EDGE_CURVE('',#1224,#1230,#744,.T.);
#1565=EDGE_CURVE('',#1230,#1228,#162,.T.);
#1566=EDGE_CURVE('',#1229,#1231,#163,.T.);
#1567=EDGE_CURVE('',#1232,#1231,#745,.T.);
#1568=EDGE_CURVE('',#1232,#1233,#164,.T.);
#1569=EDGE_CURVE('',#1233,#1226,#746,.T.);
#1570=EDGE_CURVE('',#1233,#1234,#165,.T.);
#1571=EDGE_CURVE('',#1235,#1234,#747,.T.);
#1572=EDGE_CURVE('',#1235,#1236,#166,.T.);
#1573=EDGE_CURVE('',#1223,#1236,#748,.T.);
#1574=EDGE_CURVE('',#1237,#1238,#749,.T.);
#1575=EDGE_CURVE('',#1237,#1230,#167,.T.);
#1576=EDGE_CURVE('',#1236,#1238,#168,.T.);
#1577=EDGE_CURVE('',#1234,#1122,#750,.T.);
#1578=EDGE_CURVE('',#1115,#1232,#751,.T.);
#1579=EDGE_CURVE('',#1238,#1120,#752,.T.);
#1580=EDGE_CURVE('',#1121,#1235,#753,.T.);
#1581=EDGE_CURVE('',#1228,#1118,#754,.T.);
#1582=EDGE_CURVE('',#1119,#1237,#755,.T.);
#1583=EDGE_CURVE('',#1231,#1116,#756,.T.);
#1584=EDGE_CURVE('',#1117,#1227,#757,.T.);
#1585=EDGE_CURVE('',#1106,#1239,#758,.T.);
#1586=EDGE_CURVE('',#1239,#1239,#529,.T.);
#1587=EDGE_CURVE('',#1240,#1240,#530,.T.);
#1588=EDGE_CURVE('',#1241,#1242,#531,.T.);
#1589=EDGE_CURVE('',#1243,#1241,#759,.T.);
#1590=EDGE_CURVE('',#1244,#1243,#532,.T.);
#1591=EDGE_CURVE('',#1245,#1244,#760,.T.);
#1592=EDGE_CURVE('',#1246,#1245,#533,.T.);
#1593=EDGE_CURVE('',#1247,#1246,#761,.T.);
#1594=EDGE_CURVE('',#1248,#1247,#534,.T.);
#1595=EDGE_CURVE('',#1242,#1248,#762,.T.);
#1596=EDGE_CURVE('',#1240,#1239,#535,.T.);
#1597=EDGE_CURVE('',#1249,#1250,#763,.T.);
#1598=EDGE_CURVE('',#1250,#1251,#764,.T.);
#1599=EDGE_CURVE('',#1251,#1252,#765,.T.);
#1600=EDGE_CURVE('',#1252,#1249,#766,.T.);
#1601=EDGE_CURVE('',#1253,#1251,#767,.T.);
#1602=EDGE_CURVE('',#1253,#1254,#169,.T.);
#1603=EDGE_CURVE('',#1255,#1254,#768,.T.);
#1604=EDGE_CURVE('',#1255,#1256,#170,.T.);
#1605=EDGE_CURVE('',#1252,#1256,#769,.T.);
#1606=EDGE_CURVE('',#1257,#1258,#770,.T.);
#1607=EDGE_CURVE('',#1257,#1253,#171,.T.);
#1608=EDGE_CURVE('',#1259,#1250,#771,.T.);
#1609=EDGE_CURVE('',#1259,#1258,#172,.T.);
#1610=EDGE_CURVE('',#1256,#1260,#173,.T.);
#1611=EDGE_CURVE('',#1261,#1260,#772,.T.);
#1612=EDGE_CURVE('',#1261,#1262,#174,.T.);
#1613=EDGE_CURVE('',#1249,#1262,#773,.T.);
#1614=EDGE_CURVE('',#1263,#1264,#774,.T.);
#1615=EDGE_CURVE('',#1263,#1259,#175,.T.);
#1616=EDGE_CURVE('',#1262,#1264,#176,.T.);
#1617=EDGE_CURVE('',#1244,#1263,#775,.T.);
#1618=EDGE_CURVE('',#1258,#1243,#776,.T.);
#1619=EDGE_CURVE('',#1246,#1261,#777,.T.);
#1620=EDGE_CURVE('',#1264,#1245,#778,.T.);
#1621=EDGE_CURVE('',#1248,#1255,#779,.T.);
#1622=EDGE_CURVE('',#1260,#1247,#780,.T.);
#1623=EDGE_CURVE('',#1241,#1257,#781,.T.);
#1624=EDGE_CURVE('',#1254,#1242,#782,.T.);
#1625=ORIENTED_EDGE('',*,*,#1265,.F.);
#1626=ORIENTED_EDGE('',*,*,#1266,.F.);
#1627=ORIENTED_EDGE('',*,*,#1267,.T.);
#1628=ORIENTED_EDGE('',*,*,#1268,.F.);
#1629=ORIENTED_EDGE('',*,*,#1269,.T.);
#1630=ORIENTED_EDGE('',*,*,#1270,.F.);
#1631=ORIENTED_EDGE('',*,*,#1271,.T.);
#1632=ORIENTED_EDGE('',*,*,#1272,.F.);
#1633=ORIENTED_EDGE('',*,*,#1273,.T.);
#1634=ORIENTED_EDGE('',*,*,#1274,.F.);
#1635=ORIENTED_EDGE('',*,*,#1275,.F.);
#1636=ORIENTED_EDGE('',*,*,#1276,.T.);
#1637=ORIENTED_EDGE('',*,*,#1277,.F.);
#1638=ORIENTED_EDGE('',*,*,#1278,.F.);
#1639=ORIENTED_EDGE('',*,*,#1279,.T.);
#1640=ORIENTED_EDGE('',*,*,#1280,.T.);
#1641=ORIENTED_EDGE('',*,*,#1281,.T.);
#1642=ORIENTED_EDGE('',*,*,#1282,.T.);
#1643=ORIENTED_EDGE('',*,*,#1283,.F.);
#1644=ORIENTED_EDGE('',*,*,#1284,.F.);
#1645=ORIENTED_EDGE('',*,*,#1285,.F.);
#1646=ORIENTED_EDGE('',*,*,#1281,.F.);
#1647=ORIENTED_EDGE('',*,*,#1286,.T.);
#1648=ORIENTED_EDGE('',*,*,#1287,.T.);
#1649=ORIENTED_EDGE('',*,*,#1274,.T.);
#1650=ORIENTED_EDGE('',*,*,#1288,.T.);
#1651=ORIENTED_EDGE('',*,*,#1289,.T.);
#1652=ORIENTED_EDGE('',*,*,#1290,.T.);
#1653=ORIENTED_EDGE('',*,*,#1286,.F.);
#1654=ORIENTED_EDGE('',*,*,#1291,.T.);
#1655=ORIENTED_EDGE('',*,*,#1292,.T.);
#1656=ORIENTED_EDGE('',*,*,#1293,.F.);
#1657=ORIENTED_EDGE('',*,*,#1278,.T.);
#1658=ORIENTED_EDGE('',*,*,#1294,.T.);
#1659=ORIENTED_EDGE('',*,*,#1284,.T.);
#1660=ORIENTED_EDGE('',*,*,#1295,.F.);
#1661=ORIENTED_EDGE('',*,*,#1296,.T.);
#1662=ORIENTED_EDGE('',*,*,#1297,.F.);
#1663=ORIENTED_EDGE('',*,*,#1298,.F.);
#1664=ORIENTED_EDGE('',*,*,#1299,.T.);
#1665=ORIENTED_EDGE('',*,*,#1300,.T.);
#1666=ORIENTED_EDGE('',*,*,#1301,.T.);
#1667=ORIENTED_EDGE('',*,*,#1302,.T.);
#1668=ORIENTED_EDGE('',*,*,#1303,.F.);
#1669=ORIENTED_EDGE('',*,*,#1304,.F.);
#1670=ORIENTED_EDGE('',*,*,#1305,.F.);
#1671=ORIENTED_EDGE('',*,*,#1301,.F.);
#1672=ORIENTED_EDGE('',*,*,#1306,.T.);
#1673=ORIENTED_EDGE('',*,*,#1307,.T.);
#1674=ORIENTED_EDGE('',*,*,#1272,.T.);
#1675=ORIENTED_EDGE('',*,*,#1308,.T.);
#1676=ORIENTED_EDGE('',*,*,#1309,.T.);
#1677=ORIENTED_EDGE('',*,*,#1310,.T.);
#1678=ORIENTED_EDGE('',*,*,#1306,.F.);
#1679=ORIENTED_EDGE('',*,*,#1311,.T.);
#1680=ORIENTED_EDGE('',*,*,#1312,.T.);
#1681=ORIENTED_EDGE('',*,*,#1313,.T.);
#1682=ORIENTED_EDGE('',*,*,#1314,.F.);
#1683=ORIENTED_EDGE('',*,*,#1298,.T.);
#1684=ORIENTED_EDGE('',*,*,#1315,.T.);
#1685=ORIENTED_EDGE('',*,*,#1304,.T.);
#1686=ORIENTED_EDGE('',*,*,#1316,.F.);
#1687=ORIENTED_EDGE('',*,*,#1317,.T.);
#1688=ORIENTED_EDGE('',*,*,#1318,.F.);
#1689=ORIENTED_EDGE('',*,*,#1319,.F.);
#1690=ORIENTED_EDGE('',*,*,#1320,.T.);
#1691=ORIENTED_EDGE('',*,*,#1321,.T.);
#1692=ORIENTED_EDGE('',*,*,#1322,.T.);
#1693=ORIENTED_EDGE('',*,*,#1323,.T.);
#1694=ORIENTED_EDGE('',*,*,#1324,.F.);
#1695=ORIENTED_EDGE('',*,*,#1325,.F.);
#1696=ORIENTED_EDGE('',*,*,#1326,.F.);
#1697=ORIENTED_EDGE('',*,*,#1322,.F.);
#1698=ORIENTED_EDGE('',*,*,#1327,.T.);
#1699=ORIENTED_EDGE('',*,*,#1328,.T.);
#1700=ORIENTED_EDGE('',*,*,#1270,.T.);
#1701=ORIENTED_EDGE('',*,*,#1329,.T.);
#1702=ORIENTED_EDGE('',*,*,#1330,.T.);
#1703=ORIENTED_EDGE('',*,*,#1331,.T.);
#1704=ORIENTED_EDGE('',*,*,#1327,.F.);
#1705=ORIENTED_EDGE('',*,*,#1332,.T.);
#1706=ORIENTED_EDGE('',*,*,#1333,.T.);
#1707=ORIENTED_EDGE('',*,*,#1334,.T.);
#1708=ORIENTED_EDGE('',*,*,#1335,.T.);
#1709=ORIENTED_EDGE('',*,*,#1336,.T.);
#1710=ORIENTED_EDGE('',*,*,#1337,.F.);
#1711=ORIENTED_EDGE('',*,*,#1338,.F.);
#1712=ORIENTED_EDGE('',*,*,#1339,.F.);
#1713=ORIENTED_EDGE('',*,*,#1340,.T.);
#1714=ORIENTED_EDGE('',*,*,#1341,.T.);
#1715=ORIENTED_EDGE('',*,*,#1342,.T.);
#1716=ORIENTED_EDGE('',*,*,#1343,.F.);
#1717=ORIENTED_EDGE('',*,*,#1344,.T.);
#1718=ORIENTED_EDGE('',*,*,#1342,.F.);
#1719=ORIENTED_EDGE('',*,*,#1345,.F.);
#1720=ORIENTED_EDGE('',*,*,#1346,.F.);
#1721=ORIENTED_EDGE('',*,*,#1347,.T.);
#1722=ORIENTED_EDGE('',*,*,#1348,.T.);
#1723=ORIENTED_EDGE('',*,*,#1268,.T.);
#1724=ORIENTED_EDGE('',*,*,#1349,.F.);
#1725=ORIENTED_EDGE('',*,*,#1350,.T.);
#1726=ORIENTED_EDGE('',*,*,#1351,.T.);
#1727=ORIENTED_EDGE('',*,*,#1352,.T.);
#1728=ORIENTED_EDGE('',*,*,#1347,.F.);
#1729=ORIENTED_EDGE('',*,*,#1353,.F.);
#1730=ORIENTED_EDGE('',*,*,#1354,.F.);
#1731=ORIENTED_EDGE('',*,*,#1355,.T.);
#1732=ORIENTED_EDGE('',*,*,#1266,.T.);
#1733=ORIENTED_EDGE('',*,*,#1356,.F.);
#1734=ORIENTED_EDGE('',*,*,#1289,.F.);
#1735=ORIENTED_EDGE('',*,*,#1357,.F.);
#1736=ORIENTED_EDGE('',*,*,#1313,.F.);
#1737=ORIENTED_EDGE('',*,*,#1358,.F.);
#1738=ORIENTED_EDGE('',*,*,#1334,.F.);
#1739=ORIENTED_EDGE('',*,*,#1359,.F.);
#1740=ORIENTED_EDGE('',*,*,#1350,.F.);
#1741=ORIENTED_EDGE('',*,*,#1360,.T.);
#1742=ORIENTED_EDGE('',*,*,#1361,.T.);
#1743=ORIENTED_EDGE('',*,*,#1362,.F.);
#1744=ORIENTED_EDGE('',*,*,#1363,.F.);
#1745=ORIENTED_EDGE('',*,*,#1364,.F.);
#1746=ORIENTED_EDGE('',*,*,#1365,.T.);
#1747=ORIENTED_EDGE('',*,*,#1366,.T.);
#1748=ORIENTED_EDGE('',*,*,#1279,.F.);
#1749=ORIENTED_EDGE('',*,*,#1367,.F.);
#1750=ORIENTED_EDGE('',*,*,#1299,.F.);
#1751=ORIENTED_EDGE('',*,*,#1368,.F.);
#1752=ORIENTED_EDGE('',*,*,#1320,.F.);
#1753=ORIENTED_EDGE('',*,*,#1369,.T.);
#1754=ORIENTED_EDGE('',*,*,#1340,.F.);
#1755=ORIENTED_EDGE('',*,*,#1370,.F.);
#1756=ORIENTED_EDGE('',*,*,#1371,.T.);
#1757=ORIENTED_EDGE('',*,*,#1372,.T.);
#1758=ORIENTED_EDGE('',*,*,#1365,.F.);
#1759=ORIENTED_EDGE('',*,*,#1373,.F.);
#1760=ORIENTED_EDGE('',*,*,#1374,.F.);
#1761=ORIENTED_EDGE('',*,*,#1375,.T.);
#1762=ORIENTED_EDGE('',*,*,#1371,.F.);
#1763=ORIENTED_EDGE('',*,*,#1376,.F.);
#1764=ORIENTED_EDGE('',*,*,#1337,.T.);
#1765=ORIENTED_EDGE('',*,*,#1377,.T.);
#1766=ORIENTED_EDGE('',*,*,#1343,.T.);
#1767=ORIENTED_EDGE('',*,*,#1378,.F.);
#1768=ORIENTED_EDGE('',*,*,#1354,.T.);
#1769=ORIENTED_EDGE('',*,*,#1379,.T.);
#1770=ORIENTED_EDGE('',*,*,#1374,.T.);
#1771=ORIENTED_EDGE('',*,*,#1380,.F.);
#1772=ORIENTED_EDGE('',*,*,#1381,.T.);
#1773=ORIENTED_EDGE('',*,*,#1382,.T.);
#1774=ORIENTED_EDGE('',*,*,#1383,.T.);
#1775=ORIENTED_EDGE('',*,*,#1384,.T.);
#1776=ORIENTED_EDGE('',*,*,#1385,.T.);
#1777=ORIENTED_EDGE('',*,*,#1386,.T.);
#1778=ORIENTED_EDGE('',*,*,#1387,.T.);
#1779=ORIENTED_EDGE('',*,*,#1388,.T.);
#1780=ORIENTED_EDGE('',*,*,#1389,.T.);
#1781=ORIENTED_EDGE('',*,*,#1390,.T.);
#1782=ORIENTED_EDGE('',*,*,#1391,.T.);
#1783=ORIENTED_EDGE('',*,*,#1392,.T.);
#1784=ORIENTED_EDGE('',*,*,#1393,.T.);
#1785=ORIENTED_EDGE('',*,*,#1394,.T.);
#1786=ORIENTED_EDGE('',*,*,#1395,.T.);
#1787=ORIENTED_EDGE('',*,*,#1396,.T.);
#1788=ORIENTED_EDGE('',*,*,#1397,.T.);
#1789=ORIENTED_EDGE('',*,*,#1398,.T.);
#1790=ORIENTED_EDGE('',*,*,#1399,.T.);
#1791=ORIENTED_EDGE('',*,*,#1400,.T.);
#1792=ORIENTED_EDGE('',*,*,#1401,.T.);
#1793=ORIENTED_EDGE('',*,*,#1402,.T.);
#1794=ORIENTED_EDGE('',*,*,#1403,.T.);
#1795=ORIENTED_EDGE('',*,*,#1404,.T.);
#1796=ORIENTED_EDGE('',*,*,#1405,.F.);
#1797=ORIENTED_EDGE('',*,*,#1361,.F.);
#1798=ORIENTED_EDGE('',*,*,#1406,.T.);
#1799=ORIENTED_EDGE('',*,*,#1335,.F.);
#1800=ORIENTED_EDGE('',*,*,#1407,.F.);
#1801=ORIENTED_EDGE('',*,*,#1317,.F.);
#1802=ORIENTED_EDGE('',*,*,#1408,.F.);
#1803=ORIENTED_EDGE('',*,*,#1296,.F.);
#1804=ORIENTED_EDGE('',*,*,#1409,.F.);
#1805=ORIENTED_EDGE('',*,*,#1276,.F.);
#1806=ORIENTED_EDGE('',*,*,#1410,.F.);
#1807=ORIENTED_EDGE('',*,*,#1319,.T.);
#1808=ORIENTED_EDGE('',*,*,#1411,.T.);
#1809=ORIENTED_EDGE('',*,*,#1325,.T.);
#1810=ORIENTED_EDGE('',*,*,#1333,.F.);
#1811=ORIENTED_EDGE('',*,*,#1412,.F.);
#1812=ORIENTED_EDGE('',*,*,#1351,.F.);
#1813=ORIENTED_EDGE('',*,*,#1359,.T.);
#1814=ORIENTED_EDGE('',*,*,#1352,.F.);
#1815=ORIENTED_EDGE('',*,*,#1412,.T.);
#1816=ORIENTED_EDGE('',*,*,#1332,.F.);
#1817=ORIENTED_EDGE('',*,*,#1329,.F.);
#1818=ORIENTED_EDGE('',*,*,#1269,.F.);
#1819=ORIENTED_EDGE('',*,*,#1348,.F.);
#1820=ORIENTED_EDGE('',*,*,#1338,.T.);
#1821=ORIENTED_EDGE('',*,*,#1378,.T.);
#1822=ORIENTED_EDGE('',*,*,#1345,.T.);
#1823=ORIENTED_EDGE('',*,*,#1341,.F.);
#1824=ORIENTED_EDGE('',*,*,#1413,.T.);
#1825=ORIENTED_EDGE('',*,*,#1414,.T.);
#1826=ORIENTED_EDGE('',*,*,#1407,.T.);
#1827=ORIENTED_EDGE('',*,*,#1413,.F.);
#1828=ORIENTED_EDGE('',*,*,#1369,.F.);
#1829=ORIENTED_EDGE('',*,*,#1318,.T.);
#1830=ORIENTED_EDGE('',*,*,#1414,.F.);
#1831=ORIENTED_EDGE('',*,*,#1323,.F.);
#1832=ORIENTED_EDGE('',*,*,#1326,.T.);
#1833=ORIENTED_EDGE('',*,*,#1411,.F.);
#1834=ORIENTED_EDGE('',*,*,#1415,.T.);
#1835=ORIENTED_EDGE('',*,*,#1416,.T.);
#1836=ORIENTED_EDGE('',*,*,#1417,.T.);
#1837=ORIENTED_EDGE('',*,*,#1418,.T.);
#1838=ORIENTED_EDGE('',*,*,#1403,.F.);
#1839=ORIENTED_EDGE('',*,*,#1419,.T.);
#1840=ORIENTED_EDGE('',*,*,#1420,.T.);
#1841=ORIENTED_EDGE('',*,*,#1421,.T.);
#1842=ORIENTED_EDGE('',*,*,#1422,.T.);
#1843=ORIENTED_EDGE('',*,*,#1423,.T.);
#1844=ORIENTED_EDGE('',*,*,#1397,.F.);
#1845=ORIENTED_EDGE('',*,*,#1424,.T.);
#1846=ORIENTED_EDGE('',*,*,#1399,.F.);
#1847=ORIENTED_EDGE('',*,*,#1425,.T.);
#1848=ORIENTED_EDGE('',*,*,#1426,.T.);
#1849=ORIENTED_EDGE('',*,*,#1427,.T.);
#1850=ORIENTED_EDGE('',*,*,#1428,.T.);
#1851=ORIENTED_EDGE('',*,*,#1429,.T.);
#1852=ORIENTED_EDGE('',*,*,#1401,.F.);
#1853=ORIENTED_EDGE('',*,*,#1430,.T.);
#1854=ORIENTED_EDGE('',*,*,#1364,.T.);
#1855=ORIENTED_EDGE('',*,*,#1431,.T.);
#1856=ORIENTED_EDGE('',*,*,#1432,.T.);
#1857=ORIENTED_EDGE('',*,*,#1431,.F.);
#1858=ORIENTED_EDGE('',*,*,#1433,.T.);
#1859=ORIENTED_EDGE('',*,*,#1434,.T.);
#1860=ORIENTED_EDGE('',*,*,#1435,.T.);
#1861=ORIENTED_EDGE('',*,*,#1436,.T.);
#1862=ORIENTED_EDGE('',*,*,#1437,.T.);
#1863=ORIENTED_EDGE('',*,*,#1438,.T.);
#1864=ORIENTED_EDGE('',*,*,#1439,.T.);
#1865=ORIENTED_EDGE('',*,*,#1440,.T.);
#1866=ORIENTED_EDGE('',*,*,#1441,.T.);
#1867=ORIENTED_EDGE('',*,*,#1433,.F.);
#1868=ORIENTED_EDGE('',*,*,#1442,.T.);
#1869=ORIENTED_EDGE('',*,*,#1432,.F.);
#1870=ORIENTED_EDGE('',*,*,#1442,.F.);
#1871=ORIENTED_EDGE('',*,*,#1443,.F.);
#1872=ORIENTED_EDGE('',*,*,#1444,.T.);
#1873=ORIENTED_EDGE('',*,*,#1445,.T.);
#1874=ORIENTED_EDGE('',*,*,#1446,.F.);
#1875=ORIENTED_EDGE('',*,*,#1447,.T.);
#1876=ORIENTED_EDGE('',*,*,#1448,.T.);
#1877=ORIENTED_EDGE('',*,*,#1449,.T.);
#1878=ORIENTED_EDGE('',*,*,#1450,.T.);
#1879=ORIENTED_EDGE('',*,*,#1451,.F.);
#1880=ORIENTED_EDGE('',*,*,#1452,.T.);
#1881=ORIENTED_EDGE('',*,*,#1447,.F.);
#1882=ORIENTED_EDGE('',*,*,#1453,.F.);
#1883=ORIENTED_EDGE('',*,*,#1454,.F.);
#1884=ORIENTED_EDGE('',*,*,#1455,.T.);
#1885=ORIENTED_EDGE('',*,*,#1456,.T.);
#1886=ORIENTED_EDGE('',*,*,#1457,.F.);
#1887=ORIENTED_EDGE('',*,*,#1445,.F.);
#1888=ORIENTED_EDGE('',*,*,#1458,.T.);
#1889=ORIENTED_EDGE('',*,*,#1456,.F.);
#1890=ORIENTED_EDGE('',*,*,#1459,.T.);
#1891=ORIENTED_EDGE('',*,*,#1460,.F.);
#1892=ORIENTED_EDGE('',*,*,#1461,.T.);
#1893=ORIENTED_EDGE('',*,*,#1449,.F.);
#1894=ORIENTED_EDGE('',*,*,#1462,.F.);
#1895=ORIENTED_EDGE('',*,*,#1446,.T.);
#1896=ORIENTED_EDGE('',*,*,#1457,.T.);
#1897=ORIENTED_EDGE('',*,*,#1462,.T.);
#1898=ORIENTED_EDGE('',*,*,#1453,.T.);
#1899=ORIENTED_EDGE('',*,*,#1460,.T.);
#1900=ORIENTED_EDGE('',*,*,#1463,.T.);
#1901=ORIENTED_EDGE('',*,*,#1434,.F.);
#1902=ORIENTED_EDGE('',*,*,#1464,.T.);
#1903=ORIENTED_EDGE('',*,*,#1451,.T.);
#1904=ORIENTED_EDGE('',*,*,#1465,.T.);
#1905=ORIENTED_EDGE('',*,*,#1440,.F.);
#1906=ORIENTED_EDGE('',*,*,#1466,.T.);
#1907=ORIENTED_EDGE('',*,*,#1438,.F.);
#1908=ORIENTED_EDGE('',*,*,#1467,.T.);
#1909=ORIENTED_EDGE('',*,*,#1443,.T.);
#1910=ORIENTED_EDGE('',*,*,#1468,.T.);
#1911=ORIENTED_EDGE('',*,*,#1436,.F.);
#1912=ORIENTED_EDGE('',*,*,#1469,.T.);
#1913=ORIENTED_EDGE('',*,*,#1454,.T.);
#1914=ORIENTED_EDGE('',*,*,#1470,.T.);
#1915=ORIENTED_EDGE('',*,*,#1426,.F.);
#1916=ORIENTED_EDGE('',*,*,#1471,.T.);
#1917=ORIENTED_EDGE('',*,*,#1472,.F.);
#1918=ORIENTED_EDGE('',*,*,#1418,.F.);
#1919=ORIENTED_EDGE('',*,*,#1473,.F.);
#1920=ORIENTED_EDGE('',*,*,#1474,.T.);
#1921=ORIENTED_EDGE('',*,*,#1472,.T.);
#1922=ORIENTED_EDGE('',*,*,#1475,.T.);
#1923=ORIENTED_EDGE('',*,*,#1422,.F.);
#1924=ORIENTED_EDGE('',*,*,#1476,.T.);
#1925=ORIENTED_EDGE('',*,*,#1477,.F.);
#1926=ORIENTED_EDGE('',*,*,#1415,.F.);
#1927=ORIENTED_EDGE('',*,*,#1478,.F.);
#1928=ORIENTED_EDGE('',*,*,#1479,.T.);
#1929=ORIENTED_EDGE('',*,*,#1428,.F.);
#1930=ORIENTED_EDGE('',*,*,#1480,.T.);
#1931=ORIENTED_EDGE('',*,*,#1473,.T.);
#1932=ORIENTED_EDGE('',*,*,#1417,.F.);
#1933=ORIENTED_EDGE('',*,*,#1420,.F.);
#1934=ORIENTED_EDGE('',*,*,#1481,.T.);
#1935=ORIENTED_EDGE('',*,*,#1478,.T.);
#1936=ORIENTED_EDGE('',*,*,#1416,.F.);
#1937=ORIENTED_EDGE('',*,*,#1477,.T.);
#1938=ORIENTED_EDGE('',*,*,#1482,.T.);
#1939=ORIENTED_EDGE('',*,*,#1455,.F.);
#1940=ORIENTED_EDGE('',*,*,#1469,.F.);
#1941=ORIENTED_EDGE('',*,*,#1435,.F.);
#1942=ORIENTED_EDGE('',*,*,#1463,.F.);
#1943=ORIENTED_EDGE('',*,*,#1459,.F.);
#1944=ORIENTED_EDGE('',*,*,#1461,.F.);
#1945=ORIENTED_EDGE('',*,*,#1464,.F.);
#1946=ORIENTED_EDGE('',*,*,#1441,.F.);
#1947=ORIENTED_EDGE('',*,*,#1465,.F.);
#1948=ORIENTED_EDGE('',*,*,#1450,.F.);
#1949=ORIENTED_EDGE('',*,*,#1444,.F.);
#1950=ORIENTED_EDGE('',*,*,#1467,.F.);
#1951=ORIENTED_EDGE('',*,*,#1437,.F.);
#1952=ORIENTED_EDGE('',*,*,#1470,.F.);
#1953=ORIENTED_EDGE('',*,*,#1458,.F.);
#1954=ORIENTED_EDGE('',*,*,#1452,.F.);
#1955=ORIENTED_EDGE('',*,*,#1466,.F.);
#1956=ORIENTED_EDGE('',*,*,#1439,.F.);
#1957=ORIENTED_EDGE('',*,*,#1468,.F.);
#1958=ORIENTED_EDGE('',*,*,#1448,.F.);
#1959=ORIENTED_EDGE('',*,*,#1402,.F.);
#1960=ORIENTED_EDGE('',*,*,#1429,.F.);
#1961=ORIENTED_EDGE('',*,*,#1479,.F.);
#1962=ORIENTED_EDGE('',*,*,#1481,.F.);
#1963=ORIENTED_EDGE('',*,*,#1419,.F.);
#1964=ORIENTED_EDGE('',*,*,#1398,.F.);
#1965=ORIENTED_EDGE('',*,*,#1423,.F.);
#1966=ORIENTED_EDGE('',*,*,#1475,.F.);
#1967=ORIENTED_EDGE('',*,*,#1471,.F.);
#1968=ORIENTED_EDGE('',*,*,#1425,.F.);
#1969=ORIENTED_EDGE('',*,*,#1404,.F.);
#1970=ORIENTED_EDGE('',*,*,#1421,.F.);
#1971=ORIENTED_EDGE('',*,*,#1482,.F.);
#1972=ORIENTED_EDGE('',*,*,#1476,.F.);
#1973=ORIENTED_EDGE('',*,*,#1424,.F.);
#1974=ORIENTED_EDGE('',*,*,#1400,.F.);
#1975=ORIENTED_EDGE('',*,*,#1427,.F.);
#1976=ORIENTED_EDGE('',*,*,#1474,.F.);
#1977=ORIENTED_EDGE('',*,*,#1480,.F.);
#1978=ORIENTED_EDGE('',*,*,#1430,.F.);
#1979=ORIENTED_EDGE('',*,*,#1370,.T.);
#1980=ORIENTED_EDGE('',*,*,#1339,.T.);
#1981=ORIENTED_EDGE('',*,*,#1344,.F.);
#1982=ORIENTED_EDGE('',*,*,#1377,.F.);
#1983=ORIENTED_EDGE('',*,*,#1336,.F.);
#1984=ORIENTED_EDGE('',*,*,#1406,.F.);
#1985=ORIENTED_EDGE('',*,*,#1360,.F.);
#1986=ORIENTED_EDGE('',*,*,#1349,.T.);
#1987=ORIENTED_EDGE('',*,*,#1346,.T.);
#1988=ORIENTED_EDGE('',*,*,#1267,.F.);
#1989=ORIENTED_EDGE('',*,*,#1355,.F.);
#1990=ORIENTED_EDGE('',*,*,#1380,.T.);
#1991=ORIENTED_EDGE('',*,*,#1376,.T.);
#1992=ORIENTED_EDGE('',*,*,#1373,.T.);
#1993=ORIENTED_EDGE('',*,*,#1312,.F.);
#1994=ORIENTED_EDGE('',*,*,#1483,.F.);
#1995=ORIENTED_EDGE('',*,*,#1330,.F.);
#1996=ORIENTED_EDGE('',*,*,#1358,.T.);
#1997=ORIENTED_EDGE('',*,*,#1331,.F.);
#1998=ORIENTED_EDGE('',*,*,#1483,.T.);
#1999=ORIENTED_EDGE('',*,*,#1311,.F.);
#2000=ORIENTED_EDGE('',*,*,#1308,.F.);
#2001=ORIENTED_EDGE('',*,*,#1271,.F.);
#2002=ORIENTED_EDGE('',*,*,#1328,.F.);
#2003=ORIENTED_EDGE('',*,*,#1408,.T.);
#2004=ORIENTED_EDGE('',*,*,#1484,.F.);
#2005=ORIENTED_EDGE('',*,*,#1368,.T.);
#2006=ORIENTED_EDGE('',*,*,#1485,.T.);
#2007=ORIENTED_EDGE('',*,*,#1316,.T.);
#2008=ORIENTED_EDGE('',*,*,#1410,.T.);
#2009=ORIENTED_EDGE('',*,*,#1324,.T.);
#2010=ORIENTED_EDGE('',*,*,#1321,.F.);
#2011=ORIENTED_EDGE('',*,*,#1484,.T.);
#2012=ORIENTED_EDGE('',*,*,#1297,.T.);
#2013=ORIENTED_EDGE('',*,*,#1485,.F.);
#2014=ORIENTED_EDGE('',*,*,#1302,.F.);
#2015=ORIENTED_EDGE('',*,*,#1305,.T.);
#2016=ORIENTED_EDGE('',*,*,#1315,.F.);
#2017=ORIENTED_EDGE('',*,*,#1292,.F.);
#2018=ORIENTED_EDGE('',*,*,#1486,.F.);
#2019=ORIENTED_EDGE('',*,*,#1309,.F.);
#2020=ORIENTED_EDGE('',*,*,#1357,.T.);
#2021=ORIENTED_EDGE('',*,*,#1310,.F.);
#2022=ORIENTED_EDGE('',*,*,#1486,.T.);
#2023=ORIENTED_EDGE('',*,*,#1291,.F.);
#2024=ORIENTED_EDGE('',*,*,#1288,.F.);
#2025=ORIENTED_EDGE('',*,*,#1273,.F.);
#2026=ORIENTED_EDGE('',*,*,#1307,.F.);
#2027=ORIENTED_EDGE('',*,*,#1409,.T.);
#2028=ORIENTED_EDGE('',*,*,#1487,.F.);
#2029=ORIENTED_EDGE('',*,*,#1367,.T.);
#2030=ORIENTED_EDGE('',*,*,#1488,.T.);
#2031=ORIENTED_EDGE('',*,*,#1295,.T.);
#2032=ORIENTED_EDGE('',*,*,#1314,.T.);
#2033=ORIENTED_EDGE('',*,*,#1303,.T.);
#2034=ORIENTED_EDGE('',*,*,#1300,.F.);
#2035=ORIENTED_EDGE('',*,*,#1487,.T.);
#2036=ORIENTED_EDGE('',*,*,#1277,.T.);
#2037=ORIENTED_EDGE('',*,*,#1488,.F.);
#2038=ORIENTED_EDGE('',*,*,#1282,.F.);
#2039=ORIENTED_EDGE('',*,*,#1285,.T.);
#2040=ORIENTED_EDGE('',*,*,#1294,.F.);
#2041=ORIENTED_EDGE('',*,*,#1489,.T.);
#2042=ORIENTED_EDGE('',*,*,#1490,.T.);
#2043=ORIENTED_EDGE('',*,*,#1491,.T.);
#2044=ORIENTED_EDGE('',*,*,#1492,.T.);
#2045=ORIENTED_EDGE('',*,*,#1493,.F.);
#2046=ORIENTED_EDGE('',*,*,#1494,.T.);
#2047=ORIENTED_EDGE('',*,*,#1495,.T.);
#2048=ORIENTED_EDGE('',*,*,#1490,.F.);
#2049=ORIENTED_EDGE('',*,*,#1496,.T.);
#2050=ORIENTED_EDGE('',*,*,#1497,.T.);
#2051=ORIENTED_EDGE('',*,*,#1495,.F.);
#2052=ORIENTED_EDGE('',*,*,#1498,.T.);
#2053=ORIENTED_EDGE('',*,*,#1499,.F.);
#2054=ORIENTED_EDGE('',*,*,#1500,.T.);
#2055=ORIENTED_EDGE('',*,*,#1501,.T.);
#2056=ORIENTED_EDGE('',*,*,#1491,.F.);
#2057=ORIENTED_EDGE('',*,*,#1501,.F.);
#2058=ORIENTED_EDGE('',*,*,#1502,.T.);
#2059=ORIENTED_EDGE('',*,*,#1503,.F.);
#2060=ORIENTED_EDGE('',*,*,#1504,.T.);
#2061=ORIENTED_EDGE('',*,*,#1505,.F.);
#2062=ORIENTED_EDGE('',*,*,#1492,.F.);
#2063=ORIENTED_EDGE('',*,*,#1506,.F.);
#2064=ORIENTED_EDGE('',*,*,#1507,.T.);
#2065=ORIENTED_EDGE('',*,*,#1496,.F.);
#2066=ORIENTED_EDGE('',*,*,#1489,.F.);
#2067=ORIENTED_EDGE('',*,*,#1505,.T.);
#2068=ORIENTED_EDGE('',*,*,#1508,.T.);
#2069=ORIENTED_EDGE('',*,*,#1396,.F.);
#2070=ORIENTED_EDGE('',*,*,#1509,.F.);
#2071=ORIENTED_EDGE('',*,*,#1502,.F.);
#2072=ORIENTED_EDGE('',*,*,#1500,.F.);
#2073=ORIENTED_EDGE('',*,*,#1510,.F.);
#2074=ORIENTED_EDGE('',*,*,#1394,.F.);
#2075=ORIENTED_EDGE('',*,*,#1511,.F.);
#2076=ORIENTED_EDGE('',*,*,#1508,.F.);
#2077=ORIENTED_EDGE('',*,*,#1504,.F.);
#2078=ORIENTED_EDGE('',*,*,#1512,.F.);
#2079=ORIENTED_EDGE('',*,*,#1392,.F.);
#2080=ORIENTED_EDGE('',*,*,#1513,.F.);
#2081=ORIENTED_EDGE('',*,*,#1497,.F.);
#2082=ORIENTED_EDGE('',*,*,#1507,.F.);
#2083=ORIENTED_EDGE('',*,*,#1514,.F.);
#2084=ORIENTED_EDGE('',*,*,#1390,.F.);
#2085=ORIENTED_EDGE('',*,*,#1515,.F.);
#2086=ORIENTED_EDGE('',*,*,#1498,.F.);
#2087=ORIENTED_EDGE('',*,*,#1494,.F.);
#2088=ORIENTED_EDGE('',*,*,#1516,.F.);
#2089=ORIENTED_EDGE('',*,*,#1391,.F.);
#2090=ORIENTED_EDGE('',*,*,#1516,.T.);
#2091=ORIENTED_EDGE('',*,*,#1493,.T.);
#2092=ORIENTED_EDGE('',*,*,#1513,.T.);
#2093=ORIENTED_EDGE('',*,*,#1393,.F.);
#2094=ORIENTED_EDGE('',*,*,#1514,.T.);
#2095=ORIENTED_EDGE('',*,*,#1506,.T.);
#2096=ORIENTED_EDGE('',*,*,#1511,.T.);
#2097=ORIENTED_EDGE('',*,*,#1395,.F.);
#2098=ORIENTED_EDGE('',*,*,#1512,.T.);
#2099=ORIENTED_EDGE('',*,*,#1503,.T.);
#2100=ORIENTED_EDGE('',*,*,#1509,.T.);
#2101=ORIENTED_EDGE('',*,*,#1389,.F.);
#2102=ORIENTED_EDGE('',*,*,#1510,.T.);
#2103=ORIENTED_EDGE('',*,*,#1499,.T.);
#2104=ORIENTED_EDGE('',*,*,#1515,.T.);
#2105=ORIENTED_EDGE('',*,*,#1363,.T.);
#2106=ORIENTED_EDGE('',*,*,#1517,.T.);
#2107=ORIENTED_EDGE('',*,*,#1518,.T.);
#2108=ORIENTED_EDGE('',*,*,#1517,.F.);
#2109=ORIENTED_EDGE('',*,*,#1519,.T.);
#2110=ORIENTED_EDGE('',*,*,#1520,.F.);
#2111=ORIENTED_EDGE('',*,*,#1521,.F.);
#2112=ORIENTED_EDGE('',*,*,#1522,.F.);
#2113=ORIENTED_EDGE('',*,*,#1523,.F.);
#2114=ORIENTED_EDGE('',*,*,#1524,.F.);
#2115=ORIENTED_EDGE('',*,*,#1525,.F.);
#2116=ORIENTED_EDGE('',*,*,#1526,.F.);
#2117=ORIENTED_EDGE('',*,*,#1527,.F.);
#2118=ORIENTED_EDGE('',*,*,#1519,.F.);
#2119=ORIENTED_EDGE('',*,*,#1528,.T.);
#2120=ORIENTED_EDGE('',*,*,#1518,.F.);
#2121=ORIENTED_EDGE('',*,*,#1528,.F.);
#2122=ORIENTED_EDGE('',*,*,#1529,.T.);
#2123=ORIENTED_EDGE('',*,*,#1530,.T.);
#2124=ORIENTED_EDGE('',*,*,#1531,.T.);
#2125=ORIENTED_EDGE('',*,*,#1532,.T.);
#2126=ORIENTED_EDGE('',*,*,#1533,.F.);
#2127=ORIENTED_EDGE('',*,*,#1534,.T.);
#2128=ORIENTED_EDGE('',*,*,#1535,.F.);
#2129=ORIENTED_EDGE('',*,*,#1536,.T.);
#2130=ORIENTED_EDGE('',*,*,#1537,.F.);
#2131=ORIENTED_EDGE('',*,*,#1531,.F.);
#2132=ORIENTED_EDGE('',*,*,#1538,.F.);
#2133=ORIENTED_EDGE('',*,*,#1539,.T.);
#2134=ORIENTED_EDGE('',*,*,#1533,.T.);
#2135=ORIENTED_EDGE('',*,*,#1530,.F.);
#2136=ORIENTED_EDGE('',*,*,#1540,.F.);
#2137=ORIENTED_EDGE('',*,*,#1541,.T.);
#2138=ORIENTED_EDGE('',*,*,#1537,.T.);
#2139=ORIENTED_EDGE('',*,*,#1542,.T.);
#2140=ORIENTED_EDGE('',*,*,#1543,.F.);
#2141=ORIENTED_EDGE('',*,*,#1544,.T.);
#2142=ORIENTED_EDGE('',*,*,#1545,.F.);
#2143=ORIENTED_EDGE('',*,*,#1532,.F.);
#2144=ORIENTED_EDGE('',*,*,#1546,.F.);
#2145=ORIENTED_EDGE('',*,*,#1547,.T.);
#2146=ORIENTED_EDGE('',*,*,#1540,.T.);
#2147=ORIENTED_EDGE('',*,*,#1529,.F.);
#2148=ORIENTED_EDGE('',*,*,#1545,.T.);
#2149=ORIENTED_EDGE('',*,*,#1548,.T.);
#2150=ORIENTED_EDGE('',*,*,#1549,.F.);
#2151=ORIENTED_EDGE('',*,*,#1522,.T.);
#2152=ORIENTED_EDGE('',*,*,#1550,.F.);
#2153=ORIENTED_EDGE('',*,*,#1541,.F.);
#2154=ORIENTED_EDGE('',*,*,#1547,.F.);
#2155=ORIENTED_EDGE('',*,*,#1551,.F.);
#2156=ORIENTED_EDGE('',*,*,#1524,.T.);
#2157=ORIENTED_EDGE('',*,*,#1552,.F.);
#2158=ORIENTED_EDGE('',*,*,#1548,.F.);
#2159=ORIENTED_EDGE('',*,*,#1544,.F.);
#2160=ORIENTED_EDGE('',*,*,#1553,.F.);
#2161=ORIENTED_EDGE('',*,*,#1526,.T.);
#2162=ORIENTED_EDGE('',*,*,#1554,.F.);
#2163=ORIENTED_EDGE('',*,*,#1542,.F.);
#2164=ORIENTED_EDGE('',*,*,#1536,.F.);
#2165=ORIENTED_EDGE('',*,*,#1555,.F.);
#2166=ORIENTED_EDGE('',*,*,#1520,.T.);
#2167=ORIENTED_EDGE('',*,*,#1556,.F.);
#2168=ORIENTED_EDGE('',*,*,#1534,.F.);
#2169=ORIENTED_EDGE('',*,*,#1539,.F.);
#2170=ORIENTED_EDGE('',*,*,#1556,.T.);
#2171=ORIENTED_EDGE('',*,*,#1527,.T.);
#2172=ORIENTED_EDGE('',*,*,#1553,.T.);
#2173=ORIENTED_EDGE('',*,*,#1535,.T.);
#2174=ORIENTED_EDGE('',*,*,#1554,.T.);
#2175=ORIENTED_EDGE('',*,*,#1525,.T.);
#2176=ORIENTED_EDGE('',*,*,#1551,.T.);
#2177=ORIENTED_EDGE('',*,*,#1543,.T.);
#2178=ORIENTED_EDGE('',*,*,#1552,.T.);
#2179=ORIENTED_EDGE('',*,*,#1523,.T.);
#2180=ORIENTED_EDGE('',*,*,#1549,.T.);
#2181=ORIENTED_EDGE('',*,*,#1546,.T.);
#2182=ORIENTED_EDGE('',*,*,#1550,.T.);
#2183=ORIENTED_EDGE('',*,*,#1521,.T.);
#2184=ORIENTED_EDGE('',*,*,#1555,.T.);
#2185=ORIENTED_EDGE('',*,*,#1538,.T.);
#2186=ORIENTED_EDGE('',*,*,#1557,.T.);
#2187=ORIENTED_EDGE('',*,*,#1558,.T.);
#2188=ORIENTED_EDGE('',*,*,#1559,.T.);
#2189=ORIENTED_EDGE('',*,*,#1560,.T.);
#2190=ORIENTED_EDGE('',*,*,#1561,.F.);
#2191=ORIENTED_EDGE('',*,*,#1562,.T.);
#2192=ORIENTED_EDGE('',*,*,#1563,.T.);
#2193=ORIENTED_EDGE('',*,*,#1558,.F.);
#2194=ORIENTED_EDGE('',*,*,#1564,.T.);
#2195=ORIENTED_EDGE('',*,*,#1565,.T.);
#2196=ORIENTED_EDGE('',*,*,#1563,.F.);
#2197=ORIENTED_EDGE('',*,*,#1566,.T.);
#2198=ORIENTED_EDGE('',*,*,#1567,.F.);
#2199=ORIENTED_EDGE('',*,*,#1568,.T.);
#2200=ORIENTED_EDGE('',*,*,#1569,.T.);
#2201=ORIENTED_EDGE('',*,*,#1559,.F.);
#2202=ORIENTED_EDGE('',*,*,#1569,.F.);
#2203=ORIENTED_EDGE('',*,*,#1570,.T.);
#2204=ORIENTED_EDGE('',*,*,#1571,.F.);
#2205=ORIENTED_EDGE('',*,*,#1572,.T.);
#2206=ORIENTED_EDGE('',*,*,#1573,.F.);
#2207=ORIENTED_EDGE('',*,*,#1560,.F.);
#2208=ORIENTED_EDGE('',*,*,#1574,.F.);
#2209=ORIENTED_EDGE('',*,*,#1575,.T.);
#2210=ORIENTED_EDGE('',*,*,#1564,.F.);
#2211=ORIENTED_EDGE('',*,*,#1557,.F.);
#2212=ORIENTED_EDGE('',*,*,#1573,.T.);
#2213=ORIENTED_EDGE('',*,*,#1576,.T.);
#2214=ORIENTED_EDGE('',*,*,#1388,.F.);
#2215=ORIENTED_EDGE('',*,*,#1577,.F.);
#2216=ORIENTED_EDGE('',*,*,#1570,.F.);
#2217=ORIENTED_EDGE('',*,*,#1568,.F.);
#2218=ORIENTED_EDGE('',*,*,#1578,.F.);
#2219=ORIENTED_EDGE('',*,*,#1386,.F.);
#2220=ORIENTED_EDGE('',*,*,#1579,.F.);
#2221=ORIENTED_EDGE('',*,*,#1576,.F.);
#2222=ORIENTED_EDGE('',*,*,#1572,.F.);
#2223=ORIENTED_EDGE('',*,*,#1580,.F.);
#2224=ORIENTED_EDGE('',*,*,#1384,.F.);
#2225=ORIENTED_EDGE('',*,*,#1581,.F.);
#2226=ORIENTED_EDGE('',*,*,#1565,.F.);
#2227=ORIENTED_EDGE('',*,*,#1575,.F.);
#2228=ORIENTED_EDGE('',*,*,#1582,.F.);
#2229=ORIENTED_EDGE('',*,*,#1382,.F.);
#2230=ORIENTED_EDGE('',*,*,#1583,.F.);
#2231=ORIENTED_EDGE('',*,*,#1566,.F.);
#2232=ORIENTED_EDGE('',*,*,#1562,.F.);
#2233=ORIENTED_EDGE('',*,*,#1584,.F.);
#2234=ORIENTED_EDGE('',*,*,#1383,.F.);
#2235=ORIENTED_EDGE('',*,*,#1584,.T.);
#2236=ORIENTED_EDGE('',*,*,#1561,.T.);
#2237=ORIENTED_EDGE('',*,*,#1581,.T.);
#2238=ORIENTED_EDGE('',*,*,#1385,.F.);
#2239=ORIENTED_EDGE('',*,*,#1582,.T.);
#2240=ORIENTED_EDGE('',*,*,#1574,.T.);
#2241=ORIENTED_EDGE('',*,*,#1579,.T.);
#2242=ORIENTED_EDGE('',*,*,#1387,.F.);
#2243=ORIENTED_EDGE('',*,*,#1580,.T.);
#2244=ORIENTED_EDGE('',*,*,#1571,.T.);
#2245=ORIENTED_EDGE('',*,*,#1577,.T.);
#2246=ORIENTED_EDGE('',*,*,#1381,.F.);
#2247=ORIENTED_EDGE('',*,*,#1578,.T.);
#2248=ORIENTED_EDGE('',*,*,#1567,.T.);
#2249=ORIENTED_EDGE('',*,*,#1583,.T.);
#2250=ORIENTED_EDGE('',*,*,#1362,.T.);
#2251=ORIENTED_EDGE('',*,*,#1585,.T.);
#2252=ORIENTED_EDGE('',*,*,#1586,.T.);
#2253=ORIENTED_EDGE('',*,*,#1585,.F.);
#2254=ORIENTED_EDGE('',*,*,#1587,.T.);
#2255=ORIENTED_EDGE('',*,*,#1588,.F.);
#2256=ORIENTED_EDGE('',*,*,#1589,.F.);
#2257=ORIENTED_EDGE('',*,*,#1590,.F.);
#2258=ORIENTED_EDGE('',*,*,#1591,.F.);
#2259=ORIENTED_EDGE('',*,*,#1592,.F.);
#2260=ORIENTED_EDGE('',*,*,#1593,.F.);
#2261=ORIENTED_EDGE('',*,*,#1594,.F.);
#2262=ORIENTED_EDGE('',*,*,#1595,.F.);
#2263=ORIENTED_EDGE('',*,*,#1587,.F.);
#2264=ORIENTED_EDGE('',*,*,#1596,.T.);
#2265=ORIENTED_EDGE('',*,*,#1586,.F.);
#2266=ORIENTED_EDGE('',*,*,#1596,.F.);
#2267=ORIENTED_EDGE('',*,*,#1597,.T.);
#2268=ORIENTED_EDGE('',*,*,#1598,.T.);
#2269=ORIENTED_EDGE('',*,*,#1599,.T.);
#2270=ORIENTED_EDGE('',*,*,#1600,.T.);
#2271=ORIENTED_EDGE('',*,*,#1601,.F.);
#2272=ORIENTED_EDGE('',*,*,#1602,.T.);
#2273=ORIENTED_EDGE('',*,*,#1603,.F.);
#2274=ORIENTED_EDGE('',*,*,#1604,.T.);
#2275=ORIENTED_EDGE('',*,*,#1605,.F.);
#2276=ORIENTED_EDGE('',*,*,#1599,.F.);
#2277=ORIENTED_EDGE('',*,*,#1606,.F.);
#2278=ORIENTED_EDGE('',*,*,#1607,.T.);
#2279=ORIENTED_EDGE('',*,*,#1601,.T.);
#2280=ORIENTED_EDGE('',*,*,#1598,.F.);
#2281=ORIENTED_EDGE('',*,*,#1608,.F.);
#2282=ORIENTED_EDGE('',*,*,#1609,.T.);
#2283=ORIENTED_EDGE('',*,*,#1605,.T.);
#2284=ORIENTED_EDGE('',*,*,#1610,.T.);
#2285=ORIENTED_EDGE('',*,*,#1611,.F.);
#2286=ORIENTED_EDGE('',*,*,#1612,.T.);
#2287=ORIENTED_EDGE('',*,*,#1613,.F.);
#2288=ORIENTED_EDGE('',*,*,#1600,.F.);
#2289=ORIENTED_EDGE('',*,*,#1614,.F.);
#2290=ORIENTED_EDGE('',*,*,#1615,.T.);
#2291=ORIENTED_EDGE('',*,*,#1608,.T.);
#2292=ORIENTED_EDGE('',*,*,#1597,.F.);
#2293=ORIENTED_EDGE('',*,*,#1613,.T.);
#2294=ORIENTED_EDGE('',*,*,#1616,.T.);
#2295=ORIENTED_EDGE('',*,*,#1617,.F.);
#2296=ORIENTED_EDGE('',*,*,#1590,.T.);
#2297=ORIENTED_EDGE('',*,*,#1618,.F.);
#2298=ORIENTED_EDGE('',*,*,#1609,.F.);
#2299=ORIENTED_EDGE('',*,*,#1615,.F.);
#2300=ORIENTED_EDGE('',*,*,#1619,.F.);
#2301=ORIENTED_EDGE('',*,*,#1592,.T.);
#2302=ORIENTED_EDGE('',*,*,#1620,.F.);
#2303=ORIENTED_EDGE('',*,*,#1616,.F.);
#2304=ORIENTED_EDGE('',*,*,#1612,.F.);
#2305=ORIENTED_EDGE('',*,*,#1621,.F.);
#2306=ORIENTED_EDGE('',*,*,#1594,.T.);
#2307=ORIENTED_EDGE('',*,*,#1622,.F.);
#2308=ORIENTED_EDGE('',*,*,#1610,.F.);
#2309=ORIENTED_EDGE('',*,*,#1604,.F.);
#2310=ORIENTED_EDGE('',*,*,#1623,.F.);
#2311=ORIENTED_EDGE('',*,*,#1588,.T.);
#2312=ORIENTED_EDGE('',*,*,#1624,.F.);
#2313=ORIENTED_EDGE('',*,*,#1602,.F.);
#2314=ORIENTED_EDGE('',*,*,#1607,.F.);
#2315=ORIENTED_EDGE('',*,*,#1624,.T.);
#2316=ORIENTED_EDGE('',*,*,#1595,.T.);
#2317=ORIENTED_EDGE('',*,*,#1621,.T.);
#2318=ORIENTED_EDGE('',*,*,#1603,.T.);
#2319=ORIENTED_EDGE('',*,*,#1622,.T.);
#2320=ORIENTED_EDGE('',*,*,#1593,.T.);
#2321=ORIENTED_EDGE('',*,*,#1619,.T.);
#2322=ORIENTED_EDGE('',*,*,#1611,.T.);
#2323=ORIENTED_EDGE('',*,*,#1620,.T.);
#2324=ORIENTED_EDGE('',*,*,#1591,.T.);
#2325=ORIENTED_EDGE('',*,*,#1617,.T.);
#2326=ORIENTED_EDGE('',*,*,#1614,.T.);
#2327=ORIENTED_EDGE('',*,*,#1618,.T.);
#2328=ORIENTED_EDGE('',*,*,#1589,.T.);
#2329=ORIENTED_EDGE('',*,*,#1623,.T.);
#2330=ORIENTED_EDGE('',*,*,#1606,.T.);
#2331=ORIENTED_EDGE('',*,*,#1372,.F.);
#2332=ORIENTED_EDGE('',*,*,#1375,.F.);
#2333=ORIENTED_EDGE('',*,*,#1379,.F.);
#2334=ORIENTED_EDGE('',*,*,#1353,.T.);
#2335=ORIENTED_EDGE('',*,*,#1265,.T.);
#2336=ORIENTED_EDGE('',*,*,#1287,.F.);
#2337=ORIENTED_EDGE('',*,*,#1290,.F.);
#2338=ORIENTED_EDGE('',*,*,#1356,.T.);
#2339=ORIENTED_EDGE('',*,*,#1405,.T.);
#2340=ORIENTED_EDGE('',*,*,#1275,.T.);
#2341=ORIENTED_EDGE('',*,*,#1293,.T.);
#2342=ORIENTED_EDGE('',*,*,#1283,.T.);
#2343=ORIENTED_EDGE('',*,*,#1280,.F.);
#2344=ORIENTED_EDGE('',*,*,#1366,.F.);
#2345=PLANE('',#2600);
#2346=PLANE('',#2604);
#2347=PLANE('',#2605);
#2348=PLANE('',#2609);
#2349=PLANE('',#2610);
#2350=PLANE('',#2612);
#2351=PLANE('',#2613);
#2352=PLANE('',#2614);
#2353=PLANE('',#2618);
#2354=PLANE('',#2619);
#2355=PLANE('',#2622);
#2356=PLANE('',#2623);
#2357=PLANE('',#2624);
#2358=PLANE('',#2628);
#2359=PLANE('',#2629);
#2360=PLANE('',#2632);
#2361=PLANE('',#2633);
#2362=PLANE('',#2637);
#2363=PLANE('',#2638);
#2364=PLANE('',#2640);
#2365=PLANE('',#2641);
#2366=PLANE('',#2648);
#2367=PLANE('',#2649);
#2368=PLANE('',#2650);
#2369=PLANE('',#2651);
#2370=PLANE('',#2652);
#2371=PLANE('',#2665);
#2372=PLANE('',#2666);
#2373=PLANE('',#2670);
#2374=PLANE('',#2671);
#2375=PLANE('',#2672);
#2376=PLANE('',#2673);
#2377=PLANE('',#2674);
#2378=PLANE('',#2675);
#2379=PLANE('',#2676);
#2380=PLANE('',#2677);
#2381=PLANE('',#2680);
#2382=PLANE('',#2688);
#2383=PLANE('',#2691);
#2384=PLANE('',#2694);
#2385=PLANE('',#2697);
#2386=PLANE('',#2700);
#2387=PLANE('',#2701);
#2388=PLANE('',#2702);
#2389=PLANE('',#2703);
#2390=PLANE('',#2704);
#2391=PLANE('',#2705);
#2392=PLANE('',#2708);
#2393=PLANE('',#2711);
#2394=PLANE('',#2714);
#2395=PLANE('',#2725);
#2396=PLANE('',#2729);
#2397=PLANE('',#2730);
#2398=PLANE('',#2731);
#2399=PLANE('',#2735);
#2400=PLANE('',#2736);
#2401=PLANE('',#2737);
#2402=PLANE('',#2738);
#2403=PLANE('',#2739);
#2404=PLANE('',#2742);
#2405=PLANE('',#2745);
#2406=PLANE('',#2748);
#2407=PLANE('',#2755);
#2408=PLANE('',#2756);
#2409=PLANE('',#2757);
#2410=PLANE('',#2758);
#2411=PLANE('',#2761);
#2412=PLANE('',#2769);
#2413=PLANE('',#2770);
#2414=PLANE('',#2773);
#2415=PLANE('',#2776);
#2416=PLANE('',#2779);
#2417=PLANE('',#2786);
#2418=PLANE('',#2787);
#2419=PLANE('',#2788);
#2420=PLANE('',#2789);
#2421=PLANE('',#2790);
#2422=PLANE('',#2791);
#2423=PLANE('',#2794);
#2424=PLANE('',#2797);
#2425=PLANE('',#2800);
#2426=PLANE('',#2807);
#2427=PLANE('',#2808);
#2428=PLANE('',#2809);
#2429=PLANE('',#2810);
#2430=PLANE('',#2813);
#2431=PLANE('',#2821);
#2432=PLANE('',#2822);
#2433=PLANE('',#2825);
#2434=PLANE('',#2828);
#2435=PLANE('',#2831);
#2436=PLANE('',#2838);
#2437=PLANE('',#2839);
#2438=PLANE('',#2840);
#2439=PLANE('',#2841);
#2440=PLANE('',#2842);
#2441=ADVANCED_FACE('',(#208),#2345,.T.);
#2442=ADVANCED_FACE('',(#209),#2346,.T.);
#2443=ADVANCED_FACE('',(#210),#2347,.F.);
#2444=ADVANCED_FACE('',(#211),#177,.T.);
#2445=ADVANCED_FACE('',(#212),#2348,.F.);
#2446=ADVANCED_FACE('',(#213),#2349,.F.);
#2447=ADVANCED_FACE('',(#214),#2350,.T.);
#2448=ADVANCED_FACE('',(#215),#2351,.T.);
#2449=ADVANCED_FACE('',(#216),#2352,.F.);
#2450=ADVANCED_FACE('',(#217),#178,.T.);
#2451=ADVANCED_FACE('',(#218),#2353,.F.);
#2452=ADVANCED_FACE('',(#219),#2354,.F.);
#2453=ADVANCED_FACE('',(#220),#2355,.T.);
#2454=ADVANCED_FACE('',(#221),#2356,.T.);
#2455=ADVANCED_FACE('',(#222),#2357,.F.);
#2456=ADVANCED_FACE('',(#223),#179,.T.);
#2457=ADVANCED_FACE('',(#224),#2358,.F.);
#2458=ADVANCED_FACE('',(#225),#2359,.F.);
#2459=ADVANCED_FACE('',(#226),#2360,.T.);
#2460=ADVANCED_FACE('',(#227),#2361,.F.);
#2461=ADVANCED_FACE('',(#228),#180,.T.);
#2462=ADVANCED_FACE('',(#229),#2362,.F.);
#2463=ADVANCED_FACE('',(#230),#2363,.F.);
#2464=ADVANCED_FACE('',(#231),#2364,.T.);
#2465=ADVANCED_FACE('',(#232,#102,#103,#104),#2365,.T.);
#2466=ADVANCED_FACE('',(#233),#2366,.F.);
#2467=ADVANCED_FACE('',(#234),#2367,.F.);
#2468=ADVANCED_FACE('',(#235),#2368,.F.);
#2469=ADVANCED_FACE('',(#236),#2369,.T.);
#2470=ADVANCED_FACE('',(#237,#105,#106,#107),#2370,.F.);
#2471=ADVANCED_FACE('',(#238),#2371,.T.);
#2472=ADVANCED_FACE('',(#239),#2372,.T.);
#2473=ADVANCED_FACE('',(#240),#181,.F.);
#2474=ADVANCED_FACE('',(#241),#96,.F.);
#2475=ADVANCED_FACE('',(#242),#2373,.F.);
#2476=ADVANCED_FACE('',(#243),#2374,.F.);
#2477=ADVANCED_FACE('',(#244),#2375,.F.);
#2478=ADVANCED_FACE('',(#245),#2376,.T.);
#2479=ADVANCED_FACE('',(#246),#2377,.T.);
#2480=ADVANCED_FACE('',(#247),#2378,.T.);
#2481=ADVANCED_FACE('',(#248),#2379,.T.);
#2482=ADVANCED_FACE('',(#249),#2380,.T.);
#2483=ADVANCED_FACE('',(#250),#97,.T.);
#2484=ADVANCED_FACE('',(#251,#108),#2381,.T.);
#2485=ADVANCED_FACE('',(#252),#14,.T.);
#2486=ADVANCED_FACE('',(#253),#2382,.T.);
#2487=ADVANCED_FACE('',(#254),#2383,.T.);
#2488=ADVANCED_FACE('',(#255),#2384,.T.);
#2489=ADVANCED_FACE('',(#256),#2385,.T.);
#2490=ADVANCED_FACE('',(#257),#2386,.F.);
#2491=ADVANCED_FACE('',(#258),#2387,.T.);
#2492=ADVANCED_FACE('',(#259),#2388,.T.);
#2493=ADVANCED_FACE('',(#260),#2389,.T.);
#2494=ADVANCED_FACE('',(#261),#2390,.T.);
#2495=ADVANCED_FACE('',(#262),#2391,.F.);
#2496=ADVANCED_FACE('',(#263),#2392,.F.);
#2497=ADVANCED_FACE('',(#264),#2393,.F.);
#2498=ADVANCED_FACE('',(#265),#2394,.F.);
#2499=ADVANCED_FACE('',(#266),#182,.T.);
#2500=ADVANCED_FACE('',(#267),#183,.T.);
#2501=ADVANCED_FACE('',(#268),#184,.T.);
#2502=ADVANCED_FACE('',(#269),#185,.T.);
#2503=ADVANCED_FACE('',(#270),#186,.T.);
#2504=ADVANCED_FACE('',(#271),#187,.T.);
#2505=ADVANCED_FACE('',(#272),#188,.T.);
#2506=ADVANCED_FACE('',(#273),#189,.T.);
#2507=ADVANCED_FACE('',(#274),#2395,.T.);
#2508=ADVANCED_FACE('',(#275),#190,.F.);
#2509=ADVANCED_FACE('',(#276),#98,.F.);
#2510=ADVANCED_FACE('',(#277),#2396,.F.);
#2511=ADVANCED_FACE('',(#278),#2397,.F.);
#2512=ADVANCED_FACE('',(#279),#2398,.F.);
#2513=ADVANCED_FACE('',(#280),#191,.F.);
#2514=ADVANCED_FACE('',(#281),#99,.F.);
#2515=ADVANCED_FACE('',(#282),#2399,.F.);
#2516=ADVANCED_FACE('',(#283),#2400,.F.);
#2517=ADVANCED_FACE('',(#284),#2401,.F.);
#2518=ADVANCED_FACE('',(#285),#2402,.T.);
#2519=ADVANCED_FACE('',(#286),#2403,.F.);
#2520=ADVANCED_FACE('',(#287),#2404,.F.);
#2521=ADVANCED_FACE('',(#288),#2405,.F.);
#2522=ADVANCED_FACE('',(#289),#2406,.F.);
#2523=ADVANCED_FACE('',(#290),#192,.T.);
#2524=ADVANCED_FACE('',(#291),#193,.T.);
#2525=ADVANCED_FACE('',(#292),#194,.T.);
#2526=ADVANCED_FACE('',(#293),#195,.T.);
#2527=ADVANCED_FACE('',(#294),#2407,.T.);
#2528=ADVANCED_FACE('',(#295),#2408,.T.);
#2529=ADVANCED_FACE('',(#296),#2409,.T.);
#2530=ADVANCED_FACE('',(#297),#2410,.T.);
#2531=ADVANCED_FACE('',(#298),#100,.T.);
#2532=ADVANCED_FACE('',(#299,#109),#2411,.T.);
#2533=ADVANCED_FACE('',(#300),#15,.T.);
#2534=ADVANCED_FACE('',(#301),#2412,.F.);
#2535=ADVANCED_FACE('',(#302),#2413,.T.);
#2536=ADVANCED_FACE('',(#303),#2414,.T.);
#2537=ADVANCED_FACE('',(#304),#2415,.T.);
#2538=ADVANCED_FACE('',(#305),#2416,.T.);
#2539=ADVANCED_FACE('',(#306),#196,.T.);
#2540=ADVANCED_FACE('',(#307),#197,.T.);
#2541=ADVANCED_FACE('',(#308),#198,.T.);
#2542=ADVANCED_FACE('',(#309),#199,.T.);
#2543=ADVANCED_FACE('',(#310),#2417,.T.);
#2544=ADVANCED_FACE('',(#311),#2418,.T.);
#2545=ADVANCED_FACE('',(#312),#2419,.T.);
#2546=ADVANCED_FACE('',(#313),#2420,.T.);
#2547=ADVANCED_FACE('',(#314),#2421,.T.);
#2548=ADVANCED_FACE('',(#315),#2422,.F.);
#2549=ADVANCED_FACE('',(#316),#2423,.F.);
#2550=ADVANCED_FACE('',(#317),#2424,.F.);
#2551=ADVANCED_FACE('',(#318),#2425,.F.);
#2552=ADVANCED_FACE('',(#319),#200,.T.);
#2553=ADVANCED_FACE('',(#320),#201,.T.);
#2554=ADVANCED_FACE('',(#321),#202,.T.);
#2555=ADVANCED_FACE('',(#322),#203,.T.);
#2556=ADVANCED_FACE('',(#323),#2426,.T.);
#2557=ADVANCED_FACE('',(#324),#2427,.T.);
#2558=ADVANCED_FACE('',(#325),#2428,.T.);
#2559=ADVANCED_FACE('',(#326),#2429,.T.);
#2560=ADVANCED_FACE('',(#327),#101,.T.);
#2561=ADVANCED_FACE('',(#328,#110),#2430,.T.);
#2562=ADVANCED_FACE('',(#329),#16,.T.);
#2563=ADVANCED_FACE('',(#330),#2431,.F.);
#2564=ADVANCED_FACE('',(#331),#2432,.T.);
#2565=ADVANCED_FACE('',(#332),#2433,.T.);
#2566=ADVANCED_FACE('',(#333),#2434,.T.);
#2567=ADVANCED_FACE('',(#334),#2435,.T.);
#2568=ADVANCED_FACE('',(#335),#204,.T.);
#2569=ADVANCED_FACE('',(#336),#205,.T.);
#2570=ADVANCED_FACE('',(#337),#206,.T.);
#2571=ADVANCED_FACE('',(#338),#207,.T.);
#2572=ADVANCED_FACE('',(#339),#2436,.T.);
#2573=ADVANCED_FACE('',(#340),#2437,.T.);
#2574=ADVANCED_FACE('',(#341),#2438,.T.);
#2575=ADVANCED_FACE('',(#342),#2439,.T.);
#2576=ADVANCED_FACE('',(#343),#2440,.F.);
#2577=CLOSED_SHELL('',(#2441,#2442,#2443,#2444,#2445,#2446,#2447,#2448,
#2449,#2450,#2451,#2452,#2453,#2454,#2455,#2456,#2457,#2458,#2459,#2460,
#2461,#2462,#2463,#2464,#2465,#2466,#2467,#2468,#2469,#2470,#2471,#2472,
#2473,#2474,#2475,#2476,#2477,#2478,#2479,#2480,#2481,#2482,#2483,#2484,
#2485,#2486,#2487,#2488,#2489,#2490,#2491,#2492,#2493,#2494,#2495,#2496,
#2497,#2498,#2499,#2500,#2501,#2502,#2503,#2504,#2505,#2506,#2507,#2508,
#2509,#2510,#2511,#2512,#2513,#2514,#2515,#2516,#2517,#2518,#2519,#2520,
#2521,#2522,#2523,#2524,#2525,#2526,#2527,#2528,#2529,#2530,#2531,#2532,
#2533,#2534,#2535,#2536,#2537,#2538,#2539,#2540,#2541,#2542,#2543,#2544,
#2545,#2546,#2547,#2548,#2549,#2550,#2551,#2552,#2553,#2554,#2555,#2556,
#2557,#2558,#2559,#2560,#2561,#2562,#2563,#2564,#2565,#2566,#2567,#2568,
#2569,#2570,#2571,#2572,#2573,#2574,#2575,#2576));
#2578=DERIVED_UNIT_ELEMENT(#2581,1.);
#2579=DERIVED_UNIT_ELEMENT(#4327,-3.);
#2580=DIMENSIONAL_EXPONENTS(0.,1.,0.,0.,0.,0.,0.);
#2581=(
CONVERSION_BASED_UNIT('gram',#2583)
MASS_UNIT()
NAMED_UNIT(#2580)
);
#2582=(
MASS_UNIT()
NAMED_UNIT(*)
SI_UNIT(.KILO.,.GRAM.)
);
#2583=MASS_MEASURE_WITH_UNIT(MASS_MEASURE(0.001),#2582);
#2584=DERIVED_UNIT((#2578,#2579));
#2585=MEASURE_REPRESENTATION_ITEM('density measure',
POSITIVE_RATIO_MEASURE(1.),#2584);
#2586=PROPERTY_DEFINITION_REPRESENTATION(#2591,#2588);
#2587=PROPERTY_DEFINITION_REPRESENTATION(#2592,#2589);
#2588=REPRESENTATION('material name',(#2590),#4324);
#2589=REPRESENTATION('density',(#2585),#4324);
#2590=DESCRIPTIVE_REPRESENTATION_ITEM('Generic','Generic');
#2591=PROPERTY_DEFINITION('material property','material name',#4334);
#2592=PROPERTY_DEFINITION('material property','density of part',#4334);
#2593=DATE_TIME_ROLE('creation_date');
#2594=APPLIED_DATE_AND_TIME_ASSIGNMENT(#2595,#2593,(#4334));
#2595=DATE_AND_TIME(#2596,#2597);
#2596=CALENDAR_DATE(2022,19,5);
#2597=LOCAL_TIME(15,52,50.,#2598);
#2598=COORDINATED_UNIVERSAL_TIME_OFFSET(0,0,.BEHIND.);
#2599=AXIS2_PLACEMENT_3D('',#3578,#2843,#2844);
#2600=AXIS2_PLACEMENT_3D('',#3579,#2845,#2846);
#2601=AXIS2_PLACEMENT_3D('',#3590,#2851,#2852);
#2602=AXIS2_PLACEMENT_3D('',#3594,#2854,#2855);
#2603=AXIS2_PLACEMENT_3D('',#3598,#2857,#2858);
#2604=AXIS2_PLACEMENT_3D('',#3600,#2860,#2861);
#2605=AXIS2_PLACEMENT_3D('',#3609,#2866,#2867);
#2606=AXIS2_PLACEMENT_3D('',#3618,#2872,#2873);
#2607=AXIS2_PLACEMENT_3D('',#3620,#2874,#2875);
#2608=AXIS2_PLACEMENT_3D('',#3623,#2877,#2878);
#2609=AXIS2_PLACEMENT_3D('',#3624,#2879,#2880);
#2610=AXIS2_PLACEMENT_3D('',#3632,#2883,#2884);
#2611=AXIS2_PLACEMENT_3D('',#3639,#2888,#2889);
#2612=AXIS2_PLACEMENT_3D('',#3640,#2890,#2891);
#2613=AXIS2_PLACEMENT_3D('',#3643,#2894,#2895);
#2614=AXIS2_PLACEMENT_3D('',#3652,#2900,#2901);
#2615=AXIS2_PLACEMENT_3D('',#3661,#2906,#2907);
#2616=AXIS2_PLACEMENT_3D('',#3663,#2908,#2909);
#2617=AXIS2_PLACEMENT_3D('',#3666,#2911,#2912);
#2618=AXIS2_PLACEMENT_3D('',#3667,#2913,#2914);
#2619=AXIS2_PLACEMENT_3D('',#3677,#2916,#2917);
#2620=AXIS2_PLACEMENT_3D('',#3680,#2918,#2919);
#2621=AXIS2_PLACEMENT_3D('',#3685,#2922,#2923);
#2622=AXIS2_PLACEMENT_3D('',#3687,#2925,#2926);
#2623=AXIS2_PLACEMENT_3D('',#3690,#2929,#2930);
#2624=AXIS2_PLACEMENT_3D('',#3699,#2935,#2936);
#2625=AXIS2_PLACEMENT_3D('',#3708,#2941,#2942);
#2626=AXIS2_PLACEMENT_3D('',#3710,#2943,#2944);
#2627=AXIS2_PLACEMENT_3D('',#3713,#2946,#2947);
#2628=AXIS2_PLACEMENT_3D('',#3714,#2948,#2949);
#2629=AXIS2_PLACEMENT_3D('',#3724,#2951,#2952);
#2630=AXIS2_PLACEMENT_3D('',#3727,#2953,#2954);
#2631=AXIS2_PLACEMENT_3D('',#3732,#2957,#2958);
#2632=AXIS2_PLACEMENT_3D('',#3734,#2960,#2961);
#2633=AXIS2_PLACEMENT_3D('',#3743,#2966,#2967);
#2634=AXIS2_PLACEMENT_3D('',#3752,#2972,#2973);
#2635=AXIS2_PLACEMENT_3D('',#3756,#2975,#2976);
#2636=AXIS2_PLACEMENT_3D('',#3757,#2977,#2978);
#2637=AXIS2_PLACEMENT_3D('',#3758,#2979,#2980);
#2638=AXIS2_PLACEMENT_3D('',#3766,#2983,#2984);
#2639=AXIS2_PLACEMENT_3D('',#3772,#2987,#2988);
#2640=AXIS2_PLACEMENT_3D('',#3774,#2990,#2991);
#2641=AXIS2_PLACEMENT_3D('',#3780,#2995,#2996);
#2642=AXIS2_PLACEMENT_3D('',#3783,#2998,#2999);
#2643=AXIS2_PLACEMENT_3D('',#3784,#3000,#3001);
#2644=AXIS2_PLACEMENT_3D('',#3785,#3002,#3003);
#2645=AXIS2_PLACEMENT_3D('',#3790,#3006,#3007);
#2646=AXIS2_PLACEMENT_3D('',#3792,#3008,#3009);
#2647=AXIS2_PLACEMENT_3D('',#3794,#3010,#3011);
#2648=AXIS2_PLACEMENT_3D('',#3795,#3012,#3013);
#2649=AXIS2_PLACEMENT_3D('',#3804,#3020,#3021);
#2650=AXIS2_PLACEMENT_3D('',#3810,#3025,#3026);
#2651=AXIS2_PLACEMENT_3D('',#3816,#3030,#3031);
#2652=AXIS2_PLACEMENT_3D('',#3819,#3034,#3035);
#2653=AXIS2_PLACEMENT_3D('',#3826,#3039,#3040);
#2654=AXIS2_PLACEMENT_3D('',#3830,#3042,#3043);
#2655=AXIS2_PLACEMENT_3D('',#3834,#3045,#3046);
#2656=AXIS2_PLACEMENT_3D('',#3837,#3048,#3049);
#2657=AXIS2_PLACEMENT_3D('',#3842,#3051,#3052);
#2658=AXIS2_PLACEMENT_3D('',#3846,#3054,#3055);
#2659=AXIS2_PLACEMENT_3D('',#3850,#3057,#3058);
#2660=AXIS2_PLACEMENT_3D('',#3853,#3060,#3061);
#2661=AXIS2_PLACEMENT_3D('',#3858,#3063,#3064);
#2662=AXIS2_PLACEMENT_3D('',#3862,#3066,#3067);
#2663=AXIS2_PLACEMENT_3D('',#3866,#3069,#3070);
#2664=AXIS2_PLACEMENT_3D('',#3869,#3072,#3073);
#2665=AXIS2_PLACEMENT_3D('',#3870,#3074,#3075);
#2666=AXIS2_PLACEMENT_3D('',#3876,#3081,#3082);
#2667=AXIS2_PLACEMENT_3D('',#3879,#3085,#3086);
#2668=AXIS2_PLACEMENT_3D('',#3880,#3087,#3088);
#2669=AXIS2_PLACEMENT_3D('',#3881,#3089,#3090);
#2670=AXIS2_PLACEMENT_3D('',#3882,#3091,#3092);
#2671=AXIS2_PLACEMENT_3D('',#3884,#3094,#3095);
#2672=AXIS2_PLACEMENT_3D('',#3886,#3097,#3098);
#2673=AXIS2_PLACEMENT_3D('',#3887,#3099,#3100);
#2674=AXIS2_PLACEMENT_3D('',#3896,#3105,#3106);
#2675=AXIS2_PLACEMENT_3D('',#3902,#3110,#3111);
#2676=AXIS2_PLACEMENT_3D('',#3908,#3115,#3116);
#2677=AXIS2_PLACEMENT_3D('',#3914,#3120,#3121);
#2678=AXIS2_PLACEMENT_3D('',#3920,#3125,#3126);
#2679=AXIS2_PLACEMENT_3D('',#3923,#3128,#3129);
#2680=AXIS2_PLACEMENT_3D('',#3924,#3130,#3131);
#2681=AXIS2_PLACEMENT_3D('',#3926,#3132,#3133);
#2682=AXIS2_PLACEMENT_3D('',#3931,#3135,#3136);
#2683=AXIS2_PLACEMENT_3D('',#3935,#3138,#3139);
#2684=AXIS2_PLACEMENT_3D('',#3939,#3141,#3142);
#2685=AXIS2_PLACEMENT_3D('',#3942,#3144,#3145);
#2686=AXIS2_PLACEMENT_3D('',#3943,#3146,#3147);
#2687=AXIS2_PLACEMENT_3D('',#3944,#3148,#3149);
#2688=AXIS2_PLACEMENT_3D('',#3945,#3150,#3151);
#2689=AXIS2_PLACEMENT_3D('',#3950,#3153,#3154);
#2690=AXIS2_PLACEMENT_3D('',#3957,#3158,#3159);
#2691=AXIS2_PLACEMENT_3D('',#3958,#3160,#3161);
#2692=AXIS2_PLACEMENT_3D('',#3963,#3163,#3164);
#2693=AXIS2_PLACEMENT_3D('',#3966,#3166,#3167);
#2694=AXIS2_PLACEMENT_3D('',#3968,#3169,#3170);
#2695=AXIS2_PLACEMENT_3D('',#3973,#3172,#3173);
#2696=AXIS2_PLACEMENT_3D('',#3977,#3176,#3177);
#2697=AXIS2_PLACEMENT_3D('',#3978,#3178,#3179);
#2698=AXIS2_PLACEMENT_3D('',#3980,#3180,#3181);
#2699=AXIS2_PLACEMENT_3D('',#3983,#3183,#3184);
#2700=AXIS2_PLACEMENT_3D('',#3985,#3186,#3187);
#2701=AXIS2_PLACEMENT_3D('',#3986,#3188,#3189);
#2702=AXIS2_PLACEMENT_3D('',#3989,#3192,#3193);
#2703=AXIS2_PLACEMENT_3D('',#3992,#3196,#3197);
#2704=AXIS2_PLACEMENT_3D('',#3995,#3200,#3201);
#2705=AXIS2_PLACEMENT_3D('',#3998,#3204,#3205);
#2706=AXIS2_PLACEMENT_3D('',#4000,#3206,#3207);
#2707=AXIS2_PLACEMENT_3D('',#4004,#3210,#3211);
#2708=AXIS2_PLACEMENT_3D('',#4005,#3212,#3213);
#2709=AXIS2_PLACEMENT_3D('',#4006,#3214,#3215);
#2710=AXIS2_PLACEMENT_3D('',#4008,#3216,#3217);
#2711=AXIS2_PLACEMENT_3D('',#4010,#3219,#3220);
#2712=AXIS2_PLACEMENT_3D('',#4013,#3222,#3223);
#2713=AXIS2_PLACEMENT_3D('',#4014,#3224,#3225);
#2714=AXIS2_PLACEMENT_3D('',#4015,#3226,#3227);
#2715=AXIS2_PLACEMENT_3D('',#4016,#3228,#3229);
#2716=AXIS2_PLACEMENT_3D('',#4017,#3230,#3231);
#2717=AXIS2_PLACEMENT_3D('',#4018,#3232,#3233);
#2718=AXIS2_PLACEMENT_3D('',#4019,#3234,#3235);
#2719=AXIS2_PLACEMENT_3D('',#4020,#3236,#3237);
#2720=AXIS2_PLACEMENT_3D('',#4021,#3238,#3239);
#2721=AXIS2_PLACEMENT_3D('',#4022,#3240,#3241);
#2722=AXIS2_PLACEMENT_3D('',#4023,#3242,#3243);
#2723=AXIS2_PLACEMENT_3D('',#4024,#3244,#3245);
#2724=AXIS2_PLACEMENT_3D('',#4025,#3246,#3247);
#2725=AXIS2_PLACEMENT_3D('',#4026,#3248,#3249);
#2726=AXIS2_PLACEMENT_3D('',#4027,#3250,#3251);
#2727=AXIS2_PLACEMENT_3D('',#4028,#3252,#3253);
#2728=AXIS2_PLACEMENT_3D('',#4029,#3254,#3255);
#2729=AXIS2_PLACEMENT_3D('',#4030,#3256,#3257);
#2730=AXIS2_PLACEMENT_3D('',#4033,#3260,#3261);
#2731=AXIS2_PLACEMENT_3D('',#4034,#3262,#3263);
#2732=AXIS2_PLACEMENT_3D('',#4035,#3264,#3265);
#2733=AXIS2_PLACEMENT_3D('',#4036,#3266,#3267);
#2734=AXIS2_PLACEMENT_3D('',#4037,#3268,#3269);
#2735=AXIS2_PLACEMENT_3D('',#4038,#3270,#3271);
#2736=AXIS2_PLACEMENT_3D('',#4041,#3274,#3275);
#2737=AXIS2_PLACEMENT_3D('',#4042,#3276,#3277);
#2738=AXIS2_PLACEMENT_3D('',#4043,#3278,#3279);
#2739=AXIS2_PLACEMENT_3D('',#4052,#3284,#3285);
#2740=AXIS2_PLACEMENT_3D('',#4057,#3287,#3288);
#2741=AXIS2_PLACEMENT_3D('',#4061,#3291,#3292);
#2742=AXIS2_PLACEMENT_3D('',#4062,#3293,#3294);
#2743=AXIS2_PLACEMENT_3D('',#4064,#3295,#3296);
#2744=AXIS2_PLACEMENT_3D('',#4068,#3298,#3299);
#2745=AXIS2_PLACEMENT_3D('',#4070,#3301,#3302);
#2746=AXIS2_PLACEMENT_3D('',#4072,#3303,#3304);
#2747=AXIS2_PLACEMENT_3D('',#4076,#3306,#3307);
#2748=AXIS2_PLACEMENT_3D('',#4078,#3309,#3310);
#2749=AXIS2_PLACEMENT_3D('',#4082,#3312,#3313);
#2750=AXIS2_PLACEMENT_3D('',#4083,#3314,#3315);
#2751=AXIS2_PLACEMENT_3D('',#4084,#3316,#3317);
#2752=AXIS2_PLACEMENT_3D('',#4087,#3320,#3321);
#2753=AXIS2_PLACEMENT_3D('',#4090,#3324,#3325);
#2754=AXIS2_PLACEMENT_3D('',#4093,#3328,#3329);
#2755=AXIS2_PLACEMENT_3D('',#4096,#3332,#3333);
#2756=AXIS2_PLACEMENT_3D('',#4097,#3334,#3335);
#2757=AXIS2_PLACEMENT_3D('',#4098,#3336,#3337);
#2758=AXIS2_PLACEMENT_3D('',#4099,#3338,#3339);
#2759=AXIS2_PLACEMENT_3D('',#4100,#3340,#3341);
#2760=AXIS2_PLACEMENT_3D('',#4103,#3343,#3344);
#2761=AXIS2_PLACEMENT_3D('',#4104,#3345,#3346);
#2762=AXIS2_PLACEMENT_3D('',#4106,#3347,#3348);
#2763=AXIS2_PLACEMENT_3D('',#4109,#3349,#3350);
#2764=AXIS2_PLACEMENT_3D('',#4113,#3352,#3353);
#2765=AXIS2_PLACEMENT_3D('',#4117,#3355,#3356);
#2766=AXIS2_PLACEMENT_3D('',#4121,#3358,#3359);
#2767=AXIS2_PLACEMENT_3D('',#4123,#3361,#3362);
#2768=AXIS2_PLACEMENT_3D('',#4124,#3363,#3364);
#2769=AXIS2_PLACEMENT_3D('',#4125,#3365,#3366);
#2770=AXIS2_PLACEMENT_3D('',#4134,#3371,#3372);
#2771=AXIS2_PLACEMENT_3D('',#4138,#3374,#3375);
#2772=AXIS2_PLACEMENT_3D('',#4142,#3377,#3378);
#2773=AXIS2_PLACEMENT_3D('',#4144,#3380,#3381);
#2774=AXIS2_PLACEMENT_3D('',#4148,#3383,#3384);
#2775=AXIS2_PLACEMENT_3D('',#4151,#3386,#3387);
#2776=AXIS2_PLACEMENT_3D('',#4152,#3388,#3389);
#2777=AXIS2_PLACEMENT_3D('',#4154,#3390,#3391);
#2778=AXIS2_PLACEMENT_3D('',#4158,#3393,#3394);
#2779=AXIS2_PLACEMENT_3D('',#4160,#3396,#3397);
#2780=AXIS2_PLACEMENT_3D('',#4164,#3399,#3400);
#2781=AXIS2_PLACEMENT_3D('',#4165,#3401,#3402);
#2782=AXIS2_PLACEMENT_3D('',#4166,#3403,#3404);
#2783=AXIS2_PLACEMENT_3D('',#4169,#3407,#3408);
#2784=AXIS2_PLACEMENT_3D('',#4172,#3411,#3412);
#2785=AXIS2_PLACEMENT_3D('',#4175,#3415,#3416);
#2786=AXIS2_PLACEMENT_3D('',#4178,#3419,#3420);
#2787=AXIS2_PLACEMENT_3D('',#4179,#3421,#3422);
#2788=AXIS2_PLACEMENT_3D('',#4180,#3423,#3424);
#2789=AXIS2_PLACEMENT_3D('',#4181,#3425,#3426);
#2790=AXIS2_PLACEMENT_3D('',#4182,#3427,#3428);
#2791=AXIS2_PLACEMENT_3D('',#4191,#3433,#3434);
#2792=AXIS2_PLACEMENT_3D('',#4196,#3436,#3437);
#2793=AXIS2_PLACEMENT_3D('',#4200,#3440,#3441);
#2794=AXIS2_PLACEMENT_3D('',#4201,#3442,#3443);
#2795=AXIS2_PLACEMENT_3D('',#4203,#3444,#3445);
#2796=AXIS2_PLACEMENT_3D('',#4207,#3447,#3448);
#2797=AXIS2_PLACEMENT_3D('',#4209,#3450,#3451);
#2798=AXIS2_PLACEMENT_3D('',#4211,#3452,#3453);
#2799=AXIS2_PLACEMENT_3D('',#4215,#3455,#3456);
#2800=AXIS2_PLACEMENT_3D('',#4217,#3458,#3459);
#2801=AXIS2_PLACEMENT_3D('',#4221,#3461,#3462);
#2802=AXIS2_PLACEMENT_3D('',#4222,#3463,#3464);
#2803=AXIS2_PLACEMENT_3D('',#4223,#3465,#3466);
#2804=AXIS2_PLACEMENT_3D('',#4226,#3469,#3470);
#2805=AXIS2_PLACEMENT_3D('',#4229,#3473,#3474);
#2806=AXIS2_PLACEMENT_3D('',#4232,#3477,#3478);
#2807=AXIS2_PLACEMENT_3D('',#4235,#3481,#3482);
#2808=AXIS2_PLACEMENT_3D('',#4236,#3483,#3484);
#2809=AXIS2_PLACEMENT_3D('',#4237,#3485,#3486);
#2810=AXIS2_PLACEMENT_3D('',#4238,#3487,#3488);
#2811=AXIS2_PLACEMENT_3D('',#4239,#3489,#3490);
#2812=AXIS2_PLACEMENT_3D('',#4242,#3492,#3493);
#2813=AXIS2_PLACEMENT_3D('',#4243,#3494,#3495);
#2814=AXIS2_PLACEMENT_3D('',#4245,#3496,#3497);
#2815=AXIS2_PLACEMENT_3D('',#4248,#3498,#3499);
#2816=AXIS2_PLACEMENT_3D('',#4252,#3501,#3502);
#2817=AXIS2_PLACEMENT_3D('',#4256,#3504,#3505);
#2818=AXIS2_PLACEMENT_3D('',#4260,#3507,#3508);
#2819=AXIS2_PLACEMENT_3D('',#4262,#3510,#3511);
#2820=AXIS2_PLACEMENT_3D('',#4263,#3512,#3513);
#2821=AXIS2_PLACEMENT_3D('',#4264,#3514,#3515);
#2822=AXIS2_PLACEMENT_3D('',#4273,#3520,#3521);
#2823=AXIS2_PLACEMENT_3D('',#4277,#3523,#3524);
#2824=AXIS2_PLACEMENT_3D('',#4281,#3526,#3527);
#2825=AXIS2_PLACEMENT_3D('',#4283,#3529,#3530);
#2826=AXIS2_PLACEMENT_3D('',#4287,#3532,#3533);
#2827=AXIS2_PLACEMENT_3D('',#4290,#3535,#3536);
#2828=AXIS2_PLACEMENT_3D('',#4291,#3537,#3538);
#2829=AXIS2_PLACEMENT_3D('',#4293,#3539,#3540);
#2830=AXIS2_PLACEMENT_3D('',#4297,#3542,#3543);
#2831=AXIS2_PLACEMENT_3D('',#4299,#3545,#3546);
#2832=AXIS2_PLACEMENT_3D('',#4303,#3548,#3549);
#2833=AXIS2_PLACEMENT_3D('',#4304,#3550,#3551);
#2834=AXIS2_PLACEMENT_3D('',#4305,#3552,#3553);
#2835=AXIS2_PLACEMENT_3D('',#4308,#3556,#3557);
#2836=AXIS2_PLACEMENT_3D('',#4311,#3560,#3561);
#2837=AXIS2_PLACEMENT_3D('',#4314,#3564,#3565);
#2838=AXIS2_PLACEMENT_3D('',#4317,#3568,#3569);
#2839=AXIS2_PLACEMENT_3D('',#4318,#3570,#3571);
#2840=AXIS2_PLACEMENT_3D('',#4319,#3572,#3573);
#2841=AXIS2_PLACEMENT_3D('',#4320,#3574,#3575);
#2842=AXIS2_PLACEMENT_3D('',#4321,#3576,#3577);
#2843=DIRECTION('axis',(0.,0.,1.));
#2844=DIRECTION('refdir',(1.,0.,0.));
#2845=DIRECTION('center_axis',(0.,0.,1.));
#2846=DIRECTION('ref_axis',(-1.,0.,0.));
#2847=DIRECTION('',(9.25604321353616E-17,-1.,0.));
#2848=DIRECTION('',(1.,0.,0.));
#2849=DIRECTION('',(-4.23103286823611E-15,-1.,0.));
#2850=DIRECTION('',(-1.,0.,0.));
#2851=DIRECTION('center_axis',(0.,0.,-1.));
#2852=DIRECTION('ref_axis',(-1.,0.,0.));
#2853=DIRECTION('',(-1.,0.,0.));
#2854=DIRECTION('center_axis',(0.,0.,-1.));
#2855=DIRECTION('ref_axis',(-1.,0.,0.));
#2856=DIRECTION('',(-1.,0.,0.));
#2857=DIRECTION('center_axis',(0.,0.,-1.));
#2858=DIRECTION('ref_axis',(-1.,0.,0.));
#2859=DIRECTION('',(-1.,0.,0.));
#2860=DIRECTION('center_axis',(0.,0.951957184995109,0.306231151152503));
#2861=DIRECTION('ref_axis',(0.,0.306231151152503,-0.951957184995109));
#2862=DIRECTION('',(4.00291870649044E-15,-0.306231151152503,0.951957184995109));
#2863=DIRECTION('',(-1.,0.,0.));
#2864=DIRECTION('',(-0.214653689239849,0.29909297162096,-0.929767276270071));
#2865=DIRECTION('',(-1.,-3.23352455922E-14,2.528070345657E-14));
#2866=DIRECTION('center_axis',(-1.52109985791304E-14,0.907959384500422,
-0.41905817746181));
#2867=DIRECTION('ref_axis',(-7.88860905221012E-31,-0.41905817746181,-0.907959384500422));
#2868=DIRECTION('',(1.,0.,-3.62980593082845E-14));
#2869=DIRECTION('',(3.75208774415905E-15,0.41905817746181,0.907959384500423));
#2870=DIRECTION('',(-1.,-3.309883217809E-14,7.102034695881E-14));
#2871=DIRECTION('',(-0.205160019599757,-0.410144157814933,-0.888645675265517));
#2872=DIRECTION('center_axis',(-1.,-9.992007221626E-14,0.));
#2873=DIRECTION('ref_axis',(-9.992007221626E-14,1.,0.));
#2874=DIRECTION('center_axis',(1.,9.25604321353616E-17,-4.17516027133812E-15));
#2875=DIRECTION('ref_axis',(4.17516027133812E-15,-1.4876787629228E-31,1.));
#2876=DIRECTION('',(1.,-2.460531778325E-13,-2.528070345656E-14));
#2877=DIRECTION('center_axis',(-0.974370064785319,0.,0.224951054343503));
#2878=DIRECTION('ref_axis',(-0.224951054343503,-4.44185836371679E-13,-0.974370064785319));
#2879=DIRECTION('center_axis',(0.,0.968123850625361,-0.25047197418139));
#2880=DIRECTION('ref_axis',(0.,0.25047197418139,0.968123850625361));
#2881=DIRECTION('',(1.,0.,0.));
#2882=DIRECTION('',(4.01888844469786E-15,0.25047197418139,0.968123850625362));
#2883=DIRECTION('center_axis',(0.,0.999902524009304,-0.0139621803391601));
#2884=DIRECTION('ref_axis',(0.,0.0139621803391601,0.999902524009304));
#2885=DIRECTION('',(1.,0.,0.));
#2886=DIRECTION('',(4.17346094800861E-15,0.0139621803391601,0.999902524009304));
#2887=DIRECTION('',(-0.386885156073699,-0.0128749160807454,-0.922038021203976));
#2888=DIRECTION('center_axis',(0.,0.999902524009304,-0.0139621803391601));
#2889=DIRECTION('ref_axis',(0.,-0.0139621803391601,-0.999902524009304));
#2890=DIRECTION('center_axis',(0.,0.,1.));
#2891=DIRECTION('ref_axis',(-1.,0.,0.));
#2892=DIRECTION('',(9.25604321353616E-17,-1.,0.));
#2893=DIRECTION('',(0.,-1.,0.));
#2894=DIRECTION('center_axis',(0.,0.951957184995109,0.306231151152503));
#2895=DIRECTION('ref_axis',(0.,0.306231151152503,-0.951957184995109));
#2896=DIRECTION('',(-0.214651773280228,-0.299093100569136,0.92976767712133));
#2897=DIRECTION('',(-1.,0.,0.));
#2898=DIRECTION('',(-0.214653689239849,0.29909297162096,-0.929767276270071));
#2899=DIRECTION('',(-1.,-3.23352455922E-14,2.528070345657E-14));
#2900=DIRECTION('center_axis',(-1.52109985791304E-14,0.907959384500422,
-0.41905817746181));
#2901=DIRECTION('ref_axis',(-7.88860905221012E-31,-0.41905817746181,-0.907959384500422));
#2902=DIRECTION('',(1.,0.,-3.62980593082845E-14));
#2903=DIRECTION('',(-0.205158180728008,0.41014431934532,0.888646025248039));
#2904=DIRECTION('',(-1.,-3.309883217809E-14,7.102034695881E-14));
#2905=DIRECTION('',(-0.205160019599757,-0.410144157814933,-0.888645675265517));
#2906=DIRECTION('center_axis',(-1.,-9.992007221626E-14,0.));
#2907=DIRECTION('ref_axis',(-9.992007221626E-14,1.,0.));
#2908=DIRECTION('center_axis',(0.974370526137213,-1.26217744835362E-29,
0.224949055999554));
#2909=DIRECTION('ref_axis',(-0.224949055999554,-4.44189782314348E-13,0.974370526137213));
#2910=DIRECTION('',(1.,-2.460531778325E-13,-2.528070345656E-14));
#2911=DIRECTION('center_axis',(-0.974370064785319,0.,0.224951054343503));
#2912=DIRECTION('ref_axis',(-0.224951054343503,-4.44185836371679E-13,-0.974370064785319));
#2913=DIRECTION('center_axis',(0.,0.968123850625361,-0.25047197418139));
#2914=DIRECTION('ref_axis',(0.,0.25047197418139,0.968123850625361));
#2915=DIRECTION('',(1.,0.,0.));
#2916=DIRECTION('center_axis',(0.,0.999902524009304,-0.0139621803391601));
#2917=DIRECTION('ref_axis',(0.,0.0139621803391601,0.999902524009304));
#2918=DIRECTION('center_axis',(0.,0.999902524009304,-0.0139621803391601));
#2919=DIRECTION('ref_axis',(0.,-0.0139621803391601,-0.999902524009304));
#2920=DIRECTION('',(-0.386890609575723,0.0128748839664552,0.922035733355804));
#2921=DIRECTION('',(-0.386885156430402,-0.0128749160786558,-0.922038021054333));
#2922=DIRECTION('center_axis',(0.,0.999902524009304,-0.0139621803391601));
#2923=DIRECTION('ref_axis',(0.,-0.0139621803391601,-0.999902524009304));
#2924=DIRECTION('',(1.,0.,0.));
#2925=DIRECTION('center_axis',(0.,0.,1.));
#2926=DIRECTION('ref_axis',(-1.,0.,0.));
#2927=DIRECTION('',(0.,-1.,0.));
#2928=DIRECTION('',(0.,-1.,0.));
#2929=DIRECTION('center_axis',(0.,0.951957184995109,0.306231151152503));
#2930=DIRECTION('ref_axis',(0.,0.306231151152503,-0.951957184995109));
#2931=DIRECTION('',(-0.214651773280233,-0.299093100569136,0.929767677121329));
#2932=DIRECTION('',(-1.,0.,0.));
#2933=DIRECTION('',(-0.214653689239854,0.29909297162096,-0.92976727627007));
#2934=DIRECTION('',(-1.,-3.23352455922E-14,2.528070345657E-14));
#2935=DIRECTION('center_axis',(-1.52109985791304E-14,0.907959384500422,
-0.41905817746181));
#2936=DIRECTION('ref_axis',(-7.88860905221012E-31,-0.41905817746181,-0.907959384500422));
#2937=DIRECTION('',(1.,0.,-3.62980593082845E-14));
#2938=DIRECTION('',(-0.205158180728012,0.41014431934532,0.888646025248038));
#2939=DIRECTION('',(-1.,-3.309883217809E-14,7.102034695881E-14));
#2940=DIRECTION('',(-0.205160019599761,-0.410144157814932,-0.888645675265516));
#2941=DIRECTION('center_axis',(-1.,-9.992007221626E-14,0.));
#2942=DIRECTION('ref_axis',(-9.992007221626E-14,1.,0.));
#2943=DIRECTION('center_axis',(0.974370526137212,1.26217744835362E-29,0.224949055999559));
#2944=DIRECTION('ref_axis',(-0.224949055999559,-4.44189782314338E-13,0.974370526137212));
#2945=DIRECTION('',(1.,-2.460531778325E-13,-2.528070345656E-14));
#2946=DIRECTION('center_axis',(-0.974370064785318,1.26217744835362E-29,
0.224951054343508));
#2947=DIRECTION('ref_axis',(-0.224951054343508,-4.4418583637167E-13,-0.974370064785318));
#2948=DIRECTION('center_axis',(0.,0.968123850625361,-0.25047197418139));
#2949=DIRECTION('ref_axis',(0.,0.25047197418139,0.968123850625361));
#2950=DIRECTION('',(1.,0.,0.));
#2951=DIRECTION('center_axis',(0.,0.999902524009304,-0.0139621803391601));
#2952=DIRECTION('ref_axis',(0.,0.0139621803391601,0.999902524009304));
#2953=DIRECTION('center_axis',(0.,0.999902524009304,-0.0139621803391601));
#2954=DIRECTION('ref_axis',(0.,-0.0139621803391601,-0.999902524009304));
#2955=DIRECTION('',(-0.38689060899203,0.0128748839698744,0.922035733600677));
#2956=DIRECTION('',(-0.386885156335966,-0.0128749160761477,-0.922038021093993));
#2957=DIRECTION('center_axis',(0.,0.999902524009304,-0.0139621803391601));
#2958=DIRECTION('ref_axis',(0.,-0.0139621803391601,-0.999902524009304));
#2959=DIRECTION('',(1.,0.,0.));
#2960=DIRECTION('center_axis',(0.,0.951957184995109,0.306231151152503));
#2961=DIRECTION('ref_axis',(0.,0.306231151152503,-0.951957184995109));
#2962=DIRECTION('',(-1.,0.,0.));
#2963=DIRECTION('',(-1.29567406580402E-15,-0.306231151152503,0.951957184995109));
#2964=DIRECTION('',(-1.,-3.23352455922E-14,2.528070345657E-14));
#2965=DIRECTION('',(-0.21465177328023,-0.299093100569136,0.92976767712133));
#2966=DIRECTION('center_axis',(-1.52109985791304E-14,0.907959384500422,
-0.41905817746181));
#2967=DIRECTION('ref_axis',(-7.88860905221012E-31,-0.41905817746181,-0.907959384500422));
#2968=DIRECTION('',(1.77304892254404E-15,0.41905817746181,0.907959384500423));
#2969=DIRECTION('',(0.999999999997816,0.,-2.09010549736789E-6));
#2970=DIRECTION('',(-0.20515818072801,0.41014431934532,0.888646025248038));
#2971=DIRECTION('',(-1.,-3.309883217809E-14,7.102034695881E-14));
#2972=DIRECTION('center_axis',(-1.,-9.992007221626E-14,0.));
#2973=DIRECTION('ref_axis',(-9.992007221626E-14,1.,0.));
#2974=DIRECTION('',(1.,-2.460531778325E-13,-2.528070345656E-14));
#2975=DIRECTION('center_axis',(1.,-4.23103286823611E-15,0.));
#2976=DIRECTION('ref_axis',(-4.23103286823611E-15,-1.,0.));
#2977=DIRECTION('center_axis',(0.974370526137212,2.52435489670724E-29,0.224949055999557));
#2978=DIRECTION('ref_axis',(-0.224949055999557,-4.44189782314343E-13,0.974370526137212));
#2979=DIRECTION('center_axis',(0.,0.968123850625361,-0.25047197418139));
#2980=DIRECTION('ref_axis',(0.,0.25047197418139,0.968123850625361));
#2981=DIRECTION('',(1.05975515533345E-15,0.25047197418139,0.968123850625361));
#2982=DIRECTION('',(1.,0.,0.));
#2983=DIRECTION('center_axis',(0.,0.999902524009304,-0.0139621803391601));
#2984=DIRECTION('ref_axis',(0.,0.0139621803391601,0.999902524009304));
#2985=DIRECTION('',(5.90744439272264E-17,0.0139621803391601,0.999902524009304));
#2986=DIRECTION('',(1.,0.,0.));
#2987=DIRECTION('center_axis',(0.,0.999902524009304,-0.0139621803391601));
#2988=DIRECTION('ref_axis',(0.,-0.0139621803391601,-0.999902524009304));
#2989=DIRECTION('',(-0.386890608953952,0.0128748840828816,0.922035733615077));
#2990=DIRECTION('center_axis',(0.,1.,0.));
#2991=DIRECTION('ref_axis',(0.,0.,-1.));
#2992=DIRECTION('',(4.17516027133812E-15,0.,1.));
#2993=DIRECTION('',(1.,0.,0.));
#2994=DIRECTION('',(0.,0.,1.));
#2995=DIRECTION('center_axis',(0.,0.,1.));
#2996=DIRECTION('ref_axis',(-1.,0.,0.));
#2997=DIRECTION('',(9.25604321353616E-17,-1.,0.));
#2998=DIRECTION('center_axis',(0.,0.,-1.));
#2999=DIRECTION('ref_axis',(1.,0.,0.));
#3000=DIRECTION('center_axis',(0.,0.,-1.));
#3001=DIRECTION('ref_axis',(1.,0.,0.));
#3002=DIRECTION('center_axis',(0.,0.,-1.));
#3003=DIRECTION('ref_axis',(1.,0.,0.));
#3004=DIRECTION('',(-4.23103286823611E-15,-1.,0.));
#3005=DIRECTION('',(1.,0.,0.));
#3006=DIRECTION('center_axis',(0.,0.,1.));
#3007=DIRECTION('ref_axis',(1.,0.,0.));
#3008=DIRECTION('center_axis',(0.,0.,1.));
#3009=DIRECTION('ref_axis',(1.,0.,0.));
#3010=DIRECTION('center_axis',(0.,0.,1.));
#3011=DIRECTION('ref_axis',(1.,0.,0.));
#3012=DIRECTION('center_axis',(0.,1.,0.));
#3013=DIRECTION('ref_axis',(0.,0.,1.));
#3014=DIRECTION('',(1.,0.,0.));
#3015=DIRECTION('',(4.17516027133812E-15,0.,1.));
#3016=DIRECTION('',(1.,0.,-6.34904260700774E-13));
#3017=DIRECTION('',(1.,0.,-6.34904260700774E-13));
#3018=DIRECTION('',(-1.,0.,6.34904260700776E-13));
#3019=DIRECTION('',(0.,0.,1.));
#3020=DIRECTION('center_axis',(0.,0.,1.));
#3021=DIRECTION('ref_axis',(-1.,0.,0.));
#3022=DIRECTION('',(1.,0.,0.));
#3023=DIRECTION('',(9.25604321353616E-17,-1.,0.));
#3024=DIRECTION('',(-4.23103286823611E-15,-1.,0.));
#3025=DIRECTION('center_axis',(0.,0.999754351339682,0.0221638664806396));
#3026=DIRECTION('ref_axis',(0.,-0.0221638664806396,0.999754351339682));
#3027=DIRECTION('',(-1.,0.,0.));
#3028=DIRECTION('',(4.17618614587009E-15,-0.0221638664806396,0.999754351339682));
#3029=DIRECTION('',(-9.37760475667828E-17,-0.0221638664806396,0.999754351339682));
#3030=DIRECTION('center_axis',(0.,0.,1.));
#3031=DIRECTION('ref_axis',(-1.,0.,0.));
#3032=DIRECTION('',(-4.23103286823611E-15,-1.,0.));
#3033=DIRECTION('',(0.,-1.,0.));
#3034=DIRECTION('center_axis',(0.,0.,1.));
#3035=DIRECTION('ref_axis',(-1.,0.,0.));
#3036=DIRECTION('',(9.25604321353616E-17,-1.,0.));
#3037=DIRECTION('',(-4.23103286823611E-15,-1.,0.));
#3038=DIRECTION('',(-1.,0.,0.));
#3039=DIRECTION('center_axis',(0.,0.,1.));
#3040=DIRECTION('ref_axis',(1.,0.,0.));
#3041=DIRECTION('',(0.,-1.,0.));
#3042=DIRECTION('center_axis',(0.,0.,1.));
#3043=DIRECTION('ref_axis',(1.,0.,0.));
#3044=DIRECTION('',(1.,0.,0.));
#3045=DIRECTION('center_axis',(0.,0.,1.));
#3046=DIRECTION('ref_axis',(1.,0.,0.));
#3047=DIRECTION('',(0.,1.,0.));
#3048=DIRECTION('center_axis',(0.,0.,1.));
#3049=DIRECTION('ref_axis',(1.,0.,0.));
#3050=DIRECTION('',(-1.,0.,0.));
#3051=DIRECTION('center_axis',(0.,0.,1.));
#3052=DIRECTION('ref_axis',(1.,0.,0.));
#3053=DIRECTION('',(0.,-1.,0.));
#3054=DIRECTION('center_axis',(0.,0.,1.));
#3055=DIRECTION('ref_axis',(1.,0.,0.));
#3056=DIRECTION('',(1.,0.,0.));
#3057=DIRECTION('center_axis',(0.,0.,1.));
#3058=DIRECTION('ref_axis',(1.,0.,0.));
#3059=DIRECTION('',(0.,1.,0.));
#3060=DIRECTION('center_axis',(0.,0.,1.));
#3061=DIRECTION('ref_axis',(1.,0.,0.));
#3062=DIRECTION('',(1.,0.,0.));
#3063=DIRECTION('center_axis',(0.,0.,1.));
#3064=DIRECTION('ref_axis',(1.,0.,0.));
#3065=DIRECTION('',(0.,1.,0.));
#3066=DIRECTION('center_axis',(0.,0.,1.));
#3067=DIRECTION('ref_axis',(1.,0.,0.));
#3068=DIRECTION('',(-1.,0.,0.));
#3069=DIRECTION('center_axis',(0.,0.,1.));
#3070=DIRECTION('ref_axis',(1.,0.,0.));
#3071=DIRECTION('',(0.,-1.,0.));
#3072=DIRECTION('center_axis',(0.,0.,1.));
#3073=DIRECTION('ref_axis',(1.,0.,0.));
#3074=DIRECTION('center_axis',(0.,0.999902524009304,0.0139621803391601));
#3075=DIRECTION('ref_axis',(0.,-0.0139621803391601,0.999902524009304));
#3076=DIRECTION('',(4.1760456389001E-15,-0.0139621803391601,0.999902524009304));
#3077=DIRECTION('',(-5.90744439272264E-17,-0.0139621803391601,0.999902524009304));
#3078=DIRECTION('',(-1.,0.,0.));
#3079=DIRECTION('',(-1.,-2.0423971339323E-13,6.34904260700774E-13));
#3080=DIRECTION('',(-1.,-2.0423971339323E-13,6.34904260700774E-13));
#3081=DIRECTION('center_axis',(0.,0.,1.));
#3082=DIRECTION('ref_axis',(-1.,0.,0.));
#3083=DIRECTION('',(0.,-1.,0.));
#3084=DIRECTION('',(0.,-1.,0.));
#3085=DIRECTION('center_axis',(0.,0.,-1.));
#3086=DIRECTION('ref_axis',(1.,0.,0.));
#3087=DIRECTION('center_axis',(0.,0.,-1.));
#3088=DIRECTION('ref_axis',(1.,0.,0.));
#3089=DIRECTION('center_axis',(0.,0.,1.));
#3090=DIRECTION('ref_axis',(-1.,-1.21606505717539E-16,0.));
#3091=DIRECTION('center_axis',(-0.974370526137212,0.,-0.224949055999557));
#3092=DIRECTION('ref_axis',(0.224949055999557,0.,-0.974370526137213));
#3093=DIRECTION('',(0.,1.,0.));
#3094=DIRECTION('center_axis',(-6.34904260700776E-13,0.,-1.));
#3095=DIRECTION('ref_axis',(1.,0.,-6.34904260700776E-13));
#3096=DIRECTION('',(0.,1.,0.));
#3097=DIRECTION('center_axis',(0.974370064785318,0.,-0.224951054343508));
#3098=DIRECTION('ref_axis',(0.224951054343508,0.,0.974370064785318));
#3099=DIRECTION('center_axis',(0.,0.,-1.));
#3100=DIRECTION('ref_axis',(1.,0.,0.));
#3101=DIRECTION('',(-1.,0.,0.));
#3102=DIRECTION('',(0.,1.,0.));
#3103=DIRECTION('',(1.,0.,0.));
#3104=DIRECTION('',(0.,-1.,0.));
#3105=DIRECTION('center_axis',(-1.,0.,0.));
#3106=DIRECTION('ref_axis',(0.,0.,-1.));
#3107=DIRECTION('',(0.,0.,-1.));
#3108=DIRECTION('',(0.,-1.,0.));
#3109=DIRECTION('',(0.,0.,1.));
#3110=DIRECTION('center_axis',(0.,-1.,0.));
#3111=DIRECTION('ref_axis',(0.,0.,1.));
#3112=DIRECTION('',(1.,0.,0.));
#3113=DIRECTION('',(0.,0.,1.));
#3114=DIRECTION('',(0.,0.,-1.));
#3115=DIRECTION('center_axis',(1.,0.,0.));
#3116=DIRECTION('ref_axis',(0.,0.,1.));
#3117=DIRECTION('',(0.,0.,-1.));
#3118=DIRECTION('',(0.,1.,0.));
#3119=DIRECTION('',(0.,0.,1.));
#3120=DIRECTION('center_axis',(0.,1.,0.));
#3121=DIRECTION('ref_axis',(0.,0.,-1.));
#3122=DIRECTION('',(-1.,0.,0.));
#3123=DIRECTION('',(0.,0.,1.));
#3124=DIRECTION('',(0.,0.,-1.));
#3125=DIRECTION('center_axis',(0.,0.,-1.));
#3126=DIRECTION('ref_axis',(-1.,0.,0.));
#3127=DIRECTION('',(-0.0261769483078731,3.20575159566826E-18,0.999657324975557));
#3128=DIRECTION('center_axis',(0.,0.,-1.));
#3129=DIRECTION('ref_axis',(1.,0.,0.));
#3130=DIRECTION('center_axis',(0.,0.,1.));
#3131=DIRECTION('ref_axis',(-1.,0.,0.));
#3132=DIRECTION('center_axis',(0.,0.,1.));
#3133=DIRECTION('ref_axis',(1.,0.,0.));
#3134=DIRECTION('',(0.,1.,0.));
#3135=DIRECTION('center_axis',(0.,0.,-1.));
#3136=DIRECTION('ref_axis',(1.,0.,0.));
#3137=DIRECTION('',(1.,0.,0.));
#3138=DIRECTION('center_axis',(0.,0.,-1.));
#3139=DIRECTION('ref_axis',(1.,0.,0.));
#3140=DIRECTION('',(0.,-1.,0.));
#3141=DIRECTION('center_axis',(0.,0.,-1.));
#3142=DIRECTION('ref_axis',(1.,0.,0.));
#3143=DIRECTION('',(-1.,0.,0.));
#3144=DIRECTION('center_axis',(0.,0.,-1.));
#3145=DIRECTION('ref_axis',(1.,0.,0.));
#3146=DIRECTION('center_axis',(0.,0.,1.));
#3147=DIRECTION('ref_axis',(-1.,0.,0.));
#3148=DIRECTION('center_axis',(0.,1.,0.));
#3149=DIRECTION('ref_axis',(1.,0.,0.));
#3150=DIRECTION('center_axis',(0.970142500145332,0.,0.242535625036333));
#3151=DIRECTION('ref_axis',(0.,-1.,0.));
#3152=DIRECTION('',(0.,-1.,0.));
#3153=DIRECTION('center_axis',(0.970142500145332,0.,0.242535625036333));
#3154=DIRECTION('ref_axis',(0.242535625036333,0.,-0.970142500145332));
#3155=DIRECTION('',(-0.235702260395516,-0.235702260395516,0.942809041582063));
#3156=DIRECTION('',(0.,1.,0.));
#3157=DIRECTION('',(0.235702260395516,-0.235702260395516,-0.942809041582063));
#3158=DIRECTION('center_axis',(0.970142500145332,0.,0.242535625036333));
#3159=DIRECTION('ref_axis',(0.242535625036333,0.,-0.970142500145332));
#3160=DIRECTION('center_axis',(0.,-0.970142500145332,0.242535625036333));
#3161=DIRECTION('ref_axis',(-1.,0.,0.));
#3162=DIRECTION('',(-0.235702260395516,-0.235702260395516,-0.942809041582063));
#3163=DIRECTION('center_axis',(0.,-0.970142500145332,0.242535625036333));
#3164=DIRECTION('ref_axis',(0.,-0.242535625036333,-0.970142500145332));
#3165=DIRECTION('',(-1.,0.,0.));
#3166=DIRECTION('center_axis',(0.,-0.970142500145332,0.242535625036333));
#3167=DIRECTION('ref_axis',(0.,-0.242535625036333,-0.970142500145332));
#3168=DIRECTION('',(1.,0.,0.));
#3169=DIRECTION('center_axis',(0.,0.970142500145332,0.242535625036333));
#3170=DIRECTION('ref_axis',(1.,0.,0.));
#3171=DIRECTION('',(1.,0.,0.));
#3172=DIRECTION('center_axis',(0.,0.970142500145332,0.242535625036333));
#3173=DIRECTION('ref_axis',(0.,0.242535625036333,-0.970142500145332));
#3174=DIRECTION('',(0.235702260395516,-0.235702260395516,0.942809041582063));
#3175=DIRECTION('',(-1.,0.,0.));
#3176=DIRECTION('center_axis',(0.,0.970142500145332,0.242535625036333));
#3177=DIRECTION('ref_axis',(0.,0.242535625036333,-0.970142500145332));
#3178=DIRECTION('center_axis',(-0.970142500145332,0.,0.242535625036333));
#3179=DIRECTION('ref_axis',(0.,1.,0.));
#3180=DIRECTION('center_axis',(-0.970142500145332,0.,0.242535625036333));
#3181=DIRECTION('ref_axis',(-0.242535625036333,0.,-0.970142500145332));
#3182=DIRECTION('',(0.,1.,0.));
#3183=DIRECTION('center_axis',(-0.970142500145332,0.,0.242535625036333));
#3184=DIRECTION('ref_axis',(-0.242535625036333,0.,-0.970142500145332));
#3185=DIRECTION('',(0.,-1.,0.));
#3186=DIRECTION('center_axis',(0.,0.,-1.));
#3187=DIRECTION('ref_axis',(1.,0.,0.));
#3188=DIRECTION('center_axis',(-1.,0.,0.));
#3189=DIRECTION('ref_axis',(0.,0.,-1.));
#3190=DIRECTION('',(0.,0.,-1.));
#3191=DIRECTION('',(0.,0.,1.));
#3192=DIRECTION('center_axis',(0.,-1.,0.));
#3193=DIRECTION('ref_axis',(0.,0.,1.));
#3194=DIRECTION('',(0.,0.,-1.));
#3195=DIRECTION('',(0.,0.,1.));
#3196=DIRECTION('center_axis',(1.,0.,0.));
#3197=DIRECTION('ref_axis',(0.,0.,1.));
#3198=DIRECTION('',(0.,0.,1.));
#3199=DIRECTION('',(0.,0.,-1.));
#3200=DIRECTION('center_axis',(0.,1.,0.));
#3201=DIRECTION('ref_axis',(0.,0.,-1.));
#3202=DIRECTION('',(0.,0.,1.));
#3203=DIRECTION('',(0.,0.,-1.));
#3204=DIRECTION('center_axis',(-0.970142500145332,0.,0.242535625036333));
#3205=DIRECTION('ref_axis',(0.,1.,0.));
#3206=DIRECTION('center_axis',(0.970142500145332,0.,-0.242535625036333));
#3207=DIRECTION('ref_axis',(-0.242535625036333,0.,-0.970142500145332));
#3208=DIRECTION('',(0.235702260395516,-0.235702260395516,0.942809041582063));
#3209=DIRECTION('',(-0.235702260395516,-0.235702260395516,-0.942809041582063));
#3210=DIRECTION('center_axis',(0.970142500145332,0.,-0.242535625036333));
#3211=DIRECTION('ref_axis',(-0.242535625036333,0.,-0.970142500145332));
#3212=DIRECTION('center_axis',(0.,0.970142500145332,0.242535625036333));
#3213=DIRECTION('ref_axis',(1.,0.,0.));
#3214=DIRECTION('center_axis',(0.,-0.970142500145332,-0.242535625036333));
#3215=DIRECTION('ref_axis',(0.,0.242535625036333,-0.970142500145332));
#3216=DIRECTION('center_axis',(0.,-0.970142500145332,-0.242535625036333));
#3217=DIRECTION('ref_axis',(0.,0.242535625036333,-0.970142500145332));
#3218=DIRECTION('',(-0.235702260395516,-0.235702260395516,0.942809041582063));
#3219=DIRECTION('center_axis',(0.,-0.970142500145332,0.242535625036333));
#3220=DIRECTION('ref_axis',(-1.,0.,0.));
#3221=DIRECTION('',(0.235702260395516,-0.235702260395516,-0.942809041582063));
#3222=DIRECTION('center_axis',(0.,0.970142500145332,-0.242535625036333));
#3223=DIRECTION('ref_axis',(0.,-0.242535625036333,-0.970142500145332));
#3224=DIRECTION('center_axis',(0.,0.970142500145332,-0.242535625036333));
#3225=DIRECTION('ref_axis',(0.,-0.242535625036333,-0.970142500145332));
#3226=DIRECTION('center_axis',(0.970142500145332,0.,0.242535625036333));
#3227=DIRECTION('ref_axis',(0.,-1.,0.));
#3228=DIRECTION('center_axis',(-0.970142500145332,0.,-0.242535625036333));
#3229=DIRECTION('ref_axis',(0.242535625036333,0.,-0.970142500145332));
#3230=DIRECTION('center_axis',(-0.970142500145332,0.,-0.242535625036333));
#3231=DIRECTION('ref_axis',(0.242535625036333,0.,-0.970142500145332));
#3232=DIRECTION('center_axis',(0.,0.,-1.));
#3233=DIRECTION('ref_axis',(1.,0.,0.));
#3234=DIRECTION('center_axis',(0.,0.,-1.));
#3235=DIRECTION('ref_axis',(1.,0.,0.));
#3236=DIRECTION('center_axis',(0.,0.,-1.));
#3237=DIRECTION('ref_axis',(1.,0.,0.));
#3238=DIRECTION('center_axis',(0.,0.,-1.));
#3239=DIRECTION('ref_axis',(1.,0.,0.));
#3240=DIRECTION('center_axis',(0.,0.,-1.));
#3241=DIRECTION('ref_axis',(1.,0.,0.));
#3242=DIRECTION('center_axis',(0.,0.,-1.));
#3243=DIRECTION('ref_axis',(1.,0.,0.));
#3244=DIRECTION('center_axis',(0.,0.,-1.));
#3245=DIRECTION('ref_axis',(1.,0.,0.));
#3246=DIRECTION('center_axis',(0.,0.,-1.));
#3247=DIRECTION('ref_axis',(1.,0.,0.));
#3248=DIRECTION('center_axis',(-1.,4.23103286823611E-15,0.));
#3249=DIRECTION('ref_axis',(4.23103286823611E-15,1.,0.));
#3250=DIRECTION('center_axis',(0.,0.,-1.));
#3251=DIRECTION('ref_axis',(1.,0.,0.));
#3252=DIRECTION('center_axis',(0.,0.,-1.));
#3253=DIRECTION('ref_axis',(1.,0.,0.));
#3254=DIRECTION('center_axis',(0.,0.,1.));
#3255=DIRECTION('ref_axis',(-1.,-1.21606505717539E-16,0.));
#3256=DIRECTION('center_axis',(-6.34904260700774E-13,0.,-1.));
#3257=DIRECTION('ref_axis',(1.,0.,-6.34904260700774E-13));
#3258=DIRECTION('',(0.,1.,0.));
#3259=DIRECTION('',(0.,1.,0.));
#3260=DIRECTION('center_axis',(-0.974370526137212,0.,-0.224949055999559));
#3261=DIRECTION('ref_axis',(0.224949055999559,0.,-0.974370526137212));
#3262=DIRECTION('center_axis',(0.974370064785319,0.,-0.224951054343503));
#3263=DIRECTION('ref_axis',(0.224951054343503,0.,0.974370064785319));
#3264=DIRECTION('center_axis',(0.,0.,-1.));
#3265=DIRECTION('ref_axis',(1.,0.,0.));
#3266=DIRECTION('center_axis',(0.,0.,-1.));
#3267=DIRECTION('ref_axis',(1.,0.,0.));
#3268=DIRECTION('center_axis',(0.,0.,1.));
#3269=DIRECTION('ref_axis',(-1.,-1.21606505717539E-16,0.));
#3270=DIRECTION('center_axis',(-6.34904260700774E-13,0.,-1.));
#3271=DIRECTION('ref_axis',(1.,0.,-6.34904260700774E-13));
#3272=DIRECTION('',(0.,1.,0.));
#3273=DIRECTION('',(0.,1.,0.));
#3274=DIRECTION('center_axis',(-0.974370526137213,0.,-0.224949055999554));
#3275=DIRECTION('ref_axis',(0.224949055999554,0.,-0.974370526137213));
#3276=DIRECTION('center_axis',(0.974370064785319,0.,-0.224951054343503));
#3277=DIRECTION('ref_axis',(0.224951054343503,0.,0.974370064785319));
#3278=DIRECTION('center_axis',(0.,0.,-1.));
#3279=DIRECTION('ref_axis',(1.,0.,0.));
#3280=DIRECTION('',(-1.,0.,0.));
#3281=DIRECTION('',(0.,1.,0.));
#3282=DIRECTION('',(1.,0.,0.));
#3283=DIRECTION('',(0.,-1.,0.));
#3284=DIRECTION('center_axis',(0.970142500145332,0.,0.242535625036333));
#3285=DIRECTION('ref_axis',(0.,-1.,0.));
#3286=DIRECTION('',(0.,-1.,0.));
#3287=DIRECTION('center_axis',(-0.970142500145332,0.,-0.242535625036333));
#3288=DIRECTION('ref_axis',(0.242535625036333,0.,-0.970142500145332));
#3289=DIRECTION('',(0.235702260395516,-0.235702260395516,-0.942809041582063));
#3290=DIRECTION('',(-0.235702260395516,-0.235702260395516,0.942809041582063));
#3291=DIRECTION('center_axis',(-0.970142500145332,0.,-0.242535625036333));
#3292=DIRECTION('ref_axis',(0.242535625036333,0.,-0.970142500145332));
#3293=DIRECTION('center_axis',(0.,-0.970142500145332,0.242535625036333));
#3294=DIRECTION('ref_axis',(-1.,0.,0.));
#3295=DIRECTION('center_axis',(0.,0.970142500145332,-0.242535625036333));
#3296=DIRECTION('ref_axis',(0.,-0.242535625036333,-0.970142500145332));
#3297=DIRECTION('',(-1.,0.,0.));
#3298=DIRECTION('center_axis',(0.,0.970142500145332,-0.242535625036333));
#3299=DIRECTION('ref_axis',(0.,-0.242535625036333,-0.970142500145332));
#3300=DIRECTION('',(-0.235702260395516,-0.235702260395516,-0.942809041582063));
#3301=DIRECTION('center_axis',(-0.970142500145332,0.,0.242535625036333));
#3302=DIRECTION('ref_axis',(0.,1.,0.));
#3303=DIRECTION('center_axis',(0.970142500145332,0.,-0.242535625036333));
#3304=DIRECTION('ref_axis',(-0.242535625036333,0.,-0.970142500145332));
#3305=DIRECTION('',(0.,1.,0.));
#3306=DIRECTION('center_axis',(0.970142500145332,0.,-0.242535625036333));
#3307=DIRECTION('ref_axis',(-0.242535625036333,0.,-0.970142500145332));
#3308=DIRECTION('',(0.235702260395516,-0.235702260395516,0.942809041582063));
#3309=DIRECTION('center_axis',(0.,0.970142500145332,0.242535625036333));
#3310=DIRECTION('ref_axis',(1.,0.,0.));
#3311=DIRECTION('',(1.,0.,0.));
#3312=DIRECTION('center_axis',(0.,-0.970142500145332,-0.242535625036333));
#3313=DIRECTION('ref_axis',(0.,0.242535625036333,-0.970142500145332));
#3314=DIRECTION('center_axis',(0.,-0.970142500145332,-0.242535625036333));
#3315=DIRECTION('ref_axis',(0.,0.242535625036333,-0.970142500145332));
#3316=DIRECTION('center_axis',(0.,0.,-1.));
#3317=DIRECTION('ref_axis',(1.,0.,0.));
#3318=DIRECTION('',(0.,0.,1.));
#3319=DIRECTION('',(0.,0.,-1.));
#3320=DIRECTION('center_axis',(0.,0.,-1.));
#3321=DIRECTION('ref_axis',(1.,0.,0.));
#3322=DIRECTION('',(0.,0.,1.));
#3323=DIRECTION('',(0.,0.,-1.));
#3324=DIRECTION('center_axis',(0.,0.,-1.));
#3325=DIRECTION('ref_axis',(1.,0.,0.));
#3326=DIRECTION('',(0.,0.,1.));
#3327=DIRECTION('',(0.,0.,-1.));
#3328=DIRECTION('center_axis',(0.,0.,-1.));
#3329=DIRECTION('ref_axis',(1.,0.,0.));
#3330=DIRECTION('',(0.,0.,1.));
#3331=DIRECTION('',(0.,0.,-1.));
#3332=DIRECTION('center_axis',(-1.,0.,0.));
#3333=DIRECTION('ref_axis',(0.,0.,-1.));
#3334=DIRECTION('center_axis',(0.,-1.,0.));
#3335=DIRECTION('ref_axis',(0.,0.,1.));
#3336=DIRECTION('center_axis',(1.,0.,0.));
#3337=DIRECTION('ref_axis',(0.,0.,1.));
#3338=DIRECTION('center_axis',(0.,1.,0.));
#3339=DIRECTION('ref_axis',(0.,0.,-1.));
#3340=DIRECTION('center_axis',(0.,0.,-1.));
#3341=DIRECTION('ref_axis',(-1.,0.,0.));
#3342=DIRECTION('',(-0.0261769483078731,3.20575159566826E-18,0.999657324975557));
#3343=DIRECTION('center_axis',(0.,0.,-1.));
#3344=DIRECTION('ref_axis',(1.,0.,0.));
#3345=DIRECTION('center_axis',(0.,0.,1.));
#3346=DIRECTION('ref_axis',(-1.,0.,0.));
#3347=DIRECTION('center_axis',(0.,0.,1.));
#3348=DIRECTION('ref_axis',(1.,0.,0.));
#3349=DIRECTION('center_axis',(0.,0.,1.));
#3350=DIRECTION('ref_axis',(1.,0.,0.));
#3351=DIRECTION('',(-1.,0.,0.));
#3352=DIRECTION('center_axis',(0.,0.,1.));
#3353=DIRECTION('ref_axis',(1.,0.,0.));
#3354=DIRECTION('',(0.,1.,0.));
#3355=DIRECTION('center_axis',(0.,0.,1.));
#3356=DIRECTION('ref_axis',(1.,0.,0.));
#3357=DIRECTION('',(1.,0.,0.));
#3358=DIRECTION('center_axis',(0.,0.,1.));
#3359=DIRECTION('ref_axis',(1.,0.,0.));
#3360=DIRECTION('',(0.,-1.,0.));
#3361=DIRECTION('center_axis',(0.,0.,1.));
#3362=DIRECTION('ref_axis',(-1.,0.,0.));
#3363=DIRECTION('center_axis',(0.,1.,0.));
#3364=DIRECTION('ref_axis',(1.,0.,0.));
#3365=DIRECTION('center_axis',(0.,0.,-1.));
#3366=DIRECTION('ref_axis',(1.,0.,0.));
#3367=DIRECTION('',(0.,1.,0.));
#3368=DIRECTION('',(-1.,0.,0.));
#3369=DIRECTION('',(0.,-1.,0.));
#3370=DIRECTION('',(1.,0.,0.));
#3371=DIRECTION('center_axis',(-0.970142500145332,0.,0.242535625036333));
#3372=DIRECTION('ref_axis',(0.,1.,0.));
#3373=DIRECTION('',(0.235702260395516,-0.235702260395516,0.942809041582063));
#3374=DIRECTION('center_axis',(-0.970142500145332,0.,0.242535625036333));
#3375=DIRECTION('ref_axis',(-0.242535625036333,0.,-0.970142500145332));
#3376=DIRECTION('',(0.,1.,0.));
#3377=DIRECTION('center_axis',(-0.970142500145332,0.,0.242535625036333));
#3378=DIRECTION('ref_axis',(-0.242535625036333,0.,-0.970142500145332));
#3379=DIRECTION('',(-0.235702260395516,-0.235702260395516,-0.942809041582063));
#3380=DIRECTION('center_axis',(0.,0.970142500145332,0.242535625036333));
#3381=DIRECTION('ref_axis',(1.,0.,0.));
#3382=DIRECTION('',(1.,0.,0.));
#3383=DIRECTION('center_axis',(0.,0.970142500145332,0.242535625036333));
#3384=DIRECTION('ref_axis',(0.,0.242535625036333,-0.970142500145332));
#3385=DIRECTION('',(-0.235702260395516,-0.235702260395516,0.942809041582063));
#3386=DIRECTION('center_axis',(0.,0.970142500145332,0.242535625036333));
#3387=DIRECTION('ref_axis',(0.,0.242535625036333,-0.970142500145332));
#3388=DIRECTION('center_axis',(0.,-0.970142500145332,0.242535625036333));
#3389=DIRECTION('ref_axis',(-1.,0.,0.));
#3390=DIRECTION('center_axis',(0.,-0.970142500145332,0.242535625036333));
#3391=DIRECTION('ref_axis',(0.,-0.242535625036333,-0.970142500145332));
#3392=DIRECTION('',(-1.,0.,0.));
#3393=DIRECTION('center_axis',(0.,-0.970142500145332,0.242535625036333));
#3394=DIRECTION('ref_axis',(0.,-0.242535625036333,-0.970142500145332));
#3395=DIRECTION('',(0.235702260395516,-0.235702260395516,-0.942809041582063));
#3396=DIRECTION('center_axis',(0.970142500145332,0.,0.242535625036333));
#3397=DIRECTION('ref_axis',(0.,-1.,0.));
#3398=DIRECTION('',(0.,-1.,0.));
#3399=DIRECTION('center_axis',(0.970142500145332,0.,0.242535625036333));
#3400=DIRECTION('ref_axis',(0.242535625036333,0.,-0.970142500145332));
#3401=DIRECTION('center_axis',(0.970142500145332,0.,0.242535625036333));
#3402=DIRECTION('ref_axis',(0.242535625036333,0.,-0.970142500145332));
#3403=DIRECTION('center_axis',(0.,0.,-1.));
#3404=DIRECTION('ref_axis',(1.,0.,0.));
#3405=DIRECTION('',(0.,0.,1.));
#3406=DIRECTION('',(0.,0.,-1.));
#3407=DIRECTION('center_axis',(0.,0.,-1.));
#3408=DIRECTION('ref_axis',(1.,0.,0.));
#3409=DIRECTION('',(0.,0.,1.));
#3410=DIRECTION('',(0.,0.,-1.));
#3411=DIRECTION('center_axis',(0.,0.,-1.));
#3412=DIRECTION('ref_axis',(1.,0.,0.));
#3413=DIRECTION('',(0.,0.,1.));
#3414=DIRECTION('',(0.,0.,-1.));
#3415=DIRECTION('center_axis',(0.,0.,-1.));
#3416=DIRECTION('ref_axis',(1.,0.,0.));
#3417=DIRECTION('',(0.,0.,1.));
#3418=DIRECTION('',(0.,0.,-1.));
#3419=DIRECTION('center_axis',(-1.,0.,0.));
#3420=DIRECTION('ref_axis',(0.,0.,-1.));
#3421=DIRECTION('center_axis',(0.,-1.,0.));
#3422=DIRECTION('ref_axis',(0.,0.,1.));
#3423=DIRECTION('center_axis',(1.,0.,0.));
#3424=DIRECTION('ref_axis',(0.,0.,1.));
#3425=DIRECTION('center_axis',(0.,1.,0.));
#3426=DIRECTION('ref_axis',(0.,0.,-1.));
#3427=DIRECTION('center_axis',(0.,0.,-1.));
#3428=DIRECTION('ref_axis',(1.,0.,0.));
#3429=DIRECTION('',(-1.,0.,0.));
#3430=DIRECTION('',(0.,1.,0.));
#3431=DIRECTION('',(1.,0.,0.));
#3432=DIRECTION('',(0.,-1.,0.));
#3433=DIRECTION('center_axis',(0.970142500145332,0.,0.242535625036333));
#3434=DIRECTION('ref_axis',(0.,-1.,0.));
#3435=DIRECTION('',(0.,-1.,0.));
#3436=DIRECTION('center_axis',(-0.970142500145332,0.,-0.242535625036333));
#3437=DIRECTION('ref_axis',(0.242535625036333,0.,-0.970142500145332));
#3438=DIRECTION('',(0.235702260395516,-0.235702260395516,-0.942809041582063));
#3439=DIRECTION('',(-0.235702260395516,-0.235702260395516,0.942809041582063));
#3440=DIRECTION('center_axis',(-0.970142500145332,0.,-0.242535625036333));
#3441=DIRECTION('ref_axis',(0.242535625036333,0.,-0.970142500145332));
#3442=DIRECTION('center_axis',(0.,-0.970142500145332,0.242535625036333));
#3443=DIRECTION('ref_axis',(-1.,0.,0.));
#3444=DIRECTION('center_axis',(0.,0.970142500145332,-0.242535625036333));
#3445=DIRECTION('ref_axis',(0.,-0.242535625036333,-0.970142500145332));
#3446=DIRECTION('',(-1.,0.,0.));
#3447=DIRECTION('center_axis',(0.,0.970142500145332,-0.242535625036333));
#3448=DIRECTION('ref_axis',(0.,-0.242535625036333,-0.970142500145332));
#3449=DIRECTION('',(-0.235702260395516,-0.235702260395516,-0.942809041582063));
#3450=DIRECTION('center_axis',(-0.970142500145332,0.,0.242535625036333));
#3451=DIRECTION('ref_axis',(0.,1.,0.));
#3452=DIRECTION('center_axis',(0.970142500145332,0.,-0.242535625036333));
#3453=DIRECTION('ref_axis',(-0.242535625036333,0.,-0.970142500145332));
#3454=DIRECTION('',(0.,1.,0.));
#3455=DIRECTION('center_axis',(0.970142500145332,0.,-0.242535625036333));
#3456=DIRECTION('ref_axis',(-0.242535625036333,0.,-0.970142500145332));
#3457=DIRECTION('',(0.235702260395516,-0.235702260395516,0.942809041582063));
#3458=DIRECTION('center_axis',(0.,0.970142500145332,0.242535625036333));
#3459=DIRECTION('ref_axis',(1.,0.,0.));
#3460=DIRECTION('',(1.,0.,0.));
#3461=DIRECTION('center_axis',(0.,-0.970142500145332,-0.242535625036333));
#3462=DIRECTION('ref_axis',(0.,0.242535625036333,-0.970142500145332));
#3463=DIRECTION('center_axis',(0.,-0.970142500145332,-0.242535625036333));
#3464=DIRECTION('ref_axis',(0.,0.242535625036333,-0.970142500145332));
#3465=DIRECTION('center_axis',(0.,0.,-1.));
#3466=DIRECTION('ref_axis',(1.,0.,0.));
#3467=DIRECTION('',(0.,0.,1.));
#3468=DIRECTION('',(0.,0.,-1.));
#3469=DIRECTION('center_axis',(0.,0.,-1.));
#3470=DIRECTION('ref_axis',(1.,0.,0.));
#3471=DIRECTION('',(0.,0.,1.));
#3472=DIRECTION('',(0.,0.,-1.));
#3473=DIRECTION('center_axis',(0.,0.,-1.));
#3474=DIRECTION('ref_axis',(1.,0.,0.));
#3475=DIRECTION('',(0.,0.,1.));
#3476=DIRECTION('',(0.,0.,-1.));
#3477=DIRECTION('center_axis',(0.,0.,-1.));
#3478=DIRECTION('ref_axis',(1.,0.,0.));
#3479=DIRECTION('',(0.,0.,1.));
#3480=DIRECTION('',(0.,0.,-1.));
#3481=DIRECTION('center_axis',(-1.,0.,0.));
#3482=DIRECTION('ref_axis',(0.,0.,-1.));
#3483=DIRECTION('center_axis',(0.,-1.,0.));
#3484=DIRECTION('ref_axis',(0.,0.,1.));
#3485=DIRECTION('center_axis',(1.,0.,0.));
#3486=DIRECTION('ref_axis',(0.,0.,1.));
#3487=DIRECTION('center_axis',(0.,1.,0.));
#3488=DIRECTION('ref_axis',(0.,0.,-1.));
#3489=DIRECTION('center_axis',(0.,0.,-1.));
#3490=DIRECTION('ref_axis',(-1.,0.,0.));
#3491=DIRECTION('',(-0.0261769483078731,3.20575159566826E-18,0.999657324975557));
#3492=DIRECTION('center_axis',(0.,0.,-1.));
#3493=DIRECTION('ref_axis',(1.,0.,0.));
#3494=DIRECTION('center_axis',(0.,0.,1.));
#3495=DIRECTION('ref_axis',(-1.,0.,0.));
#3496=DIRECTION('center_axis',(0.,0.,1.));
#3497=DIRECTION('ref_axis',(1.,0.,0.));
#3498=DIRECTION('center_axis',(0.,0.,1.));
#3499=DIRECTION('ref_axis',(1.,0.,0.));
#3500=DIRECTION('',(-1.,0.,0.));
#3501=DIRECTION('center_axis',(0.,0.,1.));
#3502=DIRECTION('ref_axis',(1.,0.,0.));
#3503=DIRECTION('',(0.,1.,0.));
#3504=DIRECTION('center_axis',(0.,0.,1.));
#3505=DIRECTION('ref_axis',(1.,0.,0.));
#3506=DIRECTION('',(1.,0.,0.));
#3507=DIRECTION('center_axis',(0.,0.,1.));
#3508=DIRECTION('ref_axis',(1.,0.,0.));
#3509=DIRECTION('',(0.,-1.,0.));
#3510=DIRECTION('center_axis',(0.,0.,1.));
#3511=DIRECTION('ref_axis',(-1.,0.,0.));
#3512=DIRECTION('center_axis',(0.,1.,0.));
#3513=DIRECTION('ref_axis',(1.,0.,0.));
#3514=DIRECTION('center_axis',(0.,0.,-1.));
#3515=DIRECTION('ref_axis',(1.,0.,0.));
#3516=DIRECTION('',(0.,1.,0.));
#3517=DIRECTION('',(-1.,0.,0.));
#3518=DIRECTION('',(0.,-1.,0.));
#3519=DIRECTION('',(1.,0.,0.));
#3520=DIRECTION('center_axis',(-0.970142500145332,0.,0.242535625036333));
#3521=DIRECTION('ref_axis',(0.,1.,0.));
#3522=DIRECTION('',(0.235702260395516,-0.235702260395516,0.942809041582063));
#3523=DIRECTION('center_axis',(-0.970142500145332,0.,0.242535625036333));
#3524=DIRECTION('ref_axis',(-0.242535625036333,0.,-0.970142500145332));
#3525=DIRECTION('',(0.,1.,0.));
#3526=DIRECTION('center_axis',(-0.970142500145332,0.,0.242535625036333));
#3527=DIRECTION('ref_axis',(-0.242535625036333,0.,-0.970142500145332));
#3528=DIRECTION('',(-0.235702260395516,-0.235702260395516,-0.942809041582063));
#3529=DIRECTION('center_axis',(0.,0.970142500145332,0.242535625036333));
#3530=DIRECTION('ref_axis',(1.,0.,0.));
#3531=DIRECTION('',(1.,0.,0.));
#3532=DIRECTION('center_axis',(0.,0.970142500145332,0.242535625036333));
#3533=DIRECTION('ref_axis',(0.,0.242535625036333,-0.970142500145332));
#3534=DIRECTION('',(-0.235702260395516,-0.235702260395516,0.942809041582063));
#3535=DIRECTION('center_axis',(0.,0.970142500145332,0.242535625036333));
#3536=DIRECTION('ref_axis',(0.,0.242535625036333,-0.970142500145332));
#3537=DIRECTION('center_axis',(0.,-0.970142500145332,0.242535625036333));
#3538=DIRECTION('ref_axis',(-1.,0.,0.));
#3539=DIRECTION('center_axis',(0.,-0.970142500145332,0.242535625036333));
#3540=DIRECTION('ref_axis',(0.,-0.242535625036333,-0.970142500145332));
#3541=DIRECTION('',(-1.,0.,0.));
#3542=DIRECTION('center_axis',(0.,-0.970142500145332,0.242535625036333));
#3543=DIRECTION('ref_axis',(0.,-0.242535625036333,-0.970142500145332));
#3544=DIRECTION('',(0.235702260395516,-0.235702260395516,-0.942809041582063));
#3545=DIRECTION('center_axis',(0.970142500145332,0.,0.242535625036333));
#3546=DIRECTION('ref_axis',(0.,-1.,0.));
#3547=DIRECTION('',(0.,-1.,0.));
#3548=DIRECTION('center_axis',(0.970142500145332,0.,0.242535625036333));
#3549=DIRECTION('ref_axis',(0.242535625036333,0.,-0.970142500145332));
#3550=DIRECTION('center_axis',(0.970142500145332,0.,0.242535625036333));
#3551=DIRECTION('ref_axis',(0.242535625036333,0.,-0.970142500145332));
#3552=DIRECTION('center_axis',(0.,0.,-1.));
#3553=DIRECTION('ref_axis',(1.,0.,0.));
#3554=DIRECTION('',(0.,0.,1.));
#3555=DIRECTION('',(0.,0.,-1.));
#3556=DIRECTION('center_axis',(0.,0.,-1.));
#3557=DIRECTION('ref_axis',(1.,0.,0.));
#3558=DIRECTION('',(0.,0.,1.));
#3559=DIRECTION('',(0.,0.,-1.));
#3560=DIRECTION('center_axis',(0.,0.,-1.));
#3561=DIRECTION('ref_axis',(1.,0.,0.));
#3562=DIRECTION('',(0.,0.,1.));
#3563=DIRECTION('',(0.,0.,-1.));
#3564=DIRECTION('center_axis',(0.,0.,-1.));
#3565=DIRECTION('ref_axis',(1.,0.,0.));
#3566=DIRECTION('',(0.,0.,1.));
#3567=DIRECTION('',(0.,0.,-1.));
#3568=DIRECTION('center_axis',(-1.,0.,0.));
#3569=DIRECTION('ref_axis',(0.,0.,-1.));
#3570=DIRECTION('center_axis',(0.,-1.,0.));
#3571=DIRECTION('ref_axis',(0.,0.,1.));
#3572=DIRECTION('center_axis',(1.,0.,0.));
#3573=DIRECTION('ref_axis',(0.,0.,1.));
#3574=DIRECTION('center_axis',(0.,1.,0.));
#3575=DIRECTION('ref_axis',(0.,0.,-1.));
#3576=DIRECTION('center_axis',(-1.,-9.25604321353616E-17,4.17516027133812E-15));
#3577=DIRECTION('ref_axis',(4.17516027133812E-15,-2.95393047995617E-35,
1.));
#3578=CARTESIAN_POINT('',(0.,0.,0.));
#3579=CARTESIAN_POINT('Origin',(-2.58127390557749,7.72499999772107,-1.32147720544E-7));
#3580=CARTESIAN_POINT('',(15.118726094423,8.60000000000007,-1.32147720544E-7));
#3581=CARTESIAN_POINT('',(15.118726094423,7.57693224869539,-1.3214771952489E-7));
#3582=CARTESIAN_POINT('',(15.118726094423,7.72499999772107,-1.32147720544E-7));
#3583=CARTESIAN_POINT('',(-0.121273905577469,8.60000000000007,-1.32147720544E-7));
#3584=CARTESIAN_POINT('',(-25.0812739055775,8.60000000000007,-1.32147720544E-7));
#3585=CARTESIAN_POINT('',(-0.121273905577479,7.57693224869521,-1.32147802737407E-7));
#3586=CARTESIAN_POINT('',(-0.121273905577472,7.72499999772106,-1.32147720544E-7));
#3587=CARTESIAN_POINT('',(0.396564860099754,7.57693224869507,-1.32147719850151E-7));
#3588=CARTESIAN_POINT('',(-32.2812774819985,7.57693224869507,-1.32147765386642E-7));
#3589=CARTESIAN_POINT('',(4.44088732874483,7.57693224869539,-1.32147719850151E-7));
#3590=CARTESIAN_POINT('Origin',(2.41872609442251,4.80000000000007,-1.32147719850151E-7));
#3591=CARTESIAN_POINT('',(5.47656486009975,7.57693224869507,-1.32147719850151E-7));
#3592=CARTESIAN_POINT('',(-32.2812774819985,7.57693224869507,-1.32147765386642E-7));
#3593=CARTESIAN_POINT('',(9.52088732874483,7.57693224869539,-1.32147719850151E-7));
#3594=CARTESIAN_POINT('Origin',(7.49872609442251,4.80000000000006,-1.32147719850151E-7));
#3595=CARTESIAN_POINT('',(10.5565648600998,7.57693224869507,-1.32147719850151E-7));
#3596=CARTESIAN_POINT('',(-32.2812774819985,7.57693224869507,-1.32147765386642E-7));
#3597=CARTESIAN_POINT('',(14.6008873287448,7.57693224869539,-1.32147719850151E-7));
#3598=CARTESIAN_POINT('Origin',(12.5787260944225,4.80000000000007,-1.32147719850151E-7));
#3599=CARTESIAN_POINT('',(-32.2812774819985,7.57693224869507,-1.32147765386642E-7));
#3600=CARTESIAN_POINT('Origin',(-1.03133485722849,1.50031067513107,-0.649988085569321));
#3601=CARTESIAN_POINT('',(15.118726094423,1.70936958574546,-1.29987341335822));
#3602=CARTESIAN_POINT('',(15.118726094423,1.29121875130415,-1.32147933112718E-7));
#3603=CARTESIAN_POINT('',(15.118726094423,1.50031067513109,-0.649988085569382));
#3604=CARTESIAN_POINT('',(13.1786267014859,1.70936958574496,-1.29987341335898));
#3605=CARTESIAN_POINT('',(-1.03133485722849,1.7093695857455,-1.29987341336062));
#3606=CARTESIAN_POINT('',(13.4787260946109,1.29121875130428,-1.32148362023098E-7));
#3607=CARTESIAN_POINT('',(12.6670102562632,2.42224288167428,-3.51592770273172));
#3608=CARTESIAN_POINT('',(-0.0812739055774878,1.29121875130507,-1.32147930561189E-7));
#3609=CARTESIAN_POINT('Origin',(-1.03133723253749,0.25978095074737,-0.73714140552842));
#3610=CARTESIAN_POINT('',(13.1786204615314,1.24818775107393E-13,-1.29993677275342));
#3611=CARTESIAN_POINT('',(15.118726094423,1.24764564998769E-13,-1.30000013214793));
#3612=CARTESIAN_POINT('',(-1.03133723253751,1.24737459944457E-13,-1.30000013214735));
#3613=CARTESIAN_POINT('',(15.118726094423,0.519561901495695,-0.174282678911141));
#3614=CARTESIAN_POINT('',(15.118726094423,0.259780950747568,-0.737141405528578));
#3615=CARTESIAN_POINT('',(13.4384897982952,0.519561901495118,-0.174282678910781));
#3616=CARTESIAN_POINT('',(-0.0812739055774878,0.51956190149467,-0.174282678909821));
#3617=CARTESIAN_POINT('',(12.7049689506918,-0.94685095451388,-3.35151053359448));
#3618=CARTESIAN_POINT('Origin',(-0.048469179651487,0.79194971684367,-0.300000132147721));
#3619=CARTESIAN_POINT('',(15.118726094423,0.791949716845023,-1.32147720544E-7));
#3620=CARTESIAN_POINT('Origin',(15.118726094423,0.791949716845186,-0.300000132147721));
#3621=CARTESIAN_POINT('',(13.4787260946109,0.791949716845023,-1.32148362348358E-7));
#3622=CARTESIAN_POINT('',(-1.68127390557849,0.79194971684807,-1.32148235576461E-7));
#3623=CARTESIAN_POINT('Origin',(13.4094656372735,0.791949716845015,-0.300000132147721));
#3624=CARTESIAN_POINT('Origin',(-0.486297916566489,7.40878133145007,-0.649936772850821));
#3625=CARTESIAN_POINT('',(14.4687461271033,7.24063041400286,-1.29987341521841));
#3626=CARTESIAN_POINT('',(15.118726094423,7.24063041425366,-1.29987341343083));
#3627=CARTESIAN_POINT('',(-32.2812774819985,7.24063041424408,-1.29987341343472));
#3628=CARTESIAN_POINT('',(15.118726094423,7.40878133145005,-0.649936772850882));
#3629=CARTESIAN_POINT('Ctrl Pts',(14.6008873287448,7.57693224869538,-1.32147750886371E-7));
#3630=CARTESIAN_POINT('Ctrl Pts',(14.533766935024,7.40310172115352,-0.671889592955032));
#3631=CARTESIAN_POINT('Ctrl Pts',(14.4687461279026,7.2406304137684,-1.29987341524051));
#3632=CARTESIAN_POINT('Origin',(-0.50998986014749,7.17220817643207,-6.19993677275372));
#3633=CARTESIAN_POINT('',(14.5934592259526,7.13869479223247,-8.60000013214772));
#3634=CARTESIAN_POINT('',(15.118726094423,7.13869479223247,-8.60000013214772));
#3635=CARTESIAN_POINT('',(-0.50998986014749,7.13869479223247,-8.60000013214772));
#3636=CARTESIAN_POINT('',(15.118726094423,7.17220817643207,-6.19993677275379));
#3637=CARTESIAN_POINT('',(14.4686929567313,7.2406286448116,-1.30000013214772));
#3638=CARTESIAN_POINT('',(14.4687193550542,7.24062952329444,-1.29993721953799));
#3639=CARTESIAN_POINT('Origin',(12.5787260944225,4.80000000000007,-176.085791665855));
#3640=CARTESIAN_POINT('Origin',(-0.88127390557749,1.04158423407507,-1.32147720544E-7));
#3641=CARTESIAN_POINT('',(15.118726094423,1.04158423407507,-1.32147720544E-7));
#3642=CARTESIAN_POINT('',(13.4787260946109,3.00000000000012,-1.32148362348358E-7));
#3643=CARTESIAN_POINT('Origin',(-1.03133485722849,1.50031067513107,-0.649988085569321));
#3644=CARTESIAN_POINT('',(11.9788230562126,1.70936958574484,-1.29987341335822));
#3645=CARTESIAN_POINT('',(11.6787264711009,1.29121875130414,-1.32147933678238E-7));
#3646=CARTESIAN_POINT('',(11.2362515780794,0.674679760475462,1.91658712535387));
#3647=CARTESIAN_POINT('',(8.09862670148587,1.70936958574496,-1.29987341335898));
#3648=CARTESIAN_POINT('',(-1.03133485722849,1.7093695857455,-1.29987341336062));
#3649=CARTESIAN_POINT('',(8.39872609461091,1.29121875130428,-1.32148362239938E-7));
#3650=CARTESIAN_POINT('',(7.82107738428894,2.0960997199708,-2.50207158472357));
#3651=CARTESIAN_POINT('',(-0.0812739055774878,1.29121875130507,-1.32147930561189E-7));
#3652=CARTESIAN_POINT('Origin',(-1.03133723253749,0.25978095074737,-0.73714140552842));
#3653=CARTESIAN_POINT('',(8.0986204613594,1.24818775107393E-13,-1.29993677275333));
#3654=CARTESIAN_POINT('',(11.978829295771,1.24818775107393E-13,-1.29993677275302));
#3655=CARTESIAN_POINT('',(-1.03133723253751,1.24737459944457E-13,-1.30000013214735));
#3656=CARTESIAN_POINT('',(11.7189623909279,0.519561901495061,-0.174282678910659));
#3657=CARTESIAN_POINT('',(11.3067794135455,1.34358220672584,1.61109464909072));
#3658=CARTESIAN_POINT('',(8.35848979829527,0.519561901494949,-0.17428267891042));
#3659=CARTESIAN_POINT('',(-0.0812739055774878,0.51956190149467,-0.174282678909821));
#3660=CARTESIAN_POINT('',(7.83878936959409,-0.519393422557282,-2.42535254768851));
#3661=CARTESIAN_POINT('Origin',(-0.048469179651487,0.79194971684367,-0.300000132147721));
#3662=CARTESIAN_POINT('',(11.6787264711009,0.791949716844842,-1.32147933484816E-7));
#3663=CARTESIAN_POINT('Origin',(11.7479862803722,0.791949716844849,-0.300000132147721));
#3664=CARTESIAN_POINT('',(8.39872609461091,0.791949716844515,-1.32148362348358E-7));
#3665=CARTESIAN_POINT('',(-1.68127390557849,0.79194971684807,-1.32148235576461E-7));
#3666=CARTESIAN_POINT('Origin',(8.32946563727351,0.791949716844507,-0.300000132147721));
#3667=CARTESIAN_POINT('Origin',(-0.486297916566489,7.40878133145007,-0.649936772850821));
#3668=CARTESIAN_POINT('',(9.38874612710329,7.24063041400286,-1.29987341521842));
#3669=CARTESIAN_POINT('',(10.6887060615515,7.24063041399889,-1.29987341527839));
#3670=CARTESIAN_POINT('',(-32.2812774819985,7.24063041424408,-1.29987341343472));
#3671=CARTESIAN_POINT('Ctrl Pts',(10.6887060609464,7.24063041375848,-1.29987341527884));
#3672=CARTESIAN_POINT('Ctrl Pts',(10.6236852538231,7.40310172114821,-0.671889592975544));
#3673=CARTESIAN_POINT('Ctrl Pts',(10.5565648601002,7.57693224869537,-1.32147790548703E-7));
#3674=CARTESIAN_POINT('Ctrl Pts',(9.52088732874482,7.57693224869538,-1.32147747669048E-7));
#3675=CARTESIAN_POINT('Ctrl Pts',(9.45376693502411,7.40310172115386,-0.671889592953707));
#3676=CARTESIAN_POINT('Ctrl Pts',(9.38874612790259,7.2406304137684,-1.29987341524052));
#3677=CARTESIAN_POINT('Origin',(-0.50998986014749,7.17220817643207,-6.19993677275372));
#3678=CARTESIAN_POINT('',(10.5639929628924,7.13869479223247,-8.60000013214772));
#3679=CARTESIAN_POINT('',(10.6887592321137,7.24062864481161,-1.30000013214773));
#3680=CARTESIAN_POINT('Origin',(12.5787260944225,4.80000000000007,-176.085791665855));
#3681=CARTESIAN_POINT('',(10.6887328337872,7.24062952329456,-1.29993721952935));
#3682=CARTESIAN_POINT('',(9.38869295673132,7.2406286448116,-1.30000013214772));
#3683=CARTESIAN_POINT('',(9.38871935505422,7.24062952329444,-1.29993721953799));
#3684=CARTESIAN_POINT('',(9.51345922595259,7.13869479223247,-8.60000013214772));
#3685=CARTESIAN_POINT('Origin',(7.49872609442251,4.80000000000006,-176.085791665855));
#3686=CARTESIAN_POINT('',(-0.50998986014749,7.13869479223247,-8.60000013214772));
#3687=CARTESIAN_POINT('Origin',(-0.88127390557749,1.04158423407507,-1.32147720544E-7));
#3688=CARTESIAN_POINT('',(11.6787264711009,3.00000000000012,-1.32147933484816E-7));
#3689=CARTESIAN_POINT('',(8.39872609461091,3.00000000000012,-1.32148362348358E-7));
#3690=CARTESIAN_POINT('Origin',(-1.03133485722849,1.50031067513107,-0.649988085569321));
#3691=CARTESIAN_POINT('',(6.89882305621261,1.70936958574484,-1.29987341335822));
#3692=CARTESIAN_POINT('',(6.59872647110087,1.29121875130414,-1.32147933298767E-7));
#3693=CARTESIAN_POINT('',(6.39031452764294,1.00082015169373,0.902739619739622));
#3694=CARTESIAN_POINT('',(3.01862670148549,1.70936958574549,-1.29987341336062));
#3695=CARTESIAN_POINT('',(-1.03133485722849,1.7093695857455,-1.29987341336062));
#3696=CARTESIAN_POINT('',(3.31872609461091,1.29121875130518,-1.32148362348358E-7));
#3697=CARTESIAN_POINT('',(2.97514451231466,1.76995655826733,-1.48821546671544));
#3698=CARTESIAN_POINT('',(-0.0812739055774878,1.29121875130507,-1.32147930561189E-7));
#3699=CARTESIAN_POINT('Origin',(-1.03133723253749,0.25978095074737,-0.73714140552842));
#3700=CARTESIAN_POINT('',(3.0186204619867,1.24713173815812E-13,-1.29993677275324));
#3701=CARTESIAN_POINT('',(6.89882929697873,1.24806848883496E-13,-1.29993677275293));
#3702=CARTESIAN_POINT('',(-1.80630556905748,1.24713607496663E-13,-1.30000013214732));
#3703=CARTESIAN_POINT('',(6.63896239092782,0.519561901494893,-0.174282678910298));
#3704=CARTESIAN_POINT('',(6.44059599947316,0.916128337770294,0.684944599687383));
#3705=CARTESIAN_POINT('',(3.27848979829535,0.519561901494781,-0.17428267891006));
#3706=CARTESIAN_POINT('',(-0.0812739055774878,0.51956190149467,-0.174282678909821));
#3707=CARTESIAN_POINT('',(2.97260978849632,-0.0919358906006899,-1.49919456178256));
#3708=CARTESIAN_POINT('Origin',(-0.048469179651487,0.79194971684367,-0.300000132147721));
#3709=CARTESIAN_POINT('',(6.59872647110087,0.791949716844335,-1.32147933484816E-7));
#3710=CARTESIAN_POINT('Origin',(6.66798628037215,0.791949716844341,-0.300000132147721));
#3711=CARTESIAN_POINT('',(3.31872609461091,0.791949716846841,-1.32148362348358E-7));
#3712=CARTESIAN_POINT('',(-1.68127390557849,0.79194971684807,-1.32148235576461E-7));
#3713=CARTESIAN_POINT('Origin',(3.2494656372735,0.791949716844,-0.300000132147721));
#3714=CARTESIAN_POINT('Origin',(-0.486297916566489,7.40878133145007,-0.649936772850821));
#3715=CARTESIAN_POINT('',(4.30874612710329,7.24063041400286,-1.29987341521842));
#3716=CARTESIAN_POINT('',(5.60870606155157,7.24063041399889,-1.29987341527839));
#3717=CARTESIAN_POINT('',(-32.2812774819985,7.24063041424408,-1.29987341343472));
#3718=CARTESIAN_POINT('Ctrl Pts',(5.6087060609464,7.24063041375848,-1.29987341527884));
#3719=CARTESIAN_POINT('Ctrl Pts',(5.54368525382295,7.40310172114857,-0.671889592974157));
#3720=CARTESIAN_POINT('Ctrl Pts',(5.47656486010021,7.57693224869537,-1.32147784391395E-7));
#3721=CARTESIAN_POINT('Ctrl Pts',(4.44088732874483,7.57693224869538,-1.32147749000358E-7));
#3722=CARTESIAN_POINT('Ctrl Pts',(4.37376693502408,7.40310172115374,-0.671889592954155));
#3723=CARTESIAN_POINT('Ctrl Pts',(4.3087461279026,7.2406304137684,-1.29987341524051));
#3724=CARTESIAN_POINT('Origin',(-0.50998986014749,7.17220817643207,-6.19993677275372));
#3725=CARTESIAN_POINT('',(5.48399296289243,7.13869479223247,-8.60000013214772));
#3726=CARTESIAN_POINT('',(5.6087592321137,7.24062864481161,-1.30000013214773));
#3727=CARTESIAN_POINT('Origin',(7.49872609442251,4.80000000000006,-176.085791665855));
#3728=CARTESIAN_POINT('',(5.60873283378717,7.24062952329456,-1.29993721952935));
#3729=CARTESIAN_POINT('',(4.30869295673132,7.24062864481161,-1.30000013214772));
#3730=CARTESIAN_POINT('',(4.30871935505422,7.24062952329444,-1.299937219538));
#3731=CARTESIAN_POINT('',(4.4334592259526,7.13869479223247,-8.60000013214772));
#3732=CARTESIAN_POINT('Origin',(2.41872609442251,4.80000000000007,-176.085791665855));
#3733=CARTESIAN_POINT('',(-0.50998986014749,7.13869479223247,-8.60000013214772));
#3734=CARTESIAN_POINT('Origin',(-1.03133485722849,1.50031067513107,-0.649988085569321));
#3735=CARTESIAN_POINT('',(1.8188230562126,1.70936958574546,-1.29987341335822));
#3736=CARTESIAN_POINT('',(-0.1212739055775,1.70936958574549,-1.29987341336062));
#3737=CARTESIAN_POINT('',(-1.03133485722849,1.7093695857455,-1.29987341336062));
#3738=CARTESIAN_POINT('',(-0.1212739055775,1.29121875130465,-1.32148064254526E-7));
#3739=CARTESIAN_POINT('',(-0.1212739055775,1.50031067513107,-0.64998808556932));
#3740=CARTESIAN_POINT('',(1.51872647110087,1.29121875130512,-1.32147933484816E-7));
#3741=CARTESIAN_POINT('',(-0.0812739055774878,1.29121875130507,-1.32147930561189E-7));
#3742=CARTESIAN_POINT('',(1.54437747720647,1.32696054291201,-0.111107885874684));
#3743=CARTESIAN_POINT('Origin',(-1.03133723253749,0.25978095074737,-0.73714140552842));
#3744=CARTESIAN_POINT('',(-0.121273905577299,7.90218846168552E-8,-1.29999950671882));
#3745=CARTESIAN_POINT('',(-0.121273905577503,0.519561901494669,-0.174282678909818));
#3746=CARTESIAN_POINT('',(-0.121273905577507,0.259780950747382,-0.737141405528427));
#3747=CARTESIAN_POINT('',(1.81882939897066,1.24712740134962E-13,-1.29993841400972));
#3748=CARTESIAN_POINT('',(-0.121273905577507,1.24712740134962E-13,-1.29999935964064));
#3749=CARTESIAN_POINT('',(1.55896239092773,0.519561901494724,-0.174282678909937));
#3750=CARTESIAN_POINT('',(1.57441258540086,0.488674468814722,-0.241205449716011));
#3751=CARTESIAN_POINT('',(-0.0812739055774878,0.51956190149467,-0.174282678909821));
#3752=CARTESIAN_POINT('Origin',(-0.048469179651487,0.79194971684367,-0.300000132147721));
#3753=CARTESIAN_POINT('',(-0.121273905577503,0.791949716847686,-1.32147997779179E-7));
#3754=CARTESIAN_POINT('',(1.51872647110087,0.791949716847284,-1.32147933484816E-7));
#3755=CARTESIAN_POINT('',(-1.68127390557849,0.79194971684807,-1.32148235576461E-7));
#3756=CARTESIAN_POINT('Origin',(-0.121273905577503,0.791949716843663,-0.300000132147721));
#3757=CARTESIAN_POINT('Origin',(1.58798628037215,0.791949716843834,-0.300000132147721));
#3758=CARTESIAN_POINT('Origin',(-0.486297916566489,7.40878133145007,-0.649936772850821));
#3759=CARTESIAN_POINT('',(-0.121273905577479,7.24063041424884,-1.29987341343479));
#3760=CARTESIAN_POINT('',(-0.121273905577476,7.40878133145007,-0.649936772850821));
#3761=CARTESIAN_POINT('',(0.528706061551554,7.24063041399889,-1.29987341527839));
#3762=CARTESIAN_POINT('',(-32.2812774819985,7.24063041424408,-1.29987341343472));
#3763=CARTESIAN_POINT('Ctrl Pts',(0.528706060946382,7.24063041375848,-1.29987341527884));
#3764=CARTESIAN_POINT('Ctrl Pts',(0.463685253823071,7.40310172114824,-0.671889592975411));
#3765=CARTESIAN_POINT('Ctrl Pts',(0.396564860100199,7.57693224869537,-1.32147785334386E-7));
#3766=CARTESIAN_POINT('Origin',(-0.50998986014749,7.17220817643207,-6.19993677275372));
#3767=CARTESIAN_POINT('',(-0.121273905577476,7.13869479223247,-8.60000013214772));
#3768=CARTESIAN_POINT('',(-0.121273905577476,7.17220817643207,-6.19993677275372));
#3769=CARTESIAN_POINT('',(0.403992962892424,7.13869479223247,-8.60000013214772));
#3770=CARTESIAN_POINT('',(-0.50998986014749,7.13869479223247,-8.60000013214772));
#3771=CARTESIAN_POINT('',(0.528759232113707,7.24062864481161,-1.30000013214771));
#3772=CARTESIAN_POINT('Origin',(2.41872609442251,4.80000000000007,-176.085791665855));
#3773=CARTESIAN_POINT('',(0.528732833763979,7.24062952329533,-1.29993721947408));
#3774=CARTESIAN_POINT('Origin',(-2.58127390557749,8.60000000000007,-6.00000013214772));
#3775=CARTESIAN_POINT('',(15.118726094423,8.60000000000007,-12.0000001321477));
#3776=CARTESIAN_POINT('',(15.118726094423,8.60000000000007,-6.00000013214779));
#3777=CARTESIAN_POINT('',(-0.121273905577469,8.60000000000007,-12.0000001321477));
#3778=CARTESIAN_POINT('',(-1.08127390557749,8.60000000000007,-12.0000001321477));
#3779=CARTESIAN_POINT('',(-0.121273905577469,8.60000000000007,-6.00000013214772));
#3780=CARTESIAN_POINT('Origin',(-2.58127390557749,6.04245300337707,-8.60000013214772));
#3781=CARTESIAN_POINT('',(15.118726094423,1.81130520776766,-8.60000013214772));
#3782=CARTESIAN_POINT('',(15.118726094423,6.04245300337707,-8.60000013214772));
#3783=CARTESIAN_POINT('Origin',(12.5787260944225,4.80000000000007,-8.60000013214772));
#3784=CARTESIAN_POINT('Origin',(7.49872609442251,4.80000000000006,-8.60000013214772));
#3785=CARTESIAN_POINT('Origin',(2.41872609442251,4.80000000000007,-8.60000013214772));
#3786=CARTESIAN_POINT('',(-0.121273905577499,1.81130520778657,-8.60000013268928));
#3787=CARTESIAN_POINT('',(-0.121273905577479,6.04245300337706,-8.60000013214772));
#3788=CARTESIAN_POINT('',(-2.58127390557749,1.81130520776766,-8.60000013214772));
#3789=CARTESIAN_POINT('',(13.9601492003055,4.80000000000007,-8.60000013214772));
#3790=CARTESIAN_POINT('Origin',(12.5787260944225,4.80000000000007,-8.60000013214772));
#3791=CARTESIAN_POINT('',(8.88014920030554,4.80000000000007,-8.60000013214772));
#3792=CARTESIAN_POINT('Origin',(7.49872609442251,4.80000000000007,-8.60000013214772));
#3793=CARTESIAN_POINT('',(3.80014920030554,4.80000000000007,-8.60000013214772));
#3794=CARTESIAN_POINT('Origin',(2.41872609442251,4.80000000000007,-8.60000013214772));
#3795=CARTESIAN_POINT('Origin',(-2.58127390557749,1.24712740134962E-13,
-2.14999833497872));
#3796=CARTESIAN_POINT('',(-0.121273905577503,1.18188734262371E-13,-3.00000013214772));
#3797=CARTESIAN_POINT('',(15.118726094423,1.1817803680092E-13,-3.00000013214772));
#3798=CARTESIAN_POINT('',(-25.0812739055775,1.18199431723822E-13,-3.00000013214772));
#3799=CARTESIAN_POINT('',(15.118726094423,1.24712740134962E-13,-2.14999833497879));
#3800=CARTESIAN_POINT('',(11.9788230562126,1.2490009027033E-13,-1.29987341335822));
#3801=CARTESIAN_POINT('',(6.89882305621261,1.2490009027033E-13,-1.29987341335822));
#3802=CARTESIAN_POINT('',(-2.58127390557695,1.24712740134962E-13,-1.29987341335543));
#3803=CARTESIAN_POINT('',(-0.121273905577507,1.24712740134962E-13,-2.14999833497872));
#3804=CARTESIAN_POINT('Origin',(-2.58127390557749,0.40023809445897,-3.00000013214772));
#3805=CARTESIAN_POINT('',(-0.121273905577507,0.800476188917758,-3.00000013214772));
#3806=CARTESIAN_POINT('',(15.118726094423,0.800476188917745,-3.00000013214772));
#3807=CARTESIAN_POINT('',(-25.0812739055775,0.80047618891777,-3.00000013214772));
#3808=CARTESIAN_POINT('',(15.118726094423,0.400238094458972,-3.00000013214772));
#3809=CARTESIAN_POINT('',(-0.121273905577503,0.40023809445896,-3.00000013214772));
#3810=CARTESIAN_POINT('Origin',(-2.58127390557749,0.90023809445907,-7.50000013214772));
#3811=CARTESIAN_POINT('',(15.118726094423,1.00000000000007,-12.0000001321477));
#3812=CARTESIAN_POINT('',(-0.121273905577503,1.00000000000007,-12.0000001321477));
#3813=CARTESIAN_POINT('',(-0.0812739055774878,1.00000000000007,-12.0000001321477));
#3814=CARTESIAN_POINT('',(15.118726094423,0.900238094459072,-7.50000013214779));
#3815=CARTESIAN_POINT('',(-0.121273905577503,0.90023809445907,-7.50000013214772));
#3816=CARTESIAN_POINT('Origin',(-0.88127390557749,1.04158423407507,-1.32147720544E-7));
#3817=CARTESIAN_POINT('',(-0.121273905577503,1.04158423407506,-1.32147720544E-7));
#3818=CARTESIAN_POINT('',(1.51872647110087,3.00000000000012,-1.32147933484816E-7));
#3819=CARTESIAN_POINT('Origin',(-2.58127390557749,4.80000000000007,-12.0000001321477));
#3820=CARTESIAN_POINT('',(15.118726094423,4.80000000000007,-12.0000001321477));
#3821=CARTESIAN_POINT('',(-0.121273905577486,4.80000000000005,-12.0000001321477));
#3822=CARTESIAN_POINT('',(12.7787260944225,5.30000000000007,-12.0000001321477));
#3823=CARTESIAN_POINT('',(12.3787260944225,5.30000000000007,-12.0000001321477));
#3824=CARTESIAN_POINT('',(-2.58127390557749,5.30000000000007,-12.0000001321477));
#3825=CARTESIAN_POINT('',(12.0787260944225,5.00000000000007,-12.0000001321477));
#3826=CARTESIAN_POINT('Origin',(12.3787260944225,5.00000000000007,-12.0000001321477));
#3827=CARTESIAN_POINT('',(12.0787260944225,4.60000000000007,-12.0000001321477));
#3828=CARTESIAN_POINT('',(12.0787260944225,4.80000000000007,-12.0000001321477));
#3829=CARTESIAN_POINT('',(12.3787260944225,4.30000000000007,-12.0000001321477));
#3830=CARTESIAN_POINT('Origin',(12.3787260944225,4.60000000000007,-12.0000001321477));
#3831=CARTESIAN_POINT('',(12.7787260944225,4.30000000000007,-12.0000001321477));
#3832=CARTESIAN_POINT('',(-2.58127390557749,4.30000000000007,-12.0000001321477));
#3833=CARTESIAN_POINT('',(13.0787260944225,4.60000000000007,-12.0000001321477));
#3834=CARTESIAN_POINT('Origin',(12.7787260944225,4.60000000000007,-12.0000001321477));
#3835=CARTESIAN_POINT('',(13.0787260944225,5.00000000000007,-12.0000001321477));
#3836=CARTESIAN_POINT('',(13.0787260944225,4.80000000000007,-12.0000001321477));
#3837=CARTESIAN_POINT('Origin',(12.7787260944225,5.00000000000007,-12.0000001321477));
#3838=CARTESIAN_POINT('',(7.69872609442251,5.30000000000007,-12.0000001321477));
#3839=CARTESIAN_POINT('',(7.29872609442251,5.30000000000007,-12.0000001321477));
#3840=CARTESIAN_POINT('',(-2.58127390557749,5.30000000000007,-12.0000001321477));
#3841=CARTESIAN_POINT('',(6.99872609442251,5.00000000000007,-12.0000001321477));
#3842=CARTESIAN_POINT('Origin',(7.29872609442251,5.00000000000007,-12.0000001321477));
#3843=CARTESIAN_POINT('',(6.99872609442251,4.60000000000007,-12.0000001321477));
#3844=CARTESIAN_POINT('',(6.99872609442251,4.80000000000007,-12.0000001321477));
#3845=CARTESIAN_POINT('',(7.29872609442251,4.30000000000007,-12.0000001321477));
#3846=CARTESIAN_POINT('Origin',(7.29872609442251,4.60000000000007,-12.0000001321477));
#3847=CARTESIAN_POINT('',(7.69872609442251,4.30000000000007,-12.0000001321477));
#3848=CARTESIAN_POINT('',(-2.58127390557749,4.30000000000007,-12.0000001321477));
#3849=CARTESIAN_POINT('',(7.99872609442251,4.60000000000007,-12.0000001321477));
#3850=CARTESIAN_POINT('Origin',(7.69872609442251,4.60000000000007,-12.0000001321477));
#3851=CARTESIAN_POINT('',(7.99872609442251,5.00000000000007,-12.0000001321477));
#3852=CARTESIAN_POINT('',(7.99872609442251,4.80000000000007,-12.0000001321477));
#3853=CARTESIAN_POINT('Origin',(7.69872609442251,5.00000000000007,-12.0000001321477));
#3854=CARTESIAN_POINT('',(2.21872609442251,4.30000000000007,-12.0000001321477));
#3855=CARTESIAN_POINT('',(2.61872609442251,4.30000000000007,-12.0000001321477));
#3856=CARTESIAN_POINT('',(-2.58127390557749,4.30000000000007,-12.0000001321477));
#3857=CARTESIAN_POINT('',(2.91872609442251,4.60000000000007,-12.0000001321477));
#3858=CARTESIAN_POINT('Origin',(2.61872609442251,4.60000000000007,-12.0000001321477));
#3859=CARTESIAN_POINT('',(2.91872609442251,5.00000000000007,-12.0000001321477));
#3860=CARTESIAN_POINT('',(2.91872609442251,4.80000000000007,-12.0000001321477));
#3861=CARTESIAN_POINT('',(2.61872609442251,5.30000000000007,-12.0000001321477));
#3862=CARTESIAN_POINT('Origin',(2.61872609442251,5.00000000000007,-12.0000001321477));
#3863=CARTESIAN_POINT('',(2.21872609442251,5.30000000000007,-12.0000001321477));
#3864=CARTESIAN_POINT('',(-2.58127390557749,5.30000000000007,-12.0000001321477));
#3865=CARTESIAN_POINT('',(1.91872609442251,5.00000000000007,-12.0000001321477));
#3866=CARTESIAN_POINT('Origin',(2.21872609442251,5.00000000000007,-12.0000001321477));
#3867=CARTESIAN_POINT('',(1.91872609442251,4.60000000000007,-12.0000001321477));
#3868=CARTESIAN_POINT('',(1.91872609442251,4.80000000000007,-12.0000001321477));
#3869=CARTESIAN_POINT('Origin',(2.21872609442251,4.60000000000007,-12.0000001321477));
#3870=CARTESIAN_POINT('Origin',(-2.58127390557749,1.77779182356807,-6.19993677275372));
#3871=CARTESIAN_POINT('',(15.118726094423,1.77779182356807,-6.19993677275379));
#3872=CARTESIAN_POINT('',(-0.1212739055775,1.77779182356807,-6.19993677275372));
#3873=CARTESIAN_POINT('',(-1.03133485722849,1.7093695857455,-1.29987341336062));
#3874=CARTESIAN_POINT('',(-1.03133485722895,1.7093695857431,-1.29987341335319));
#3875=CARTESIAN_POINT('',(-1.03133485722895,1.70936958574206,-1.29987341334996));
#3876=CARTESIAN_POINT('Origin',(-0.88127390557749,1.04158423407507,-1.32147720544E-7));
#3877=CARTESIAN_POINT('',(6.59872647110087,3.00000000000012,-1.32147933484816E-7));
#3878=CARTESIAN_POINT('',(3.31872609461091,3.00000000000012,-1.32148362348358E-7));
#3879=CARTESIAN_POINT('Origin',(2.41872609442251,4.80000000000007,0.59999986785228));
#3880=CARTESIAN_POINT('Origin',(2.41872609442251,4.80000000000007,-1.30000013214772));
#3881=CARTESIAN_POINT('Origin',(2.41872609442251,4.80000000000007,-1.30000013214772));
#3882=CARTESIAN_POINT('Origin',(1.51872647110087,3.00000000000012,-1.32147933484816E-7));
#3883=CARTESIAN_POINT('',(1.8188230562126,3.00000000000012,-1.29987341335822));
#3884=CARTESIAN_POINT('Origin',(1.8188230562126,3.00000000000012,-1.29987341335822));
#3885=CARTESIAN_POINT('',(3.01862670148587,3.00000000000012,-1.29987341335898));
#3886=CARTESIAN_POINT('Origin',(3.01862670148587,3.00000000000012,-1.29987341335898));
#3887=CARTESIAN_POINT('Origin',(-25.0812739055775,-3.38271077815477E-14,
-16.0000001321477));
#3888=CARTESIAN_POINT('',(2.66872609442251,4.55000000000007,-16.0000001321477));
#3889=CARTESIAN_POINT('',(2.16872609442251,4.55000000000007,-16.0000001321477));
#3890=CARTESIAN_POINT('',(-25.0812739055775,4.55000000000007,-16.0000001321477));
#3891=CARTESIAN_POINT('',(2.16872609442251,5.05000000000007,-16.0000001321477));
#3892=CARTESIAN_POINT('',(2.16872609442251,-3.38271077815477E-14,-16.0000001321477));
#3893=CARTESIAN_POINT('',(2.66872609442251,5.05000000000007,-16.0000001321477));
#3894=CARTESIAN_POINT('',(-25.0812739055775,5.05000000000007,-16.0000001321477));
#3895=CARTESIAN_POINT('',(2.66872609442251,-3.38271077815477E-14,-16.0000001321477));
#3896=CARTESIAN_POINT('Origin',(1.91872609442251,4.30000000000007,-0.995900132147721));
#3897=CARTESIAN_POINT('',(1.91872609442251,5.00000000000007,-15.0000001321477));
#3898=CARTESIAN_POINT('',(1.91872609442251,5.00000000000007,-0.995900132147721));
#3899=CARTESIAN_POINT('',(1.91872609442251,4.60000000000007,-15.0000001321477));
#3900=CARTESIAN_POINT('',(1.91872609442251,4.30000000000007,-15.0000001321477));
#3901=CARTESIAN_POINT('',(1.91872609442251,4.60000000000007,-0.995900132147721));
#3902=CARTESIAN_POINT('Origin',(2.91872609442251,4.30000000000007,-0.995900132147721));
#3903=CARTESIAN_POINT('',(2.21872609442251,4.30000000000007,-15.0000001321477));
#3904=CARTESIAN_POINT('',(2.61872609442251,4.30000000000007,-15.0000001321477));
#3905=CARTESIAN_POINT('',(2.91872609442251,4.30000000000007,-15.0000001321477));
#3906=CARTESIAN_POINT('',(2.61872609442251,4.30000000000007,-0.995900132147721));
#3907=CARTESIAN_POINT('',(2.21872609442251,4.30000000000007,-0.995900132147721));
#3908=CARTESIAN_POINT('Origin',(2.91872609442251,5.30000000000007,-0.995900132147721));
#3909=CARTESIAN_POINT('',(2.91872609442251,4.60000000000007,-15.0000001321477));
#3910=CARTESIAN_POINT('',(2.91872609442251,4.60000000000007,-0.995900132147721));
#3911=CARTESIAN_POINT('',(2.91872609442251,5.00000000000007,-15.0000001321477));
#3912=CARTESIAN_POINT('',(2.91872609442251,5.30000000000007,-15.0000001321477));
#3913=CARTESIAN_POINT('',(2.91872609442251,5.00000000000007,-0.995900132147721));
#3914=CARTESIAN_POINT('Origin',(1.91872609442251,5.30000000000007,-0.995900132147721));
#3915=CARTESIAN_POINT('',(2.61872609442251,5.30000000000007,-15.0000001321477));
#3916=CARTESIAN_POINT('',(2.21872609442251,5.30000000000007,-15.0000001321477));
#3917=CARTESIAN_POINT('',(1.91872609442251,5.30000000000007,-15.0000001321477));
#3918=CARTESIAN_POINT('',(2.21872609442251,5.30000000000007,-0.995900132147721));
#3919=CARTESIAN_POINT('',(2.61872609442251,5.30000000000007,-0.995900132147721));
#3920=CARTESIAN_POINT('Origin',(2.41872609442251,4.80000000000007,-7.40000013214772));
#3921=CARTESIAN_POINT('',(3.77637623063868,4.80000000000007,-7.69214704765536));
#3922=CARTESIAN_POINT('',(3.76872609442251,4.80000000000007,-7.40000013214772));
#3923=CARTESIAN_POINT('Origin',(2.41872609442251,4.80000000000007,-7.69214704765536));
#3924=CARTESIAN_POINT('Origin',(2.41872609442251,4.80000000000007,-7.40000013214772));
#3925=CARTESIAN_POINT('',(3.47647903314601,4.80000000000007,-7.40000013214772));
#3926=CARTESIAN_POINT('Origin',(2.41872609442251,4.80000000000007,-7.40000013214772));
#3927=CARTESIAN_POINT('',(1.91872609442251,4.60000000000007,-7.40000013214772));
#3928=CARTESIAN_POINT('',(1.91872609442251,5.00000000000007,-7.40000013214772));
#3929=CARTESIAN_POINT('',(1.91872609442251,4.80000000000007,-7.40000013214772));
#3930=CARTESIAN_POINT('',(2.21872609442251,5.30000000000007,-7.40000013214772));
#3931=CARTESIAN_POINT('Origin',(2.21872609442251,5.00000000000007,-7.40000013214772));
#3932=CARTESIAN_POINT('',(2.61872609442251,5.30000000000007,-7.40000013214772));
#3933=CARTESIAN_POINT('',(2.41872609442251,5.30000000000007,-7.40000013214772));
#3934=CARTESIAN_POINT('',(2.91872609442251,5.00000000000007,-7.40000013214772));
#3935=CARTESIAN_POINT('Origin',(2.61872609442251,5.00000000000007,-7.40000013214772));
#3936=CARTESIAN_POINT('',(2.91872609442251,4.60000000000007,-7.40000013214772));
#3937=CARTESIAN_POINT('',(2.91872609442251,4.80000000000007,-7.40000013214772));
#3938=CARTESIAN_POINT('',(2.61872609442251,4.30000000000007,-7.40000013214772));
#3939=CARTESIAN_POINT('Origin',(2.61872609442251,4.60000000000007,-7.40000013214772));
#3940=CARTESIAN_POINT('',(2.21872609442251,4.30000000000007,-7.40000013214772));
#3941=CARTESIAN_POINT('',(2.41872609442251,4.30000000000007,-7.40000013214772));
#3942=CARTESIAN_POINT('Origin',(2.21872609442251,4.60000000000007,-7.40000013214772));
#3943=CARTESIAN_POINT('Origin',(2.41872609442251,4.80000000000007,-7.70000013214772));
#3944=CARTESIAN_POINT('Origin',(3.47647903314601,4.80000000000007,-7.70000013214772));
#3945=CARTESIAN_POINT('Origin',(2.91872609442251,5.30000000000007,-1.99590013214772));
#3946=CARTESIAN_POINT('',(2.91872609442251,5.00000000000007,-1.99590013214772));
#3947=CARTESIAN_POINT('',(2.91872609442251,4.60000000000007,-1.99590013214772));
#3948=CARTESIAN_POINT('',(2.91872609442251,4.30000000000007,-1.99590013214772));
#3949=CARTESIAN_POINT('',(2.83085812877848,5.21213203435603,-1.64442826957157));
#3950=CARTESIAN_POINT('Origin',(2.61872609442251,5.00000000000007,-0.795900132147715));
#3951=CARTESIAN_POINT('',(2.66872609442251,5.05000000000007,-0.995900132147721));
#3952=CARTESIAN_POINT('',(2.86317053886696,5.24444444444451,-1.7736779099255));
#3953=CARTESIAN_POINT('',(2.66872609442251,4.55000000000007,-0.995900132147721));
#3954=CARTESIAN_POINT('',(2.66872609442251,5.30000000000007,-0.995900132147721));
#3955=CARTESIAN_POINT('',(2.83085812877848,4.3878679656441,-1.64442826957157));
#3956=CARTESIAN_POINT('',(2.91872609442251,4.30000000000007,-1.99590013214772));
#3957=CARTESIAN_POINT('Origin',(2.61872609442251,4.60000000000007,-0.795900132147715));
#3958=CARTESIAN_POINT('Origin',(2.91872609442251,4.30000000000007,-1.99590013214772));
#3959=CARTESIAN_POINT('',(2.16872609442251,4.55000000000007,-0.995900132147721));
#3960=CARTESIAN_POINT('',(2.00659406006655,4.3878679656441,-1.64442826957157));
#3961=CARTESIAN_POINT('',(1.97428164997807,4.35555555555562,-1.7736779099255));
#3962=CARTESIAN_POINT('',(2.21872609442251,4.30000000000007,-1.99590013214772));
#3963=CARTESIAN_POINT('Origin',(2.21872609442251,4.60000000000007,-0.795900132147722));
#3964=CARTESIAN_POINT('',(2.61872609442251,4.30000000000007,-1.99590013214772));
#3965=CARTESIAN_POINT('',(1.91872609442251,4.30000000000007,-1.99590013214772));
#3966=CARTESIAN_POINT('Origin',(2.61872609442251,4.60000000000007,-0.795900132147722));
#3967=CARTESIAN_POINT('',(2.91872609442251,4.55000000000007,-0.995900132147721));
#3968=CARTESIAN_POINT('Origin',(1.91872609442251,5.30000000000007,-1.99590013214772));
#3969=CARTESIAN_POINT('',(2.21872609442251,5.30000000000007,-1.99590013214772));
#3970=CARTESIAN_POINT('',(2.61872609442251,5.30000000000007,-1.99590013214772));
#3971=CARTESIAN_POINT('',(2.91872609442251,5.30000000000007,-1.99590013214772));
#3972=CARTESIAN_POINT('',(2.00659406006655,5.21213203435603,-1.64442826957157));
#3973=CARTESIAN_POINT('Origin',(2.21872609442251,5.00000000000007,-0.795900132147722));
#3974=CARTESIAN_POINT('',(2.16872609442251,5.05000000000007,-0.995900132147721));
#3975=CARTESIAN_POINT('',(1.91872609442251,5.30000000000007,-1.99590013214772));
#3976=CARTESIAN_POINT('',(1.91872609442251,5.05000000000007,-0.995900132147721));
#3977=CARTESIAN_POINT('Origin',(2.61872609442251,5.00000000000007,-0.795900132147722));
#3978=CARTESIAN_POINT('Origin',(1.91872609442251,4.30000000000007,-1.99590013214772));
#3979=CARTESIAN_POINT('',(1.91872609442251,5.00000000000007,-1.99590013214772));
#3980=CARTESIAN_POINT('Origin',(2.21872609442251,5.00000000000007,-0.795900132147715));
#3981=CARTESIAN_POINT('',(1.91872609442251,4.60000000000007,-1.99590013214772));
#3982=CARTESIAN_POINT('',(1.91872609442251,5.30000000000007,-1.99590013214772));
#3983=CARTESIAN_POINT('Origin',(2.21872609442251,4.60000000000007,-0.795900132147715));
#3984=CARTESIAN_POINT('',(2.16872609442251,4.30000000000007,-0.995900132147721));
#3985=CARTESIAN_POINT('Origin',(-25.0812739055775,-3.38271077815477E-14,
-0.995900132147721));
#3986=CARTESIAN_POINT('Origin',(1.91872609442251,4.30000000000007,-0.995900132147721));
#3987=CARTESIAN_POINT('',(1.91872609442251,5.00000000000007,-0.995900132147721));
#3988=CARTESIAN_POINT('',(1.91872609442251,4.60000000000007,-0.995900132147721));
#3989=CARTESIAN_POINT('Origin',(2.91872609442251,4.30000000000007,-0.995900132147721));
#3990=CARTESIAN_POINT('',(2.21872609442251,4.30000000000007,-0.995900132147721));
#3991=CARTESIAN_POINT('',(2.61872609442251,4.30000000000007,-0.995900132147721));
#3992=CARTESIAN_POINT('Origin',(2.91872609442251,5.30000000000007,-0.995900132147721));
#3993=CARTESIAN_POINT('',(2.91872609442251,5.00000000000007,-0.995900132147721));
#3994=CARTESIAN_POINT('',(2.91872609442251,4.60000000000007,-0.995900132147721));
#3995=CARTESIAN_POINT('Origin',(1.91872609442251,5.30000000000007,-0.995900132147721));
#3996=CARTESIAN_POINT('',(2.21872609442251,5.30000000000007,-0.995900132147721));
#3997=CARTESIAN_POINT('',(2.61872609442251,5.30000000000007,-0.995900132147721));
#3998=CARTESIAN_POINT('Origin',(2.66872609442251,-3.38271077815477E-14,
-16.0000001321477));
#3999=CARTESIAN_POINT('',(2.83085812877848,4.3878679656441,-15.3514719947239));
#4000=CARTESIAN_POINT('Origin',(2.61872609442251,4.60000000000007,-16.2000001321477));
#4001=CARTESIAN_POINT('',(2.92150387220029,4.29722222222228,-14.9888890210366));
#4002=CARTESIAN_POINT('',(2.83085812877847,5.21213203435603,-15.3514719947239));
#4003=CARTESIAN_POINT('',(1.12705942775584,3.5083333333334,-22.1666667988144));
#4004=CARTESIAN_POINT('Origin',(2.61872609442251,5.00000000000007,-16.2000001321477));
#4005=CARTESIAN_POINT('Origin',(-25.0812739055775,4.55000000000007,-16.0000001321477));
#4006=CARTESIAN_POINT('Origin',(2.61872609442251,4.60000000000007,-16.2000001321477));
#4007=CARTESIAN_POINT('',(2.00659406006655,4.3878679656441,-15.3514719947239));
#4008=CARTESIAN_POINT('Origin',(2.21872609442251,4.60000000000007,-16.2000001321477));
#4009=CARTESIAN_POINT('',(0.65483720553362,3.03611111111118,-9.94444457659216));
#4010=CARTESIAN_POINT('Origin',(-25.0812739055775,5.05000000000007,-16.0000001321477));
#4011=CARTESIAN_POINT('',(2.00659406006655,5.21213203435603,-15.3514719947239));
#4012=CARTESIAN_POINT('',(0.65483720553362,6.56388888888895,-9.94444457659216));
#4013=CARTESIAN_POINT('Origin',(2.21872609442251,5.00000000000007,-16.2000001321477));
#4014=CARTESIAN_POINT('Origin',(2.61872609442251,5.00000000000007,-16.2000001321477));
#4015=CARTESIAN_POINT('Origin',(2.16872609442251,-3.38271077815477E-14,
-16.0000001321477));
#4016=CARTESIAN_POINT('Origin',(2.21872609442251,5.00000000000007,-16.2000001321477));
#4017=CARTESIAN_POINT('Origin',(2.21872609442251,4.60000000000007,-16.2000001321477));
#4018=CARTESIAN_POINT('Origin',(2.21872609442251,5.00000000000007,-0.995900132147721));
#4019=CARTESIAN_POINT('Origin',(2.21872609442251,4.60000000000007,-0.995900132147721));
#4020=CARTESIAN_POINT('Origin',(2.61872609442251,5.00000000000007,-0.995900132147721));
#4021=CARTESIAN_POINT('Origin',(2.61872609442251,4.60000000000007,-0.995900132147721));
#4022=CARTESIAN_POINT('Origin',(2.21872609442251,5.00000000000007,-0.995900132147721));
#4023=CARTESIAN_POINT('Origin',(2.61872609442251,4.60000000000007,-0.995900132147721));
#4024=CARTESIAN_POINT('Origin',(2.21872609442251,4.60000000000007,-0.995900132147721));
#4025=CARTESIAN_POINT('Origin',(2.61872609442251,5.00000000000007,-0.995900132147721));
#4026=CARTESIAN_POINT('Origin',(-0.121273905577486,4.80000000000007,-25.0000001321477));
#4027=CARTESIAN_POINT('Origin',(7.49872609442251,4.80000000000006,0.59999986785228));
#4028=CARTESIAN_POINT('Origin',(7.49872609442251,4.80000000000006,-1.30000013214772));
#4029=CARTESIAN_POINT('Origin',(7.49872609442251,4.80000000000006,-1.30000013214772));
#4030=CARTESIAN_POINT('Origin',(6.89882305621261,3.00000000000012,-1.29987341335822));
#4031=CARTESIAN_POINT('',(6.89882305621261,3.00000000000012,-1.29987341335822));
#4032=CARTESIAN_POINT('',(8.09862670148587,3.00000000000012,-1.29987341335898));
#4033=CARTESIAN_POINT('Origin',(6.59872647110087,3.00000000000012,-1.32147933484816E-7));
#4034=CARTESIAN_POINT('Origin',(8.09862670148587,3.00000000000012,-1.29987341335898));
#4035=CARTESIAN_POINT('Origin',(12.5787260944225,4.80000000000007,0.59999986785228));
#4036=CARTESIAN_POINT('Origin',(12.5787260944225,4.80000000000007,-1.30000013214772));
#4037=CARTESIAN_POINT('Origin',(12.5787260944225,4.80000000000007,-1.30000013214772));
#4038=CARTESIAN_POINT('Origin',(11.9788230562126,3.00000000000012,-1.29987341335822));
#4039=CARTESIAN_POINT('',(11.9788230562126,3.00000000000012,-1.29987341335822));
#4040=CARTESIAN_POINT('',(13.1786267014859,3.00000000000012,-1.29987341335898));
#4041=CARTESIAN_POINT('Origin',(11.6787264711009,3.00000000000012,-1.32147933484816E-7));
#4042=CARTESIAN_POINT('Origin',(13.1786267014859,3.00000000000012,-1.29987341335898));
#4043=CARTESIAN_POINT('Origin',(-25.0812739055775,-3.38271077815477E-14,
-16.0000001321477));
#4044=CARTESIAN_POINT('',(7.74872609442251,4.55000000000007,-16.0000001321477));
#4045=CARTESIAN_POINT('',(7.24872609442251,4.55000000000007,-16.0000001321477));
#4046=CARTESIAN_POINT('',(-25.0812739055775,4.55000000000007,-16.0000001321477));
#4047=CARTESIAN_POINT('',(7.24872609442251,5.05000000000007,-16.0000001321477));
#4048=CARTESIAN_POINT('',(7.24872609442251,-3.38271077815477E-14,-16.0000001321477));
#4049=CARTESIAN_POINT('',(7.74872609442251,5.05000000000007,-16.0000001321477));
#4050=CARTESIAN_POINT('',(-25.0812739055775,5.05000000000007,-16.0000001321477));
#4051=CARTESIAN_POINT('',(7.74872609442251,-3.38271077815477E-14,-16.0000001321477));
#4052=CARTESIAN_POINT('Origin',(7.24872609442251,-3.38271077815477E-14,
-16.0000001321477));
#4053=CARTESIAN_POINT('',(6.99872609442251,5.00000000000007,-15.0000001321477));
#4054=CARTESIAN_POINT('',(6.99872609442251,4.60000000000007,-15.0000001321477));
#4055=CARTESIAN_POINT('',(6.99872609442251,4.30000000000007,-15.0000001321477));
#4056=CARTESIAN_POINT('',(7.08659406006654,5.21213203435603,-15.3514719947239));
#4057=CARTESIAN_POINT('Origin',(7.29872609442251,5.00000000000007,-16.2000001321477));
#4058=CARTESIAN_POINT('',(5.4526149833114,6.84611111111118,-8.81555568770328));
#4059=CARTESIAN_POINT('',(7.08659406006654,4.3878679656441,-15.3514719947239));
#4060=CARTESIAN_POINT('',(5.4526149833114,2.75388888888895,-8.81555568770328));
#4061=CARTESIAN_POINT('Origin',(7.29872609442251,4.60000000000007,-16.2000001321477));
#4062=CARTESIAN_POINT('Origin',(-25.0812739055775,5.05000000000007,-16.0000001321477));
#4063=CARTESIAN_POINT('',(7.29872609442251,5.30000000000007,-15.0000001321477));
#4064=CARTESIAN_POINT('Origin',(7.29872609442251,5.00000000000007,-16.2000001321477));
#4065=CARTESIAN_POINT('',(7.69872609442251,5.30000000000007,-15.0000001321477));
#4066=CARTESIAN_POINT('',(6.99872609442251,5.30000000000007,-15.0000001321477));
#4067=CARTESIAN_POINT('',(7.91085812877847,5.21213203435603,-15.3514719947239));
#4068=CARTESIAN_POINT('Origin',(7.69872609442251,5.00000000000007,-16.2000001321477));
#4069=CARTESIAN_POINT('',(5.92483720553362,3.22611111111118,-23.2955556877033));
#4070=CARTESIAN_POINT('Origin',(7.74872609442251,-3.38271077815477E-14,
-16.0000001321477));
#4071=CARTESIAN_POINT('',(7.99872609442251,5.00000000000007,-15.0000001321477));
#4072=CARTESIAN_POINT('Origin',(7.69872609442251,5.00000000000007,-16.2000001321477));
#4073=CARTESIAN_POINT('',(7.99872609442251,4.60000000000007,-15.0000001321477));
#4074=CARTESIAN_POINT('',(7.99872609442251,5.30000000000007,-15.0000001321477));
#4075=CARTESIAN_POINT('',(7.91085812877847,4.3878679656441,-15.3514719947239));
#4076=CARTESIAN_POINT('Origin',(7.69872609442251,4.60000000000007,-16.2000001321477));
#4077=CARTESIAN_POINT('',(8.00150387220029,4.29722222222228,-14.9888890210366));
#4078=CARTESIAN_POINT('Origin',(-25.0812739055775,4.55000000000007,-16.0000001321477));
#4079=CARTESIAN_POINT('',(7.29872609442251,4.30000000000007,-15.0000001321477));
#4080=CARTESIAN_POINT('',(7.69872609442251,4.30000000000007,-15.0000001321477));
#4081=CARTESIAN_POINT('',(7.99872609442251,4.30000000000007,-15.0000001321477));
#4082=CARTESIAN_POINT('Origin',(7.29872609442251,4.60000000000007,-16.2000001321477));
#4083=CARTESIAN_POINT('Origin',(7.69872609442251,4.60000000000007,-16.2000001321477));
#4084=CARTESIAN_POINT('Origin',(7.69872609442251,5.00000000000007,-0.995900132147721));
#4085=CARTESIAN_POINT('',(7.99872609442251,5.00000000000007,-0.995900132147721));
#4086=CARTESIAN_POINT('',(7.69872609442251,5.30000000000007,-0.995900132147721));
#4087=CARTESIAN_POINT('Origin',(7.69872609442251,4.60000000000007,-0.995900132147721));
#4088=CARTESIAN_POINT('',(7.69872609442251,4.30000000000007,-0.995900132147721));
#4089=CARTESIAN_POINT('',(7.99872609442251,4.60000000000007,-0.995900132147721));
#4090=CARTESIAN_POINT('Origin',(7.29872609442251,4.60000000000007,-0.995900132147721));
#4091=CARTESIAN_POINT('',(6.99872609442251,4.60000000000007,-0.995900132147721));
#4092=CARTESIAN_POINT('',(7.29872609442251,4.30000000000007,-0.995900132147721));
#4093=CARTESIAN_POINT('Origin',(7.29872609442251,5.00000000000007,-0.995900132147721));
#4094=CARTESIAN_POINT('',(7.29872609442251,5.30000000000007,-0.995900132147721));
#4095=CARTESIAN_POINT('',(6.99872609442251,5.00000000000007,-0.995900132147721));
#4096=CARTESIAN_POINT('Origin',(6.99872609442251,4.30000000000007,-0.995900132147721));
#4097=CARTESIAN_POINT('Origin',(7.99872609442251,4.30000000000007,-0.995900132147721));
#4098=CARTESIAN_POINT('Origin',(7.99872609442251,5.30000000000007,-0.995900132147721));
#4099=CARTESIAN_POINT('Origin',(6.99872609442251,5.30000000000007,-0.995900132147721));
#4100=CARTESIAN_POINT('Origin',(7.49872609442251,4.80000000000007,-7.40000013214772));
#4101=CARTESIAN_POINT('',(8.85637623063867,4.80000000000007,-7.69214704765536));
#4102=CARTESIAN_POINT('',(8.84872609442251,4.80000000000007,-7.40000013214772));
#4103=CARTESIAN_POINT('Origin',(7.49872609442251,4.80000000000007,-7.69214704765536));
#4104=CARTESIAN_POINT('Origin',(7.49872609442251,4.80000000000007,-7.40000013214772));
#4105=CARTESIAN_POINT('',(8.55647903314601,4.80000000000007,-7.40000013214772));
#4106=CARTESIAN_POINT('Origin',(7.49872609442251,4.80000000000007,-7.40000013214772));
#4107=CARTESIAN_POINT('',(7.29872609442251,5.30000000000007,-7.40000013214772));
#4108=CARTESIAN_POINT('',(6.99872609442251,5.00000000000007,-7.40000013214772));
#4109=CARTESIAN_POINT('Origin',(7.29872609442251,5.00000000000007,-7.40000013214772));
#4110=CARTESIAN_POINT('',(7.69872609442251,5.30000000000007,-7.40000013214772));
#4111=CARTESIAN_POINT('',(7.49872609442251,5.30000000000007,-7.40000013214772));
#4112=CARTESIAN_POINT('',(7.99872609442251,5.00000000000007,-7.40000013214772));
#4113=CARTESIAN_POINT('Origin',(7.69872609442251,5.00000000000007,-7.40000013214772));
#4114=CARTESIAN_POINT('',(7.99872609442251,4.60000000000007,-7.40000013214772));
#4115=CARTESIAN_POINT('',(7.99872609442251,4.80000000000007,-7.40000013214772));
#4116=CARTESIAN_POINT('',(7.69872609442251,4.30000000000007,-7.40000013214772));
#4117=CARTESIAN_POINT('Origin',(7.69872609442251,4.60000000000007,-7.40000013214772));
#4118=CARTESIAN_POINT('',(7.29872609442251,4.30000000000007,-7.40000013214772));
#4119=CARTESIAN_POINT('',(7.49872609442251,4.30000000000007,-7.40000013214772));
#4120=CARTESIAN_POINT('',(6.99872609442251,4.60000000000007,-7.40000013214772));
#4121=CARTESIAN_POINT('Origin',(7.29872609442251,4.60000000000007,-7.40000013214772));
#4122=CARTESIAN_POINT('',(6.99872609442251,4.80000000000007,-7.40000013214772));
#4123=CARTESIAN_POINT('Origin',(7.49872609442251,4.80000000000007,-7.70000013214772));
#4124=CARTESIAN_POINT('Origin',(8.55647903314601,4.80000000000007,-7.70000013214772));
#4125=CARTESIAN_POINT('Origin',(-25.0812739055775,-3.38271077815477E-14,
-0.995900132147721));
#4126=CARTESIAN_POINT('',(7.74872609442251,4.55000000000007,-0.995900132147721));
#4127=CARTESIAN_POINT('',(7.74872609442251,5.05000000000007,-0.995900132147721));
#4128=CARTESIAN_POINT('',(7.74872609442251,5.30000000000007,-0.995900132147721));
#4129=CARTESIAN_POINT('',(7.24872609442251,5.05000000000007,-0.995900132147721));
#4130=CARTESIAN_POINT('',(6.99872609442251,5.05000000000007,-0.995900132147721));
#4131=CARTESIAN_POINT('',(7.24872609442251,4.55000000000007,-0.995900132147721));
#4132=CARTESIAN_POINT('',(7.24872609442251,4.30000000000007,-0.995900132147721));
#4133=CARTESIAN_POINT('',(7.99872609442251,4.55000000000007,-0.995900132147721));
#4134=CARTESIAN_POINT('Origin',(6.99872609442251,4.30000000000007,-1.99590013214772));
#4135=CARTESIAN_POINT('',(7.08659406006654,5.21213203435603,-1.64442826957158));
#4136=CARTESIAN_POINT('',(6.99872609442251,5.30000000000007,-1.99590013214772));
#4137=CARTESIAN_POINT('',(6.99872609442251,5.00000000000007,-1.99590013214772));
#4138=CARTESIAN_POINT('Origin',(7.29872609442251,5.00000000000007,-0.795900132147715));
#4139=CARTESIAN_POINT('',(6.99872609442251,4.60000000000007,-1.99590013214772));
#4140=CARTESIAN_POINT('',(6.99872609442251,5.30000000000007,-1.99590013214772));
#4141=CARTESIAN_POINT('',(7.08659406006654,4.3878679656441,-1.64442826957158));
#4142=CARTESIAN_POINT('Origin',(7.29872609442251,4.60000000000007,-0.795900132147715));
#4143=CARTESIAN_POINT('',(7.05428164997807,4.35555555555562,-1.7736779099255));
#4144=CARTESIAN_POINT('Origin',(6.99872609442251,5.30000000000007,-1.99590013214772));
#4145=CARTESIAN_POINT('',(7.29872609442251,5.30000000000007,-1.99590013214772));
#4146=CARTESIAN_POINT('',(7.69872609442251,5.30000000000007,-1.99590013214772));
#4147=CARTESIAN_POINT('',(7.99872609442251,5.30000000000007,-1.99590013214772));
#4148=CARTESIAN_POINT('Origin',(7.29872609442251,5.00000000000007,-0.795900132147722));
#4149=CARTESIAN_POINT('',(7.91085812877847,5.21213203435603,-1.64442826957158));
#4150=CARTESIAN_POINT('',(7.94317053886695,5.24444444444451,-1.7736779099255));
#4151=CARTESIAN_POINT('Origin',(7.69872609442251,5.00000000000007,-0.795900132147722));
#4152=CARTESIAN_POINT('Origin',(7.99872609442251,4.30000000000007,-1.99590013214772));
#4153=CARTESIAN_POINT('',(7.29872609442251,4.30000000000007,-1.99590013214772));
#4154=CARTESIAN_POINT('Origin',(7.29872609442251,4.60000000000007,-0.795900132147722));
#4155=CARTESIAN_POINT('',(7.69872609442251,4.30000000000007,-1.99590013214772));
#4156=CARTESIAN_POINT('',(6.99872609442251,4.30000000000007,-1.99590013214772));
#4157=CARTESIAN_POINT('',(7.91085812877847,4.3878679656441,-1.64442826957158));
#4158=CARTESIAN_POINT('Origin',(7.69872609442251,4.60000000000007,-0.795900132147722));
#4159=CARTESIAN_POINT('',(7.99872609442251,4.30000000000007,-1.99590013214772));
#4160=CARTESIAN_POINT('Origin',(7.99872609442251,5.30000000000007,-1.99590013214772));
#4161=CARTESIAN_POINT('',(7.99872609442251,5.00000000000007,-1.99590013214772));
#4162=CARTESIAN_POINT('',(7.99872609442251,4.60000000000007,-1.99590013214772));
#4163=CARTESIAN_POINT('',(7.99872609442251,4.30000000000007,-1.99590013214772));
#4164=CARTESIAN_POINT('Origin',(7.69872609442251,5.00000000000007,-0.795900132147715));
#4165=CARTESIAN_POINT('Origin',(7.69872609442251,4.60000000000007,-0.795900132147715));
#4166=CARTESIAN_POINT('Origin',(7.69872609442251,5.00000000000007,-0.995900132147721));
#4167=CARTESIAN_POINT('',(7.99872609442251,5.00000000000007,-0.995900132147721));
#4168=CARTESIAN_POINT('',(7.69872609442251,5.30000000000007,-0.995900132147721));
#4169=CARTESIAN_POINT('Origin',(7.69872609442251,4.60000000000007,-0.995900132147721));
#4170=CARTESIAN_POINT('',(7.69872609442251,4.30000000000007,-0.995900132147721));
#4171=CARTESIAN_POINT('',(7.99872609442251,4.60000000000007,-0.995900132147721));
#4172=CARTESIAN_POINT('Origin',(7.29872609442251,4.60000000000007,-0.995900132147721));
#4173=CARTESIAN_POINT('',(6.99872609442251,4.60000000000007,-0.995900132147721));
#4174=CARTESIAN_POINT('',(7.29872609442251,4.30000000000007,-0.995900132147721));
#4175=CARTESIAN_POINT('Origin',(7.29872609442251,5.00000000000007,-0.995900132147721));
#4176=CARTESIAN_POINT('',(7.29872609442251,5.30000000000007,-0.995900132147721));
#4177=CARTESIAN_POINT('',(6.99872609442251,5.00000000000007,-0.995900132147721));
#4178=CARTESIAN_POINT('Origin',(6.99872609442251,4.30000000000007,-0.995900132147721));
#4179=CARTESIAN_POINT('Origin',(7.99872609442251,4.30000000000007,-0.995900132147721));
#4180=CARTESIAN_POINT('Origin',(7.99872609442251,5.30000000000007,-0.995900132147721));
#4181=CARTESIAN_POINT('Origin',(6.99872609442251,5.30000000000007,-0.995900132147721));
#4182=CARTESIAN_POINT('Origin',(-25.0812739055775,-3.38271077815477E-14,
-16.0000001321477));
#4183=CARTESIAN_POINT('',(12.8287260944225,4.55000000000007,-16.0000001321477));
#4184=CARTESIAN_POINT('',(12.3287260944225,4.55000000000007,-16.0000001321477));
#4185=CARTESIAN_POINT('',(-25.0812739055775,4.55000000000007,-16.0000001321477));
#4186=CARTESIAN_POINT('',(12.3287260944225,5.05000000000007,-16.0000001321477));
#4187=CARTESIAN_POINT('',(12.3287260944225,-3.38271077815477E-14,-16.0000001321477));
#4188=CARTESIAN_POINT('',(12.8287260944225,5.05000000000007,-16.0000001321477));
#4189=CARTESIAN_POINT('',(-25.0812739055775,5.05000000000007,-16.0000001321477));
#4190=CARTESIAN_POINT('',(12.8287260944225,-3.38271077815477E-14,-16.0000001321477));
#4191=CARTESIAN_POINT('Origin',(12.3287260944225,-3.38271077815477E-14,
-16.0000001321477));
#4192=CARTESIAN_POINT('',(12.0787260944225,5.00000000000007,-15.0000001321477));
#4193=CARTESIAN_POINT('',(12.0787260944225,4.60000000000007,-15.0000001321477));
#4194=CARTESIAN_POINT('',(12.0787260944225,4.30000000000007,-15.0000001321477));
#4195=CARTESIAN_POINT('',(12.1665940600665,5.21213203435603,-15.3514719947239));
#4196=CARTESIAN_POINT('Origin',(12.3787260944225,5.00000000000007,-16.2000001321477));
#4197=CARTESIAN_POINT('',(10.2503927610892,7.1283333333334,-7.68666679881439));
#4198=CARTESIAN_POINT('',(12.1665940600666,4.3878679656441,-15.3514719947239));
#4199=CARTESIAN_POINT('',(10.2503927610892,2.47166666666673,-7.68666679881439));
#4200=CARTESIAN_POINT('Origin',(12.3787260944225,4.60000000000007,-16.2000001321477));
#4201=CARTESIAN_POINT('Origin',(-25.0812739055775,5.05000000000007,-16.0000001321477));
#4202=CARTESIAN_POINT('',(12.3787260944225,5.30000000000007,-15.0000001321477));
#4203=CARTESIAN_POINT('Origin',(12.3787260944225,5.00000000000007,-16.2000001321477));
#4204=CARTESIAN_POINT('',(12.7787260944225,5.30000000000007,-15.0000001321477));
#4205=CARTESIAN_POINT('',(12.0787260944225,5.30000000000007,-15.0000001321477));
#4206=CARTESIAN_POINT('',(12.9908581287785,5.21213203435603,-15.3514719947239));
#4207=CARTESIAN_POINT('Origin',(12.7787260944225,5.00000000000007,-16.2000001321477));
#4208=CARTESIAN_POINT('',(10.7226149833114,2.94388888888896,-24.4244445765922));
#4209=CARTESIAN_POINT('Origin',(12.8287260944225,-3.38271077815477E-14,
-16.0000001321477));
#4210=CARTESIAN_POINT('',(13.0787260944225,5.00000000000007,-15.0000001321477));
#4211=CARTESIAN_POINT('Origin',(12.7787260944225,5.00000000000007,-16.2000001321477));
#4212=CARTESIAN_POINT('',(13.0787260944225,4.60000000000007,-15.0000001321477));
#4213=CARTESIAN_POINT('',(13.0787260944225,5.30000000000007,-15.0000001321477));
#4214=CARTESIAN_POINT('',(12.9908581287785,4.3878679656441,-15.3514719947239));
#4215=CARTESIAN_POINT('Origin',(12.7787260944225,4.60000000000007,-16.2000001321477));
#4216=CARTESIAN_POINT('',(13.0815038722003,4.29722222222228,-14.9888890210366));
#4217=CARTESIAN_POINT('Origin',(-25.0812739055775,4.55000000000007,-16.0000001321477));
#4218=CARTESIAN_POINT('',(12.3787260944225,4.30000000000007,-15.0000001321477));
#4219=CARTESIAN_POINT('',(12.7787260944225,4.30000000000007,-15.0000001321477));
#4220=CARTESIAN_POINT('',(13.0787260944225,4.30000000000007,-15.0000001321477));
#4221=CARTESIAN_POINT('Origin',(12.3787260944225,4.60000000000007,-16.2000001321477));
#4222=CARTESIAN_POINT('Origin',(12.7787260944225,4.60000000000007,-16.2000001321477));
#4223=CARTESIAN_POINT('Origin',(12.7787260944225,5.00000000000007,-0.995900132147721));
#4224=CARTESIAN_POINT('',(13.0787260944225,5.00000000000007,-0.995900132147721));
#4225=CARTESIAN_POINT('',(12.7787260944225,5.30000000000007,-0.995900132147721));
#4226=CARTESIAN_POINT('Origin',(12.7787260944225,4.60000000000007,-0.995900132147721));
#4227=CARTESIAN_POINT('',(12.7787260944225,4.30000000000007,-0.995900132147721));
#4228=CARTESIAN_POINT('',(13.0787260944225,4.60000000000007,-0.995900132147721));
#4229=CARTESIAN_POINT('Origin',(12.3787260944225,4.60000000000007,-0.995900132147721));
#4230=CARTESIAN_POINT('',(12.0787260944225,4.60000000000007,-0.995900132147721));
#4231=CARTESIAN_POINT('',(12.3787260944225,4.30000000000007,-0.995900132147721));
#4232=CARTESIAN_POINT('Origin',(12.3787260944225,5.00000000000007,-0.995900132147721));
#4233=CARTESIAN_POINT('',(12.3787260944225,5.30000000000007,-0.995900132147721));
#4234=CARTESIAN_POINT('',(12.0787260944225,5.00000000000007,-0.995900132147721));
#4235=CARTESIAN_POINT('Origin',(12.0787260944225,4.30000000000007,-0.995900132147721));
#4236=CARTESIAN_POINT('Origin',(13.0787260944225,4.30000000000007,-0.995900132147721));
#4237=CARTESIAN_POINT('Origin',(13.0787260944225,5.30000000000007,-0.995900132147721));
#4238=CARTESIAN_POINT('Origin',(12.0787260944225,5.30000000000007,-0.995900132147721));
#4239=CARTESIAN_POINT('Origin',(12.5787260944225,4.80000000000007,-7.40000013214772));
#4240=CARTESIAN_POINT('',(13.9363762306387,4.80000000000007,-7.69214704765536));
#4241=CARTESIAN_POINT('',(13.9287260944225,4.80000000000007,-7.40000013214772));
#4242=CARTESIAN_POINT('Origin',(12.5787260944225,4.80000000000007,-7.69214704765536));
#4243=CARTESIAN_POINT('Origin',(12.5787260944225,4.80000000000007,-7.40000013214772));
#4244=CARTESIAN_POINT('',(13.636479033146,4.80000000000007,-7.40000013214772));
#4245=CARTESIAN_POINT('Origin',(12.5787260944225,4.80000000000007,-7.40000013214772));
#4246=CARTESIAN_POINT('',(12.3787260944225,5.30000000000007,-7.40000013214772));
#4247=CARTESIAN_POINT('',(12.0787260944225,5.00000000000007,-7.40000013214772));
#4248=CARTESIAN_POINT('Origin',(12.3787260944225,5.00000000000007,-7.40000013214772));
#4249=CARTESIAN_POINT('',(12.7787260944225,5.30000000000007,-7.40000013214772));
#4250=CARTESIAN_POINT('',(12.5787260944225,5.30000000000007,-7.40000013214772));
#4251=CARTESIAN_POINT('',(13.0787260944225,5.00000000000007,-7.40000013214772));
#4252=CARTESIAN_POINT('Origin',(12.7787260944225,5.00000000000007,-7.40000013214772));
#4253=CARTESIAN_POINT('',(13.0787260944225,4.60000000000007,-7.40000013214772));
#4254=CARTESIAN_POINT('',(13.0787260944225,4.80000000000007,-7.40000013214772));
#4255=CARTESIAN_POINT('',(12.7787260944225,4.30000000000007,-7.40000013214772));
#4256=CARTESIAN_POINT('Origin',(12.7787260944225,4.60000000000007,-7.40000013214772));
#4257=CARTESIAN_POINT('',(12.3787260944225,4.30000000000007,-7.40000013214772));
#4258=CARTESIAN_POINT('',(12.5787260944225,4.30000000000007,-7.40000013214772));
#4259=CARTESIAN_POINT('',(12.0787260944225,4.60000000000007,-7.40000013214772));
#4260=CARTESIAN_POINT('Origin',(12.3787260944225,4.60000000000007,-7.40000013214772));
#4261=CARTESIAN_POINT('',(12.0787260944225,4.80000000000007,-7.40000013214772));
#4262=CARTESIAN_POINT('Origin',(12.5787260944225,4.80000000000007,-7.70000013214772));
#4263=CARTESIAN_POINT('Origin',(13.636479033146,4.80000000000007,-7.70000013214772));
#4264=CARTESIAN_POINT('Origin',(-25.0812739055775,-3.38271077815477E-14,
-0.995900132147721));
#4265=CARTESIAN_POINT('',(12.8287260944225,4.55000000000007,-0.995900132147721));
#4266=CARTESIAN_POINT('',(12.8287260944225,5.05000000000007,-0.995900132147721));
#4267=CARTESIAN_POINT('',(12.8287260944225,5.30000000000007,-0.995900132147721));
#4268=CARTESIAN_POINT('',(12.3287260944225,5.05000000000007,-0.995900132147721));
#4269=CARTESIAN_POINT('',(12.0787260944225,5.05000000000007,-0.995900132147721));
#4270=CARTESIAN_POINT('',(12.3287260944225,4.55000000000007,-0.995900132147721));
#4271=CARTESIAN_POINT('',(12.3287260944225,4.30000000000007,-0.995900132147721));
#4272=CARTESIAN_POINT('',(13.0787260944225,4.55000000000007,-0.995900132147721));
#4273=CARTESIAN_POINT('Origin',(12.0787260944225,4.30000000000007,-1.99590013214772));
#4274=CARTESIAN_POINT('',(12.1665940600665,5.21213203435603,-1.64442826957158));
#4275=CARTESIAN_POINT('',(12.0787260944225,5.30000000000007,-1.99590013214772));
#4276=CARTESIAN_POINT('',(12.0787260944225,5.00000000000007,-1.99590013214772));
#4277=CARTESIAN_POINT('Origin',(12.3787260944225,5.00000000000007,-0.795900132147715));
#4278=CARTESIAN_POINT('',(12.0787260944225,4.60000000000007,-1.99590013214772));
#4279=CARTESIAN_POINT('',(12.0787260944225,5.30000000000007,-1.99590013214772));
#4280=CARTESIAN_POINT('',(12.1665940600665,4.3878679656441,-1.64442826957158));
#4281=CARTESIAN_POINT('Origin',(12.3787260944225,4.60000000000007,-0.795900132147715));
#4282=CARTESIAN_POINT('',(12.1342816499781,4.35555555555562,-1.7736779099255));
#4283=CARTESIAN_POINT('Origin',(12.0787260944225,5.30000000000007,-1.99590013214772));
#4284=CARTESIAN_POINT('',(12.3787260944225,5.30000000000007,-1.99590013214772));
#4285=CARTESIAN_POINT('',(12.7787260944225,5.30000000000007,-1.99590013214772));
#4286=CARTESIAN_POINT('',(13.0787260944225,5.30000000000007,-1.99590013214772));
#4287=CARTESIAN_POINT('Origin',(12.3787260944225,5.00000000000007,-0.795900132147722));
#4288=CARTESIAN_POINT('',(12.9908581287785,5.21213203435603,-1.64442826957158));
#4289=CARTESIAN_POINT('',(13.023170538867,5.24444444444451,-1.7736779099255));
#4290=CARTESIAN_POINT('Origin',(12.7787260944225,5.00000000000007,-0.795900132147722));
#4291=CARTESIAN_POINT('Origin',(13.0787260944225,4.30000000000007,-1.99590013214772));
#4292=CARTESIAN_POINT('',(12.3787260944225,4.30000000000007,-1.99590013214772));
#4293=CARTESIAN_POINT('Origin',(12.3787260944225,4.60000000000007,-0.795900132147722));
#4294=CARTESIAN_POINT('',(12.7787260944225,4.30000000000007,-1.99590013214772));
#4295=CARTESIAN_POINT('',(12.0787260944225,4.30000000000007,-1.99590013214772));
#4296=CARTESIAN_POINT('',(12.9908581287785,4.3878679656441,-1.64442826957158));
#4297=CARTESIAN_POINT('Origin',(12.7787260944225,4.60000000000007,-0.795900132147722));
#4298=CARTESIAN_POINT('',(13.0787260944225,4.30000000000007,-1.99590013214772));
#4299=CARTESIAN_POINT('Origin',(13.0787260944225,5.30000000000007,-1.99590013214772));
#4300=CARTESIAN_POINT('',(13.0787260944225,5.00000000000007,-1.99590013214772));
#4301=CARTESIAN_POINT('',(13.0787260944225,4.60000000000007,-1.99590013214772));
#4302=CARTESIAN_POINT('',(13.0787260944225,4.30000000000007,-1.99590013214772));
#4303=CARTESIAN_POINT('Origin',(12.7787260944225,5.00000000000007,-0.795900132147715));
#4304=CARTESIAN_POINT('Origin',(12.7787260944225,4.60000000000007,-0.795900132147715));
#4305=CARTESIAN_POINT('Origin',(12.7787260944225,5.00000000000007,-0.995900132147721));
#4306=CARTESIAN_POINT('',(13.0787260944225,5.00000000000007,-0.995900132147721));
#4307=CARTESIAN_POINT('',(12.7787260944225,5.30000000000007,-0.995900132147721));
#4308=CARTESIAN_POINT('Origin',(12.7787260944225,4.60000000000007,-0.995900132147721));
#4309=CARTESIAN_POINT('',(12.7787260944225,4.30000000000007,-0.995900132147721));
#4310=CARTESIAN_POINT('',(13.0787260944225,4.60000000000007,-0.995900132147721));
#4311=CARTESIAN_POINT('Origin',(12.3787260944225,4.60000000000007,-0.995900132147721));
#4312=CARTESIAN_POINT('',(12.0787260944225,4.60000000000007,-0.995900132147721));
#4313=CARTESIAN_POINT('',(12.3787260944225,4.30000000000007,-0.995900132147721));
#4314=CARTESIAN_POINT('Origin',(12.3787260944225,5.00000000000007,-0.995900132147721));
#4315=CARTESIAN_POINT('',(12.3787260944225,5.30000000000007,-0.995900132147721));
#4316=CARTESIAN_POINT('',(12.0787260944225,5.00000000000007,-0.995900132147721));
#4317=CARTESIAN_POINT('Origin',(12.0787260944225,4.30000000000007,-0.995900132147721));
#4318=CARTESIAN_POINT('Origin',(13.0787260944225,4.30000000000007,-0.995900132147721));
#4319=CARTESIAN_POINT('Origin',(13.0787260944225,5.30000000000007,-0.995900132147721));
#4320=CARTESIAN_POINT('Origin',(12.0787260944225,5.30000000000007,-0.995900132147721));
#4321=CARTESIAN_POINT('Origin',(15.1187260944231,25.5653967881477,7.88090237412284));
#4322=UNCERTAINTY_MEASURE_WITH_UNIT(LENGTH_MEASURE(0.01),#4326,
'DISTANCE_ACCURACY_VALUE',
'Maximum model space distance between geometric entities at asserted c
onnectivities');
#4323=UNCERTAINTY_MEASURE_WITH_UNIT(LENGTH_MEASURE(0.01),#4326,
'DISTANCE_ACCURACY_VALUE',
'Maximum model space distance between geometric entities at asserted c
onnectivities');
#4324=(
GEOMETRIC_REPRESENTATION_CONTEXT(3)
GLOBAL_UNCERTAINTY_ASSIGNED_CONTEXT((#4322))
GLOBAL_UNIT_ASSIGNED_CONTEXT((#4326,#4328,#4329))
REPRESENTATION_CONTEXT('','3D')
);
#4325=(
GEOMETRIC_REPRESENTATION_CONTEXT(3)
GLOBAL_UNCERTAINTY_ASSIGNED_CONTEXT((#4323))
GLOBAL_UNIT_ASSIGNED_CONTEXT((#4326,#4328,#4329))
REPRESENTATION_CONTEXT('','3D')
);
#4326=(
LENGTH_UNIT()
NAMED_UNIT(*)
SI_UNIT(.MILLI.,.METRE.)
);
#4327=(
LENGTH_UNIT()
NAMED_UNIT(*)
SI_UNIT(.CENTI.,.METRE.)
);
#4328=(
NAMED_UNIT(*)
PLANE_ANGLE_UNIT()
SI_UNIT($,.RADIAN.)
);
#4329=(
NAMED_UNIT(*)
SI_UNIT($,.STERADIAN.)
SOLID_ANGLE_UNIT()
);
#4330=SHAPE_DEFINITION_REPRESENTATION(#4331,#4332);
#4331=PRODUCT_DEFINITION_SHAPE('',$,#4334);
#4332=SHAPE_REPRESENTATION('',(#2599),#4324);
#4333=PRODUCT_DEFINITION_CONTEXT('part definition',#4338,'design');
#4334=PRODUCT_DEFINITION('2EDGV-5.08-03P-1Y-100A&Z(H)',
'2EDGV-5.08-03P-1Y-100A&Z(H)',#4335,#4333);
#4335=PRODUCT_DEFINITION_FORMATION(' ',$,#4340);
#4336=PRODUCT_RELATED_PRODUCT_CATEGORY('2EDGV-5.08-03P-1Y-100A&Z(H)',
'2EDGV-5.08-03P-1Y-100A&Z(H)',(#4340));
#4337=APPLICATION_PROTOCOL_DEFINITION('international standard',
'automotive_design',2009,#4338);
#4338=APPLICATION_CONTEXT(
'Core Data for Automotive Mechanical Design Process');
#4339=PRODUCT_CONTEXT('part definition',#4338,'mechanical');
#4340=PRODUCT('2EDGV-5.08-03P-1Y-100A&Z(H)',
'2EDGV-5.08-03P-1Y-100A&Z(H)',$,(#4339));
#4341=PRESENTATION_STYLE_ASSIGNMENT((#4343));
#4342=PRESENTATION_STYLE_ASSIGNMENT((#4344));
#4343=SURFACE_STYLE_USAGE(.BOTH.,#4349);
#4344=SURFACE_STYLE_USAGE(.BOTH.,#4350);
#4345=SURFACE_STYLE_RENDERING_WITH_PROPERTIES($,#4357,(#4347));
#4346=SURFACE_STYLE_RENDERING_WITH_PROPERTIES($,#4358,(#4348));
#4347=SURFACE_STYLE_TRANSPARENT(0.);
#4348=SURFACE_STYLE_TRANSPARENT(0.);
#4349=SURFACE_SIDE_STYLE('',(#4351,#4345));
#4350=SURFACE_SIDE_STYLE('',(#4352,#4346));
#4351=SURFACE_STYLE_FILL_AREA(#4353);
#4352=SURFACE_STYLE_FILL_AREA(#4354);
#4353=FILL_AREA_STYLE('',(#4355));
#4354=FILL_AREA_STYLE('',(#4356));
#4355=FILL_AREA_STYLE_COLOUR('',#4357);
#4356=FILL_AREA_STYLE_COLOUR('',#4358);
#4357=COLOUR_RGB('',0.36078431372549,0.662745098039216,0.380392156862745);
#4358=COLOUR_RGB('',0.807843137254902,0.807843137254902,0.807843137254902);
ENDSEC;
END-ISO-10303-21;
