ISO-10303-21;
HEADER;
/* Generated by software containing ST-Developer
 * from STEP Tools, Inc. (www.steptools.com) 
 */

FILE_DESCRIPTION(
/* description */ (''),
/* implementation_level */ '2;1');

FILE_NAME(
/* name */ '2EDGK-5.08-03P-14-1000A&Z(H).stp',
/* time_stamp */ '2026-03-19T23:43:19-05:00',
/* author */ ('Bruno'),
/* organization */ (''),
/* preprocessor_version */ 'ST-DEVELOPER v20',
/* originating_system */ 'Autodesk Inventor 2025',
/* authorisation */ '');

FILE_SCHEMA (('AUTOMOTIVE_DESIGN { 1 0 10303 214 3 1 1 }'));
ENDSEC;

DATA;
#10=MECHANICAL_DESIGN_GEOMETRIC_PRESENTATION_REPRESENTATION('',(#9315,#9316,
#9317,#9318,#9319,#9320,#9321,#9322,#9323,#9324,#9325,#9326,#9327,#9328,
#9329,#9330,#9331,#9332,#9333,#9334,#9335,#9336,#9337,#9338,#9339,#9340,
#9341,#9342,#9343,#9344,#9345,#9346,#9347,#9348,#9349,#9350,#9351,#9352,
#9353,#9354,#9355,#9356,#9357,#9358,#9359,#9360,#9361,#9362,#9363,#9364,
#9365,#9366,#9367,#9368,#9369,#9370,#9371,#9372,#9373,#9374,#9375,#9376,
#9377,#9378,#9379,#9380,#9381,#9382,#9383,#9384,#9385,#9386,#9387,#9388,
#9389,#9390,#9391,#9392,#9393,#9394,#9395,#9396,#9397,#9398,#9399,#9400,
#9401,#9402,#9403,#9404,#9405,#9406,#9407,#9408,#9409,#9410,#9411,#9412,
#9413,#9414,#9415,#9416,#9417,#9418,#9419,#9420,#9421,#9422,#9423,#9424,
#9425,#9426,#9427,#9428,#9429,#9430,#9431,#9432,#9433,#9434,#9435,#9436,
#9437,#9438,#9439,#9440,#9441,#9442,#9443,#9444,#9445,#9446,#9447,#9448,
#9449,#9450,#9451,#9452,#9453,#9454,#9455,#9456,#9457,#9458,#9459,#9460,
#9461,#9462,#9463,#9464,#9465,#9466,#9467,#9468,#9469,#9470,#9471,#9472,
#9473,#9474,#9475,#9476,#9477,#9478,#9479,#9480,#9481,#9482,#9483,#9484,
#9485,#9486,#9487,#9488,#9489,#9490,#9491,#9492,#9493,#9494,#9495,#9496,
#9497,#9498,#9499,#9500,#9501,#9502,#9503,#9504,#9505,#9506,#9507,#9508,
#9509,#9510,#9511,#9512,#9513,#9514,#9515,#9516,#9517,#9518,#9519,#9520,
#9521,#9522,#9523,#9524,#9525,#9526,#9527,#9528,#9529,#9530,#9531,#9532,
#9533,#9534,#9535,#9536,#9537,#9538,#9539,#9540,#9541,#9542,#9543,#9544,
#9545,#9546,#9547,#9548,#9549,#9550,#9551,#9552,#9553,#9554,#9555,#9556,
#9557,#9558,#9559,#9560,#9561,#9562,#9563,#9564,#9565,#9566,#9567,#9568,
#9569,#9570,#9571,#9572,#9573,#9574,#9575,#9576,#9577,#9578,#9579,#9580,
#9581,#9582,#9583,#9584,#9585,#9586,#9587,#9588,#9589,#9590,#9591,#9592,
#9593,#9594,#9595,#9596,#9597,#9598,#9599,#9600,#9601,#9602,#9603,#9604,
#9605,#9606,#9607,#9608,#9609,#9610,#9611,#9612,#9613,#9614,#9615,#9616,
#9617,#9618,#9619,#9620,#9621,#9622,#9623,#9624,#9625,#9626,#9627,#9628,
#9629,#9630,#9631,#9632,#9633,#9634,#9635,#9636,#9637,#9638,#9639,#9640,
#9641,#9642,#9643,#9644,#9645,#9646,#9647,#9648,#9649,#9650,#9651,#9652,
#9653,#9654,#9655,#9656,#9657,#9658,#9659,#9660,#9661,#9662,#9663,#9664,
#9665,#9666,#9667,#9668,#9669,#9670,#9671,#9672,#9673,#9674,#9675,#9676,
#9677,#9678,#9679,#9680,#9681,#9682,#9683,#9684,#9685,#9686,#9687,#9688,
#9689,#9690,#9691,#9692,#9693,#9694,#9695,#9696,#9697,#9698,#9699,#9700,
#9701,#9702,#9703,#9704,#9705,#9706,#9707,#9708,#9709,#9710,#9711,#9712,
#9713,#9714,#9715,#9716,#9717,#9718,#9719,#9720,#9721,#9722,#9723,#9724,
#9725,#9726,#9727,#9728,#9729,#9730,#9731,#9732,#9733,#9734,#9735,#9736,
#9737,#9738,#9739,#9740,#9741,#9742,#9743,#9744,#9745,#9746,#9747,#9748,
#9749,#9750,#9751,#9752,#9753,#9754,#9755,#9756,#9757,#9758,#9759,#9760,
#9761,#9762,#9763,#9764,#9765,#9766,#9767,#9768,#9769,#9770,#9771,#9772,
#9773,#9774,#9775,#9776,#9777,#9778,#9779,#9780,#9781,#9782,#9783,#9784,
#9785,#9786,#9787,#9788,#9789,#9790,#9791,#9792,#9793,#9794,#9795,#9796,
#9797,#9798,#9799,#9800,#9801,#9802,#9803,#9804,#9805,#9806,#9807,#9808,
#9809,#9810,#9811,#9812,#9813,#9814,#9815,#9816,#9817,#9818,#9819,#9820,
#9821,#9822,#9823),#16799);
#11=SHAPE_REPRESENTATION_RELATIONSHIP('SRR','None',#16806,#12);
#12=ADVANCED_BREP_SHAPE_REPRESENTATION('',(#10335),#16798);
#13=B_SPLINE_SURFACE_WITH_KNOTS('',3,1,((#15299,#15300),(#15301,#15302),
(#15303,#15304),(#15305,#15306),(#15307,#15308)),.UNSPECIFIED.,.F.,.F.,
 .F.,(4,1,4),(2,2),(0.,0.03828674414389,1.),(10.4137,18.1861),
 .UNSPECIFIED.);
#14=TOROIDAL_SURFACE('',#10463,1.538923425369,0.3);
#15=TOROIDAL_SURFACE('',#10468,1.538923425369,0.3);
#16=TOROIDAL_SURFACE('',#10482,1.538923425369,0.3);
#17=TOROIDAL_SURFACE('',#10490,1.538923425369,0.3);
#18=TOROIDAL_SURFACE('',#10501,1.538923425369,0.3);
#19=TOROIDAL_SURFACE('',#10506,1.538923425369,0.3);
#20=TOROIDAL_SURFACE('',#10607,2.669941176474,0.3);
#21=TOROIDAL_SURFACE('',#10617,2.669941176472,0.3);
#22=TOROIDAL_SURFACE('',#10628,2.669941176473,0.3);
#23=(
BOUNDED_CURVE()
B_SPLINE_CURVE(2,(#14566,#14567,#14568),.UNSPECIFIED.,.F.,.F.)
B_SPLINE_CURVE_WITH_KNOTS((3,3),(0.132979904006323,0.185475942695184),
 .UNSPECIFIED.)
CURVE()
GEOMETRIC_REPRESENTATION_ITEM()
RATIONAL_B_SPLINE_CURVE((1.00120956779353,1.0012427393804,1.00111360108854))
REPRESENTATION_ITEM('')
);
#24=(
BOUNDED_CURVE()
B_SPLINE_CURVE(2,(#14572,#14573,#14574),.UNSPECIFIED.,.F.,.F.)
B_SPLINE_CURVE_WITH_KNOTS((3,3),(-0.185475942726902,-0.132979904039774),
 .UNSPECIFIED.)
CURVE()
GEOMETRIC_REPRESENTATION_ITEM()
RATIONAL_B_SPLINE_CURVE((1.00111360112116,1.0012427394169,1.00120956782917))
REPRESENTATION_ITEM('')
);
#25=(
BOUNDED_CURVE()
B_SPLINE_CURVE(2,(#14578,#14579,#14580),.UNSPECIFIED.,.F.,.F.)
B_SPLINE_CURVE_WITH_KNOTS((3,3),(-0.154437339850144,-0.101941301163288),
 .UNSPECIFIED.)
CURVE()
GEOMETRIC_REPRESENTATION_ITEM()
RATIONAL_B_SPLINE_CURVE((1.00120956782804,1.00124273941575,1.00111360112012))
REPRESENTATION_ITEM('')
);
#26=(
BOUNDED_CURVE()
B_SPLINE_CURVE(2,(#14584,#14585,#14586),.UNSPECIFIED.,.F.,.F.)
B_SPLINE_CURVE_WITH_KNOTS((3,3),(0.101941301194693,0.154437339883432),
 .UNSPECIFIED.)
CURVE()
GEOMETRIC_REPRESENTATION_ITEM()
RATIONAL_B_SPLINE_CURVE((1.00111360109022,1.00124273938227,1.00120956779535))
REPRESENTATION_ITEM('')
);
#27=(
BOUNDED_CURVE()
B_SPLINE_CURVE(2,(#14658,#14659,#14660),.UNSPECIFIED.,.F.,.F.)
B_SPLINE_CURVE_WITH_KNOTS((3,3),(0.132979904006863,0.185475942695826),
 .UNSPECIFIED.)
CURVE()
GEOMETRIC_REPRESENTATION_ITEM()
RATIONAL_B_SPLINE_CURVE((1.00120956779664,1.00124273938359,1.0011136010914))
REPRESENTATION_ITEM('')
);
#28=(
BOUNDED_CURVE()
B_SPLINE_CURVE(2,(#14664,#14665,#14666),.UNSPECIFIED.,.F.,.F.)
B_SPLINE_CURVE_WITH_KNOTS((3,3),(-0.185475942732985,-0.132979904046133),
 .UNSPECIFIED.)
CURVE()
GEOMETRIC_REPRESENTATION_ITEM()
RATIONAL_B_SPLINE_CURVE((1.00111360112858,1.0012427394252,1.00120956783727))
REPRESENTATION_ITEM('')
);
#29=(
BOUNDED_CURVE()
B_SPLINE_CURVE(2,(#14670,#14671,#14672),.UNSPECIFIED.,.F.,.F.)
B_SPLINE_CURVE_WITH_KNOTS((3,3),(-0.154437339843931,-0.101941301157079),
 .UNSPECIFIED.)
CURVE()
GEOMETRIC_REPRESENTATION_ITEM()
RATIONAL_B_SPLINE_CURVE((1.00120956783727,1.0012427394252,1.00111360112858))
REPRESENTATION_ITEM('')
);
#30=(
BOUNDED_CURVE()
B_SPLINE_CURVE(2,(#14676,#14677,#14678),.UNSPECIFIED.,.F.,.F.)
B_SPLINE_CURVE_WITH_KNOTS((3,3),(0.10194130119422,0.154437339883183),
 .UNSPECIFIED.)
CURVE()
GEOMETRIC_REPRESENTATION_ITEM()
RATIONAL_B_SPLINE_CURVE((1.0011136010914,1.00124273938359,1.00120956779664))
REPRESENTATION_ITEM('')
);
#31=(
BOUNDED_CURVE()
B_SPLINE_CURVE(2,(#14750,#14751,#14752),.UNSPECIFIED.,.F.,.F.)
B_SPLINE_CURVE_WITH_KNOTS((3,3),(0.132979904048543,0.185475942735247),
 .UNSPECIFIED.)
CURVE()
GEOMETRIC_REPRESENTATION_ITEM()
RATIONAL_B_SPLINE_CURVE((1.00120956783943,1.00124273942742,1.00111360113056))
REPRESENTATION_ITEM('')
);
#32=(
BOUNDED_CURVE()
B_SPLINE_CURVE(2,(#14756,#14757,#14758),.UNSPECIFIED.,.F.,.F.)
B_SPLINE_CURVE_WITH_KNOTS((3,3),(-0.185475942733419,-0.132979904046607),
 .UNSPECIFIED.)
CURVE()
GEOMETRIC_REPRESENTATION_ITEM()
RATIONAL_B_SPLINE_CURVE((1.00111360112875,1.0012427394254,1.00120956783746))
REPRESENTATION_ITEM('')
);
#33=(
BOUNDED_CURVE()
B_SPLINE_CURVE(2,(#14762,#14763,#14764),.UNSPECIFIED.,.F.,.F.)
B_SPLINE_CURVE_WITH_KNOTS((3,3),(-0.154437339843403,-0.101941301156656),
 .UNSPECIFIED.)
CURVE()
GEOMETRIC_REPRESENTATION_ITEM()
RATIONAL_B_SPLINE_CURVE((1.0012095678362,1.00124273942411,1.00111360112759))
REPRESENTATION_ITEM('')
);
#34=(
BOUNDED_CURVE()
B_SPLINE_CURVE(2,(#14768,#14769,#14770),.UNSPECIFIED.,.F.,.F.)
B_SPLINE_CURVE_WITH_KNOTS((3,3),(0.101941301155028,0.154437339841251),
 .UNSPECIFIED.)
CURVE()
GEOMETRIC_REPRESENTATION_ITEM()
RATIONAL_B_SPLINE_CURVE((1.00111360112537,1.00124273942163,1.0012095678338))
REPRESENTATION_ITEM('')
);
#35=(
BOUNDED_CURVE()
B_SPLINE_CURVE(2,(#14926,#14927,#14928,#14929,#14930),.UNSPECIFIED.,.F.,
 .F.)
B_SPLINE_CURVE_WITH_KNOTS((3,2,3),(-1.57079632908131,-0.785397418340553,
-0.133868215653586),.UNSPECIFIED.)
CURVE()
GEOMETRIC_REPRESENTATION_ITEM()
RATIONAL_B_SPLINE_CURVE((1.,0.923879389513261,1.,0.936853998674821,0.978473775182109))
REPRESENTATION_ITEM('')
);
#36=CONICAL_SURFACE('',#10457,1.863659780227,0.0877095264231383);
#37=CONICAL_SURFACE('',#10476,1.863659780227,0.0877095264231383);
#38=CONICAL_SURFACE('',#10495,1.863659780227,0.0877095264231383);
#39=CONICAL_SURFACE('',#10576,1.1,1.10714871779475);
#40=CONICAL_SURFACE('',#10584,1.1,1.10714871779475);
#41=CONICAL_SURFACE('',#10592,1.1,1.10714871779475);
#42=(
BOUNDED_SURFACE()
B_SPLINE_SURFACE(2,2,((#14301,#14302,#14303,#14304,#14305),(#14306,#14307,
#14308,#14309,#14310),(#14311,#14312,#14313,#14314,#14315)),
 .UNSPECIFIED.,.F.,.F.,.F.)
B_SPLINE_SURFACE_WITH_KNOTS((3,3),(3,2,3),(3.55817779267388E-13,1.57076472945662),
(-1.57079632680687,2.22044604925031E-16,1.57079632680687),.UNSPECIFIED.)
GEOMETRIC_REPRESENTATION_ITEM()
RATIONAL_B_SPLINE_SURFACE(((1.,0.707106781182316,1.,0.707106781182316,1.),
(0.707117952444509,0.500007899269267,0.707117952444509,0.500007899269267,
0.707117952444509),(1.,0.707106781182316,1.,0.707106781182316,1.)))
REPRESENTATION_ITEM('')
SURFACE()
);
#43=(
BOUNDED_SURFACE()
B_SPLINE_SURFACE(2,2,((#14381,#14382,#14383,#14384,#14385),(#14386,#14387,
#14388,#14389,#14390),(#14391,#14392,#14393,#14394,#14395)),
 .UNSPECIFIED.,.F.,.F.,.F.)
B_SPLINE_SURFACE_WITH_KNOTS((3,3),(3,2,3),(-1.14469157978564E-11,1.57079632678968),
(-1.57079632679137,6.66888766431839E-12,1.57079632680471),.UNSPECIFIED.)
GEOMETRIC_REPRESENTATION_ITEM()
RATIONAL_B_SPLINE_SURFACE(((1.,0.707106781185437,1.,0.707106781185437,1.),
(0.707106781184338,0.499999999997653,0.707106781184338,0.499999999997653,
0.707106781184338),(1.,0.707106781185437,1.,0.707106781185437,1.)))
REPRESENTATION_ITEM('')
SURFACE()
);
#44=(
BOUNDED_SURFACE()
B_SPLINE_SURFACE(2,2,((#14504,#14505,#14506,#14507,#14508),(#14509,#14510,
#14511,#14512,#14513),(#14514,#14515,#14516,#14517,#14518)),
 .UNSPECIFIED.,.F.,.F.,.F.)
B_SPLINE_SURFACE_WITH_KNOTS((3,3),(3,2,3),(-2.74808207525964E-7,1.57075001471354),
(-1.57079632679421,-1.27986510278788E-12,1.57079632677975),
 .UNSPECIFIED.)
GEOMETRIC_REPRESENTATION_ITEM()
RATIONAL_B_SPLINE_SURFACE(((1.,0.707106781189348,1.,0.707106781189348,1.),
(0.707123057633226,0.5000115091878,0.707123057633226,0.5000115091878,0.707123057633226),
(1.,0.707106781189348,1.,0.707106781189348,1.)))
REPRESENTATION_ITEM('')
SURFACE()
);
#45=(
BOUNDED_SURFACE()
B_SPLINE_SURFACE(2,2,((#14879,#14880,#14881,#14882,#14883,#14884,#14885,
#14886,#14887),(#14888,#14889,#14890,#14891,#14892,#14893,#14894,#14895,
#14896),(#14897,#14898,#14899,#14900,#14901,#14902,#14903,#14904,#14905),
(#14906,#14907,#14908,#14909,#14910,#14911,#14912,#14913,#14914),(#14915,
#14916,#14917,#14918,#14919,#14920,#14921,#14922,#14923)),.UNSPECIFIED.,
 .F.,.T.,.F.)
B_SPLINE_SURFACE_WITH_KNOTS((3,2,3),(3,2,2,2,3),(-1.49240020771361E-6,0.785397418340553,
1.57079632908131),(-3.14159265358979,-1.5707963267949,0.,1.5707963267949,
3.14159265358979),.UNSPECIFIED.)
GEOMETRIC_REPRESENTATION_ITEM()
RATIONAL_B_SPLINE_SURFACE(((1.,0.707106781186548,1.,0.707106781186548,1.,
0.707106781186548,1.,0.707106781186548,1.),(0.923879389513322,0.653281381323358,
0.923879389513322,0.653281381323358,0.923879389513322,0.653281381323358,
0.923879389513322,0.653281381323358,0.923879389513322),(1.,0.707106781186548,
1.,0.707106781186548,1.,0.707106781186548,1.,0.707106781186548,1.),(0.923879389513261,
0.653281381323315,0.923879389513261,0.653281381323315,0.923879389513261,
0.653281381323315,0.923879389513261,0.653281381323315,0.923879389513261),
(1.,0.707106781186548,1.,0.707106781186548,1.,0.707106781186548,1.,0.707106781186548,
1.)))
REPRESENTATION_ITEM('')
SURFACE()
);
#46=(
BOUNDED_SURFACE()
B_SPLINE_SURFACE(2,2,((#14934,#14935,#14936,#14937,#14938,#14939,#14940,
#14941,#14942),(#14943,#14944,#14945,#14946,#14947,#14948,#14949,#14950,
#14951),(#14952,#14953,#14954,#14955,#14956,#14957,#14958,#14959,#14960),
(#14961,#14962,#14963,#14964,#14965,#14966,#14967,#14968,#14969),(#14970,
#14971,#14972,#14973,#14974,#14975,#14976,#14977,#14978)),.UNSPECIFIED.,
 .F.,.T.,.F.)
B_SPLINE_SURFACE_WITH_KNOTS((3,2,3),(3,2,2,2,3),(-1.57079881985622,-0.785398022746124,
2.77436397500874E-6),(-3.14159265358979,-1.5707963267949,0.,1.5707963267949,
3.14159265358979),.UNSPECIFIED.)
GEOMETRIC_REPRESENTATION_ITEM()
RATIONAL_B_SPLINE_SURFACE(((1.,0.707106781186548,1.,0.707106781186548,1.,
0.707106781186548,1.,0.707106781186548,1.),(0.923879028571416,0.653281126098888,
0.923879028571416,0.653281126098888,0.923879028571416,0.653281126098888,
0.923879028571416,0.653281126098888,0.923879028571416),(1.,0.707106781186548,
1.,0.707106781186548,1.,0.707106781186548,1.,0.707106781186548,1.),(0.923879028571404,
0.65328112609888,0.923879028571404,0.65328112609888,0.923879028571404,0.65328112609888,
0.923879028571404,0.65328112609888,0.923879028571404),(1.,0.707106781186548,
1.,0.707106781186548,1.,0.707106781186548,1.,0.707106781186548,1.)))
REPRESENTATION_ITEM('')
SURFACE()
);
#47=ELLIPSE('',#10390,0.480395021949424,0.45);
#48=ELLIPSE('',#10408,0.480395021949424,0.45);
#49=ELLIPSE('',#10434,0.480395021949401,0.45);
#50=ELLIPSE('',#10514,0.458911756223344,0.45);
#51=ELLIPSE('',#10515,0.458911646487108,0.449999995147424);
#52=CYLINDRICAL_SURFACE('',#10384,0.1);
#53=CYLINDRICAL_SURFACE('',#10397,0.45);
#54=CYLINDRICAL_SURFACE('',#10409,0.45);
#55=CYLINDRICAL_SURFACE('',#10441,0.45);
#56=CYLINDRICAL_SURFACE('',#10443,0.09999999999984);
#57=CYLINDRICAL_SURFACE('',#10453,1.975);
#58=CYLINDRICAL_SURFACE('',#10472,1.975);
#59=CYLINDRICAL_SURFACE('',#10491,1.975);
#60=CYLINDRICAL_SURFACE('',#10510,0.5);
#61=CYLINDRICAL_SURFACE('',#10518,0.45);
#62=CYLINDRICAL_SURFACE('',#10527,0.45);
#63=CYLINDRICAL_SURFACE('',#10546,0.2999999999997);
#64=CYLINDRICAL_SURFACE('',#10574,1.5);
#65=CYLINDRICAL_SURFACE('',#10579,0.6999999999998);
#66=CYLINDRICAL_SURFACE('',#10582,1.5);
#67=CYLINDRICAL_SURFACE('',#10587,0.6999999999993);
#68=CYLINDRICAL_SURFACE('',#10590,1.5);
#69=CYLINDRICAL_SURFACE('',#10595,0.6999999999999);
#70=CYLINDRICAL_SURFACE('',#10598,0.3);
#71=CYLINDRICAL_SURFACE('',#10606,0.3);
#72=CYLINDRICAL_SURFACE('',#10609,2.969941176471);
#73=CYLINDRICAL_SURFACE('',#10614,2.969941176471);
#74=CYLINDRICAL_SURFACE('',#10618,0.3);
#75=CYLINDRICAL_SURFACE('',#10625,2.969941176471);
#76=CYLINDRICAL_SURFACE('',#10629,0.3);
#77=CYLINDRICAL_SURFACE('',#10636,0.15);
#78=CYLINDRICAL_SURFACE('',#10638,0.1);
#79=CYLINDRICAL_SURFACE('',#10640,0.1);
#80=CYLINDRICAL_SURFACE('',#10642,0.15);
#81=CYLINDRICAL_SURFACE('',#10647,0.2999999999997);
#82=CYLINDRICAL_SURFACE('',#10655,0.15);
#83=CYLINDRICAL_SURFACE('',#10657,0.1);
#84=CYLINDRICAL_SURFACE('',#10659,0.1);
#85=CYLINDRICAL_SURFACE('',#10661,0.15);
#86=CYLINDRICAL_SURFACE('',#10662,0.15);
#87=CYLINDRICAL_SURFACE('',#10669,0.1);
#88=CYLINDRICAL_SURFACE('',#10671,0.1);
#89=CYLINDRICAL_SURFACE('',#10673,0.15);
#90=CYLINDRICAL_SURFACE('',#10675,0.3);
#91=CYLINDRICAL_SURFACE('',#10682,0.5);
#92=CYLINDRICAL_SURFACE('',#10684,0.25);
#93=CYLINDRICAL_SURFACE('',#10686,0.25);
#94=CYLINDRICAL_SURFACE('',#10689,0.3);
#95=CYLINDRICAL_SURFACE('',#10691,0.3);
#96=CYLINDRICAL_SURFACE('',#10698,0.3);
#97=CYLINDRICAL_SURFACE('',#10700,0.5);
#98=CYLINDRICAL_SURFACE('',#10702,0.25);
#99=CYLINDRICAL_SURFACE('',#10704,0.25);
#100=FACE_BOUND('',#818,.T.);
#101=FACE_BOUND('',#819,.T.);
#102=FACE_BOUND('',#820,.T.);
#103=FACE_BOUND('',#821,.T.);
#104=FACE_BOUND('',#822,.T.);
#105=FACE_BOUND('',#823,.T.);
#106=FACE_BOUND('',#824,.T.);
#107=FACE_BOUND('',#832,.T.);
#108=FACE_BOUND('',#833,.T.);
#109=FACE_BOUND('',#834,.T.);
#110=FACE_BOUND('',#884,.T.);
#111=FACE_BOUND('',#885,.T.);
#112=FACE_BOUND('',#886,.T.);
#113=FACE_BOUND('',#889,.T.);
#114=FACE_BOUND('',#900,.T.);
#115=FACE_BOUND('',#911,.T.);
#116=FACE_BOUND('',#923,.T.);
#117=FACE_BOUND('',#924,.T.);
#118=FACE_BOUND('',#932,.T.);
#119=FACE_BOUND('',#933,.T.);
#120=FACE_BOUND('',#944,.T.);
#121=FACE_BOUND('',#945,.T.);
#122=FACE_BOUND('',#946,.T.);
#123=FACE_BOUND('',#1043,.T.);
#124=FACE_BOUND('',#1045,.T.);
#125=FACE_BOUND('',#1050,.T.);
#126=CIRCLE('',#10376,0.3);
#127=CIRCLE('',#10377,0.5);
#128=CIRCLE('',#10378,0.09999999999984);
#129=CIRCLE('',#10379,0.1);
#130=CIRCLE('',#10385,0.1);
#131=CIRCLE('',#10393,0.300000000000376);
#132=CIRCLE('',#10394,0.300000000000376);
#133=CIRCLE('',#10395,0.1500106172315);
#134=CIRCLE('',#10396,0.4499999999963);
#135=CIRCLE('',#10410,0.4499999999969);
#136=CIRCLE('',#10411,0.2999999999929);
#137=CIRCLE('',#10412,0.1500000000069);
#138=CIRCLE('',#10413,0.2999999999929);
#139=CIRCLE('',#10436,0.3000000000027);
#140=CIRCLE('',#10437,0.3000000000027);
#141=CIRCLE('',#10439,0.4499999999883);
#142=CIRCLE('',#10440,0.1500145740683);
#143=CIRCLE('',#10444,0.09999999999984);
#144=CIRCLE('',#10450,1.975);
#145=CIRCLE('',#10451,1.975);
#146=CIRCLE('',#10452,1.975);
#147=CIRCLE('',#10454,1.975);
#148=CIRCLE('',#10456,1.889549339658);
#149=CIRCLE('',#10458,1.837770220796);
#150=CIRCLE('',#10459,1.88404864799);
#151=CIRCLE('',#10460,1.837770220796);
#152=CIRCLE('',#10461,1.88404864799);
#153=CIRCLE('',#10462,1.837770220796);
#154=CIRCLE('',#10464,1.538923447242);
#155=CIRCLE('',#10469,1.538923447242);
#156=CIRCLE('',#10473,1.975);
#157=CIRCLE('',#10475,1.889549339658);
#158=CIRCLE('',#10477,1.837770220796);
#159=CIRCLE('',#10478,1.88404864799);
#160=CIRCLE('',#10479,1.837770220796);
#161=CIRCLE('',#10480,1.88404864799);
#162=CIRCLE('',#10481,1.837770220796);
#163=CIRCLE('',#10483,1.538923447242);
#164=CIRCLE('',#10489,1.538923447242);
#165=CIRCLE('',#10492,1.975);
#166=CIRCLE('',#10494,1.889549339658);
#167=CIRCLE('',#10496,1.837770220796);
#168=CIRCLE('',#10497,1.88404864799);
#169=CIRCLE('',#10498,1.837770220796);
#170=CIRCLE('',#10499,1.88404864799);
#171=CIRCLE('',#10500,1.837770220796);
#172=CIRCLE('',#10502,1.538923447242);
#173=CIRCLE('',#10507,1.538923447242);
#174=CIRCLE('',#10511,0.5);
#175=CIRCLE('',#10516,0.1500000000055);
#176=CIRCLE('',#10517,0.4499999999918);
#177=CIRCLE('',#10520,0.4500000000025);
#178=CIRCLE('',#10521,0.300000000003791);
#179=CIRCLE('',#10522,0.1499992520784);
#180=CIRCLE('',#10523,0.1499999999113);
#181=CIRCLE('',#10524,0.1499992520784);
#182=CIRCLE('',#10525,0.4500000000025);
#183=CIRCLE('',#10530,0.2999999999997);
#184=CIRCLE('',#10532,0.3);
#185=CIRCLE('',#10533,0.5);
#186=CIRCLE('',#10534,0.25);
#187=CIRCLE('',#10535,0.25);
#188=CIRCLE('',#10536,0.3);
#189=CIRCLE('',#10539,0.2999999999997);
#190=CIRCLE('',#10541,0.3);
#191=CIRCLE('',#10542,0.25);
#192=CIRCLE('',#10543,0.25);
#193=CIRCLE('',#10544,0.5);
#194=CIRCLE('',#10545,0.3);
#195=CIRCLE('',#10547,0.2999999999997);
#196=CIRCLE('',#10550,0.15);
#197=CIRCLE('',#10551,0.1);
#198=CIRCLE('',#10552,0.1);
#199=CIRCLE('',#10553,0.15);
#200=CIRCLE('',#10556,2.669941176471);
#201=CIRCLE('',#10557,2.669941176471);
#202=CIRCLE('',#10558,0.15);
#203=CIRCLE('',#10559,0.1);
#204=CIRCLE('',#10560,0.1);
#205=CIRCLE('',#10561,0.15);
#206=CIRCLE('',#10562,0.15);
#207=CIRCLE('',#10563,0.1);
#208=CIRCLE('',#10564,0.1);
#209=CIRCLE('',#10565,0.15);
#210=CIRCLE('',#10566,0.15);
#211=CIRCLE('',#10567,0.1);
#212=CIRCLE('',#10568,0.1);
#213=CIRCLE('',#10569,0.15);
#214=CIRCLE('',#10570,2.669941176471);
#215=CIRCLE('',#10571,1.5);
#216=CIRCLE('',#10572,1.5);
#217=CIRCLE('',#10573,1.5);
#218=CIRCLE('',#10575,1.5);
#219=CIRCLE('',#10577,0.6999999999998);
#220=CIRCLE('',#10578,0.6999999999998);
#221=CIRCLE('',#10580,0.6999999999998);
#222=CIRCLE('',#10583,1.5);
#223=CIRCLE('',#10585,0.6999999999993);
#224=CIRCLE('',#10586,0.6999999999993);
#225=CIRCLE('',#10588,0.6999999999993);
#226=CIRCLE('',#10591,1.5);
#227=CIRCLE('',#10593,0.6999999999999);
#228=CIRCLE('',#10594,0.6999999999999);
#229=CIRCLE('',#10596,0.6999999999999);
#230=CIRCLE('',#10601,2.969941176471);
#231=CIRCLE('',#10602,2.969941176471);
#232=CIRCLE('',#10604,2.969941176471);
#233=CIRCLE('',#10608,2.969941176474);
#234=CIRCLE('',#10610,2.969941176471);
#235=CIRCLE('',#10613,2.969941176471);
#236=CIRCLE('',#10615,2.969941176471);
#237=CIRCLE('',#10616,2.969941176472);
#238=CIRCLE('',#10621,2.969941176471);
#239=CIRCLE('',#10624,2.969941176471);
#240=CIRCLE('',#10626,2.969941176471);
#241=CIRCLE('',#10627,2.969941176473);
#242=CIRCLE('',#10630,0.3);
#243=CIRCLE('',#10646,0.2999999999997);
#244=CIRCLE('',#10650,0.15);
#245=CIRCLE('',#10651,0.1);
#246=CIRCLE('',#10652,0.1);
#247=CIRCLE('',#10653,0.15);
#248=CIRCLE('',#10663,0.15);
#249=CIRCLE('',#10665,0.1);
#250=CIRCLE('',#10666,0.15);
#251=CIRCLE('',#10667,0.1);
#252=CIRCLE('',#10676,0.3);
#253=CIRCLE('',#10678,0.5);
#254=CIRCLE('',#10679,0.25);
#255=CIRCLE('',#10680,0.25);
#256=CIRCLE('',#10681,0.3);
#257=CIRCLE('',#10692,0.3);
#258=CIRCLE('',#10694,0.25);
#259=CIRCLE('',#10695,0.25);
#260=CIRCLE('',#10696,0.5);
#261=CIRCLE('',#10697,0.3);
#262=B_SPLINE_CURVE_WITH_KNOTS('',3,(#13595,#13596,#13597,#13598),
 .UNSPECIFIED.,.F.,.F.,(4,4),(0.,1.),.UNSPECIFIED.);
#263=B_SPLINE_CURVE_WITH_KNOTS('',3,(#14271,#14272,#14273,#14274,#14275,
#14276),.UNSPECIFIED.,.F.,.F.,(4,2,4),(0.0400055822812236,0.0510564249664598,
0.0683678387176705),.UNSPECIFIED.);
#264=B_SPLINE_CURVE_WITH_KNOTS('',3,(#14280,#14281,#14282,#14283,#14284,
#14285),.UNSPECIFIED.,.F.,.F.,(4,2,4),(0.185381952696247,0.202693366429944,
0.21374420910391),.UNSPECIFIED.);
#265=B_SPLINE_CURVE_WITH_KNOTS('',3,(#14356,#14357,#14358,#14359,#14360,
#14361),.UNSPECIFIED.,.F.,.F.,(4,2,4),(0.185381952667509,0.202693366419694,
0.213744209099887),.UNSPECIFIED.);
#266=B_SPLINE_CURVE_WITH_KNOTS('',3,(#14373,#14374,#14375,#14376,#14377,
#14378),.UNSPECIFIED.,.F.,.F.,(4,2,4),(0.0400055822847975,0.0510563915037454,
0.0683677528349065),.UNSPECIFIED.);
#267=B_SPLINE_CURVE_WITH_KNOTS('',3,(#14480,#14481,#14482,#14483,#14484,
#14485),.UNSPECIFIED.,.F.,.F.,(4,2,4),(0.0400055558184089,0.0510563862282073,
0.0683677392960167),.UNSPECIFIED.);
#268=B_SPLINE_CURVE_WITH_KNOTS('',3,(#14489,#14490,#14491,#14492,#14493,
#14494),.UNSPECIFIED.,.F.,.F.,(4,2,4),(0.185384116872127,0.202833260326823,
0.213754082697146),.UNSPECIFIED.);
#269=B_SPLINE_CURVE_WITH_KNOTS('',3,(#14590,#14591,#14592,#14593,#14594,
#14595,#14596,#14597,#14598,#14599),.UNSPECIFIED.,.F.,.F.,(4,2,2,2,4),(0.135896005278632,
0.147490199464303,0.158841987103649,0.169990480945412,0.178458844868465),
 .UNSPECIFIED.);
#270=B_SPLINE_CURVE_WITH_KNOTS('',3,(#14601,#14602,#14603,#14604,#14605,
#14606,#14607,#14608,#14609,#14610),.UNSPECIFIED.,.F.,.F.,(4,2,2,2,4),(-0.0451050451756277,
-0.0335108509900929,-0.02215906335088,-0.0110105695092484,-0.00254220558609912),
 .UNSPECIFIED.);
#271=B_SPLINE_CURVE_WITH_KNOTS('',3,(#14619,#14620,#14621,#14622,#14623,
#14624,#14625,#14626,#14627,#14628),.UNSPECIFIED.,.F.,.F.,(4,2,2,2,4),(0.135896005276932,
0.147490199463066,0.158841987102866,0.169990480945074,0.178458844868661),
 .UNSPECIFIED.);
#272=B_SPLINE_CURVE_WITH_KNOTS('',3,(#14631,#14632,#14633,#14634,#14635,
#14636,#14637,#14638,#14639,#14640),.UNSPECIFIED.,.F.,.F.,(4,2,2,2,4),(0.00254220558629535,
0.0110105695094673,0.022159063351387,0.0335108509908932,0.0451050451767276),
 .UNSPECIFIED.);
#273=B_SPLINE_CURVE_WITH_KNOTS('',3,(#14684,#14685,#14686,#14687,#14688,
#14689,#14690,#14691,#14692,#14693),.UNSPECIFIED.,.F.,.F.,(4,2,2,2,4),(-0.0451050451763277,
-0.0335108509906022,-0.0221590633512027,-0.0110105695093877,-0.00254220558629536),
 .UNSPECIFIED.);
#274=B_SPLINE_CURVE_WITH_KNOTS('',3,(#14694,#14695,#14696,#14697,#14698,
#14699,#14700,#14701,#14702,#14703),.UNSPECIFIED.,.F.,.F.,(4,2,2,2,4),(-0.178458844868465,
-0.169990480945293,-0.158841987103373,-0.147490199463867,-0.135896005278032),
 .UNSPECIFIED.);
#275=B_SPLINE_CURVE_WITH_KNOTS('',3,(#14714,#14715,#14716,#14717,#14718,
#14719,#14720,#14721,#14722,#14723),.UNSPECIFIED.,.F.,.F.,(4,2,2,2,4),(-0.178458844868465,
-0.169990480945452,-0.158841987103742,-0.147490199464449,-0.135896005278832),
 .UNSPECIFIED.);
#276=B_SPLINE_CURVE_WITH_KNOTS('',3,(#14724,#14725,#14726,#14727,#14728,
#14729,#14730,#14731,#14732,#14733),.UNSPECIFIED.,.F.,.F.,(4,2,2,2,4),(-0.0451050451762277,
-0.0335108509905294,-0.0221590633511565,-0.0110105695093678,-0.00254220558629536),
 .UNSPECIFIED.);
#277=B_SPLINE_CURVE_WITH_KNOTS('',3,(#14774,#14775,#14776,#14777,#14778,
#14779,#14780,#14781,#14782,#14783),.UNSPECIFIED.,.F.,.F.,(4,2,2,2,4),(0.135896005279232,
0.14749019946474,0.158841987103926,0.169990480945531,0.178458844868465),
 .UNSPECIFIED.);
#278=B_SPLINE_CURVE_WITH_KNOTS('',3,(#14785,#14786,#14787,#14788,#14789,
#14790,#14791,#14792,#14793,#14794),.UNSPECIFIED.,.F.,.F.,(4,2,2,2,4),(-0.0451050451752277,
-0.0335108509898018,-0.0221590633506956,-0.0110105695091688,-0.00254220558609911),
 .UNSPECIFIED.);
#279=B_SPLINE_CURVE_WITH_KNOTS('',3,(#14803,#14804,#14805,#14806,#14807,
#14808,#14809,#14810,#14811,#14812),.UNSPECIFIED.,.F.,.F.,(4,2,2,2,4),(0.135896005279432,
0.147490199464885,0.158841987104018,0.169990480945571,0.178458844868465),
 .UNSPECIFIED.);
#280=B_SPLINE_CURVE_WITH_KNOTS('',3,(#14815,#14816,#14817,#14818,#14819,
#14820,#14821,#14822,#14823,#14824),.UNSPECIFIED.,.F.,.F.,(4,2,2,2,4),(0.00254220558629535,
0.0110105695092484,0.0221590633508801,0.033510850990093,0.0451050451756277),
 .UNSPECIFIED.);
#281=B_SPLINE_CURVE_WITH_KNOTS('',3,(#14843,#14844,#14845,#14846,#14847,
#14848,#14849,#14850,#14851,#14852,#14853,#14854,#14855,#14856,#14857),
 .UNSPECIFIED.,.F.,.F.,(4,2,2,3,2,2,4),(-0.0417508803903397,-0.0333992094901514,
-0.0166511852011133,0.,0.0166511852011132,0.0333992094901515,0.0417513553262815),
 .UNSPECIFIED.);
#282=B_SPLINE_CURVE_WITH_KNOTS('',3,(#14861,#14862,#14863,#14864,#14865,
#14866,#14867,#14868),.UNSPECIFIED.,.F.,.F.,(4,2,2,4),(0.131456162259893,
0.148107347461245,0.164855371750565,0.173207053632956),.UNSPECIFIED.);
#283=B_SPLINE_CURVE_WITH_KNOTS('',3,(#14871,#14872,#14873,#14874,#14875,
#14876,#14877,#14878),.UNSPECIFIED.,.F.,.F.,(4,2,2,4),(0.0897050218294438,
0.0980569527692207,0.11480497705854,0.131456162259893),.UNSPECIFIED.);
#284=B_SPLINE_CURVE_WITH_KNOTS('',3,(#15242,#15243,#15244,#15245,#15246,
#15247,#15248,#15249,#15250,#15251,#15252,#15253,#15254,#15255),
 .UNSPECIFIED.,.F.,.F.,(4,2,2,2,2,2,4),(-0.0984532855576531,-0.0981850603342361,
-0.0908594599583834,-0.0836022070968055,-0.0713598899814644,-0.0600209262158739,
-0.0490925301671181),.UNSPECIFIED.);
#285=B_SPLINE_CURVE_WITH_KNOTS('',3,(#15256,#15257,#15258,#15259,#15260,
#15261,#15262,#15263,#15264,#15265,#15266,#15267,#15268,#15269,#15270,#15271,
#15272,#15273,#15274,#15275,#15276,#15277,#15278,#15279,#15280,#15281,#15282,
#15283,#15284,#15285,#15286),.UNSPECIFIED.,.F.,.F.,(4,3,3,3,3,3,3,3,3,3,
4),(0.,0.114613241477146,0.2,0.32042729746583,0.4,0.521681055830442,0.6,
0.704415809753838,0.8,0.921297078529591,1.),.UNSPECIFIED.);
#286=B_SPLINE_CURVE_WITH_KNOTS('',3,(#15324,#15325,#15326,#15327,#15328,
#15329,#15330,#15331,#15332,#15333,#15334,#15335,#15336,#15337),
 .UNSPECIFIED.,.F.,.F.,(4,2,2,2,2,2,4),(-0.098453285557497,-0.0981850603340935,
-0.090859459958243,-0.0836022070966664,-0.0713598899813443,-0.0600209262157716,
-0.0490925301670327),.UNSPECIFIED.);
#287=B_SPLINE_CURVE_WITH_KNOTS('',3,(#15354,#15355,#15356,#15357,#15358,
#15359,#15360,#15361,#15362,#15363,#15364,#15365,#15366,#15367),
 .UNSPECIFIED.,.F.,.F.,(4,2,2,2,2,2,4),(-0.049092530167122,-0.0381641341183643,
-0.0268251703527718,-0.0145828532374305,-0.00732560037585278,0.,0.000268225223416936),
 .UNSPECIFIED.);
#288=B_SPLINE_CURVE_WITH_KNOTS('',3,(#15371,#15372,#15373,#15374,#15375,
#15376,#15377,#15378,#15379,#15380,#15381,#15382,#15383,#15384,#15385,#15386,
#15387,#15388,#15389,#15390,#15391,#15392,#15393,#15394,#15395,#15396,#15397,
#15398,#15399,#15400,#15401),.UNSPECIFIED.,.F.,.F.,(4,3,3,3,3,3,3,3,3,3,
4),(0.,0.121104524857243,0.2,0.305207388126002,0.4,0.522549783390471,0.6,
0.721221345951952,0.8,0.913937726565415,1.),.UNSPECIFIED.);
#289=B_SPLINE_CURVE_WITH_KNOTS('',3,(#15425,#15426,#15427,#15428,#15429,
#15430,#15431,#15432,#15433,#15434,#15435,#15436,#15437,#15438,#15439,#15440,
#15441,#15442,#15443,#15444,#15445,#15446,#15447,#15448,#15449,#15450,#15451,
#15452,#15453,#15454,#15455),.UNSPECIFIED.,.F.,.F.,(4,3,3,3,3,3,3,3,3,3,
4),(0.,0.114613241459007,0.2,0.320427297519536,0.4,0.521681055793689,0.6,
0.70441580975504,0.8,0.921297078594789,1.),.UNSPECIFIED.);
#290=ORIENTED_CLOSED_SHELL('',*,#10332,.F.);
#291=ORIENTED_CLOSED_SHELL('',*,#10333,.F.);
#292=FACE_OUTER_BOUND('',#800,.T.);
#293=FACE_OUTER_BOUND('',#801,.T.);
#294=FACE_OUTER_BOUND('',#802,.T.);
#295=FACE_OUTER_BOUND('',#803,.T.);
#296=FACE_OUTER_BOUND('',#804,.T.);
#297=FACE_OUTER_BOUND('',#805,.T.);
#298=FACE_OUTER_BOUND('',#806,.T.);
#299=FACE_OUTER_BOUND('',#807,.T.);
#300=FACE_OUTER_BOUND('',#808,.T.);
#301=FACE_OUTER_BOUND('',#809,.T.);
#302=FACE_OUTER_BOUND('',#810,.T.);
#303=FACE_OUTER_BOUND('',#811,.T.);
#304=FACE_OUTER_BOUND('',#812,.T.);
#305=FACE_OUTER_BOUND('',#813,.T.);
#306=FACE_OUTER_BOUND('',#814,.T.);
#307=FACE_OUTER_BOUND('',#815,.T.);
#308=FACE_OUTER_BOUND('',#816,.T.);
#309=FACE_OUTER_BOUND('',#817,.T.);
#310=FACE_OUTER_BOUND('',#825,.T.);
#311=FACE_OUTER_BOUND('',#826,.T.);
#312=FACE_OUTER_BOUND('',#827,.T.);
#313=FACE_OUTER_BOUND('',#828,.T.);
#314=FACE_OUTER_BOUND('',#829,.T.);
#315=FACE_OUTER_BOUND('',#830,.T.);
#316=FACE_OUTER_BOUND('',#831,.T.);
#317=FACE_OUTER_BOUND('',#835,.T.);
#318=FACE_OUTER_BOUND('',#836,.T.);
#319=FACE_OUTER_BOUND('',#837,.T.);
#320=FACE_OUTER_BOUND('',#838,.T.);
#321=FACE_OUTER_BOUND('',#839,.T.);
#322=FACE_OUTER_BOUND('',#840,.T.);
#323=FACE_OUTER_BOUND('',#841,.T.);
#324=FACE_OUTER_BOUND('',#842,.T.);
#325=FACE_OUTER_BOUND('',#843,.T.);
#326=FACE_OUTER_BOUND('',#844,.T.);
#327=FACE_OUTER_BOUND('',#845,.T.);
#328=FACE_OUTER_BOUND('',#846,.T.);
#329=FACE_OUTER_BOUND('',#847,.T.);
#330=FACE_OUTER_BOUND('',#848,.T.);
#331=FACE_OUTER_BOUND('',#849,.T.);
#332=FACE_OUTER_BOUND('',#850,.T.);
#333=FACE_OUTER_BOUND('',#851,.T.);
#334=FACE_OUTER_BOUND('',#852,.T.);
#335=FACE_OUTER_BOUND('',#853,.T.);
#336=FACE_OUTER_BOUND('',#854,.T.);
#337=FACE_OUTER_BOUND('',#855,.T.);
#338=FACE_OUTER_BOUND('',#856,.T.);
#339=FACE_OUTER_BOUND('',#857,.T.);
#340=FACE_OUTER_BOUND('',#858,.T.);
#341=FACE_OUTER_BOUND('',#859,.T.);
#342=FACE_OUTER_BOUND('',#860,.T.);
#343=FACE_OUTER_BOUND('',#861,.T.);
#344=FACE_OUTER_BOUND('',#862,.T.);
#345=FACE_OUTER_BOUND('',#863,.T.);
#346=FACE_OUTER_BOUND('',#864,.T.);
#347=FACE_OUTER_BOUND('',#865,.T.);
#348=FACE_OUTER_BOUND('',#866,.T.);
#349=FACE_OUTER_BOUND('',#867,.T.);
#350=FACE_OUTER_BOUND('',#868,.T.);
#351=FACE_OUTER_BOUND('',#869,.T.);
#352=FACE_OUTER_BOUND('',#870,.T.);
#353=FACE_OUTER_BOUND('',#871,.T.);
#354=FACE_OUTER_BOUND('',#872,.T.);
#355=FACE_OUTER_BOUND('',#873,.T.);
#356=FACE_OUTER_BOUND('',#874,.T.);
#357=FACE_OUTER_BOUND('',#875,.T.);
#358=FACE_OUTER_BOUND('',#876,.T.);
#359=FACE_OUTER_BOUND('',#877,.T.);
#360=FACE_OUTER_BOUND('',#878,.T.);
#361=FACE_OUTER_BOUND('',#879,.T.);
#362=FACE_OUTER_BOUND('',#880,.T.);
#363=FACE_OUTER_BOUND('',#881,.T.);
#364=FACE_OUTER_BOUND('',#882,.T.);
#365=FACE_OUTER_BOUND('',#883,.T.);
#366=FACE_OUTER_BOUND('',#887,.T.);
#367=FACE_OUTER_BOUND('',#888,.T.);
#368=FACE_OUTER_BOUND('',#890,.T.);
#369=FACE_OUTER_BOUND('',#891,.T.);
#370=FACE_OUTER_BOUND('',#892,.T.);
#371=FACE_OUTER_BOUND('',#893,.T.);
#372=FACE_OUTER_BOUND('',#894,.T.);
#373=FACE_OUTER_BOUND('',#895,.T.);
#374=FACE_OUTER_BOUND('',#896,.T.);
#375=FACE_OUTER_BOUND('',#897,.T.);
#376=FACE_OUTER_BOUND('',#898,.T.);
#377=FACE_OUTER_BOUND('',#899,.T.);
#378=FACE_OUTER_BOUND('',#901,.T.);
#379=FACE_OUTER_BOUND('',#902,.T.);
#380=FACE_OUTER_BOUND('',#903,.T.);
#381=FACE_OUTER_BOUND('',#904,.T.);
#382=FACE_OUTER_BOUND('',#905,.T.);
#383=FACE_OUTER_BOUND('',#906,.T.);
#384=FACE_OUTER_BOUND('',#907,.T.);
#385=FACE_OUTER_BOUND('',#908,.T.);
#386=FACE_OUTER_BOUND('',#909,.T.);
#387=FACE_OUTER_BOUND('',#910,.T.);
#388=FACE_OUTER_BOUND('',#912,.T.);
#389=FACE_OUTER_BOUND('',#913,.T.);
#390=FACE_OUTER_BOUND('',#914,.T.);
#391=FACE_OUTER_BOUND('',#915,.T.);
#392=FACE_OUTER_BOUND('',#916,.T.);
#393=FACE_OUTER_BOUND('',#917,.T.);
#394=FACE_OUTER_BOUND('',#918,.T.);
#395=FACE_OUTER_BOUND('',#919,.T.);
#396=FACE_OUTER_BOUND('',#920,.T.);
#397=FACE_OUTER_BOUND('',#921,.T.);
#398=FACE_OUTER_BOUND('',#922,.T.);
#399=FACE_OUTER_BOUND('',#925,.T.);
#400=FACE_OUTER_BOUND('',#926,.T.);
#401=FACE_OUTER_BOUND('',#927,.T.);
#402=FACE_OUTER_BOUND('',#928,.T.);
#403=FACE_OUTER_BOUND('',#929,.T.);
#404=FACE_OUTER_BOUND('',#930,.T.);
#405=FACE_OUTER_BOUND('',#931,.T.);
#406=FACE_OUTER_BOUND('',#934,.T.);
#407=FACE_OUTER_BOUND('',#935,.T.);
#408=FACE_OUTER_BOUND('',#936,.T.);
#409=FACE_OUTER_BOUND('',#937,.T.);
#410=FACE_OUTER_BOUND('',#938,.T.);
#411=FACE_OUTER_BOUND('',#939,.T.);
#412=FACE_OUTER_BOUND('',#940,.T.);
#413=FACE_OUTER_BOUND('',#941,.T.);
#414=FACE_OUTER_BOUND('',#942,.T.);
#415=FACE_OUTER_BOUND('',#943,.T.);
#416=FACE_OUTER_BOUND('',#947,.T.);
#417=FACE_OUTER_BOUND('',#948,.T.);
#418=FACE_OUTER_BOUND('',#949,.T.);
#419=FACE_OUTER_BOUND('',#950,.T.);
#420=FACE_OUTER_BOUND('',#951,.T.);
#421=FACE_OUTER_BOUND('',#952,.T.);
#422=FACE_OUTER_BOUND('',#953,.T.);
#423=FACE_OUTER_BOUND('',#954,.T.);
#424=FACE_OUTER_BOUND('',#955,.T.);
#425=FACE_OUTER_BOUND('',#956,.T.);
#426=FACE_OUTER_BOUND('',#957,.T.);
#427=FACE_OUTER_BOUND('',#958,.T.);
#428=FACE_OUTER_BOUND('',#959,.T.);
#429=FACE_OUTER_BOUND('',#960,.T.);
#430=FACE_OUTER_BOUND('',#961,.T.);
#431=FACE_OUTER_BOUND('',#962,.T.);
#432=FACE_OUTER_BOUND('',#963,.T.);
#433=FACE_OUTER_BOUND('',#964,.T.);
#434=FACE_OUTER_BOUND('',#965,.T.);
#435=FACE_OUTER_BOUND('',#966,.T.);
#436=FACE_OUTER_BOUND('',#967,.T.);
#437=FACE_OUTER_BOUND('',#968,.T.);
#438=FACE_OUTER_BOUND('',#969,.T.);
#439=FACE_OUTER_BOUND('',#970,.T.);
#440=FACE_OUTER_BOUND('',#971,.T.);
#441=FACE_OUTER_BOUND('',#972,.T.);
#442=FACE_OUTER_BOUND('',#973,.T.);
#443=FACE_OUTER_BOUND('',#974,.T.);
#444=FACE_OUTER_BOUND('',#975,.T.);
#445=FACE_OUTER_BOUND('',#976,.T.);
#446=FACE_OUTER_BOUND('',#977,.T.);
#447=FACE_OUTER_BOUND('',#978,.T.);
#448=FACE_OUTER_BOUND('',#979,.T.);
#449=FACE_OUTER_BOUND('',#980,.T.);
#450=FACE_OUTER_BOUND('',#981,.T.);
#451=FACE_OUTER_BOUND('',#982,.T.);
#452=FACE_OUTER_BOUND('',#983,.T.);
#453=FACE_OUTER_BOUND('',#984,.T.);
#454=FACE_OUTER_BOUND('',#985,.T.);
#455=FACE_OUTER_BOUND('',#986,.T.);
#456=FACE_OUTER_BOUND('',#987,.T.);
#457=FACE_OUTER_BOUND('',#988,.T.);
#458=FACE_OUTER_BOUND('',#989,.T.);
#459=FACE_OUTER_BOUND('',#990,.T.);
#460=FACE_OUTER_BOUND('',#991,.T.);
#461=FACE_OUTER_BOUND('',#992,.T.);
#462=FACE_OUTER_BOUND('',#993,.T.);
#463=FACE_OUTER_BOUND('',#994,.T.);
#464=FACE_OUTER_BOUND('',#995,.T.);
#465=FACE_OUTER_BOUND('',#996,.T.);
#466=FACE_OUTER_BOUND('',#997,.T.);
#467=FACE_OUTER_BOUND('',#998,.T.);
#468=FACE_OUTER_BOUND('',#999,.T.);
#469=FACE_OUTER_BOUND('',#1000,.T.);
#470=FACE_OUTER_BOUND('',#1001,.T.);
#471=FACE_OUTER_BOUND('',#1002,.T.);
#472=FACE_OUTER_BOUND('',#1003,.T.);
#473=FACE_OUTER_BOUND('',#1004,.T.);
#474=FACE_OUTER_BOUND('',#1005,.T.);
#475=FACE_OUTER_BOUND('',#1006,.T.);
#476=FACE_OUTER_BOUND('',#1007,.T.);
#477=FACE_OUTER_BOUND('',#1008,.T.);
#478=FACE_OUTER_BOUND('',#1009,.T.);
#479=FACE_OUTER_BOUND('',#1010,.T.);
#480=FACE_OUTER_BOUND('',#1011,.T.);
#481=FACE_OUTER_BOUND('',#1012,.T.);
#482=FACE_OUTER_BOUND('',#1013,.T.);
#483=FACE_OUTER_BOUND('',#1014,.T.);
#484=FACE_OUTER_BOUND('',#1015,.T.);
#485=FACE_OUTER_BOUND('',#1016,.T.);
#486=FACE_OUTER_BOUND('',#1017,.T.);
#487=FACE_OUTER_BOUND('',#1018,.T.);
#488=FACE_OUTER_BOUND('',#1019,.T.);
#489=FACE_OUTER_BOUND('',#1020,.T.);
#490=FACE_OUTER_BOUND('',#1021,.T.);
#491=FACE_OUTER_BOUND('',#1022,.T.);
#492=FACE_OUTER_BOUND('',#1023,.T.);
#493=FACE_OUTER_BOUND('',#1024,.T.);
#494=FACE_OUTER_BOUND('',#1025,.T.);
#495=FACE_OUTER_BOUND('',#1026,.T.);
#496=FACE_OUTER_BOUND('',#1027,.T.);
#497=FACE_OUTER_BOUND('',#1028,.T.);
#498=FACE_OUTER_BOUND('',#1029,.T.);
#499=FACE_OUTER_BOUND('',#1030,.T.);
#500=FACE_OUTER_BOUND('',#1031,.T.);
#501=FACE_OUTER_BOUND('',#1032,.T.);
#502=FACE_OUTER_BOUND('',#1033,.T.);
#503=FACE_OUTER_BOUND('',#1034,.T.);
#504=FACE_OUTER_BOUND('',#1035,.T.);
#505=FACE_OUTER_BOUND('',#1036,.T.);
#506=FACE_OUTER_BOUND('',#1037,.T.);
#507=FACE_OUTER_BOUND('',#1038,.T.);
#508=FACE_OUTER_BOUND('',#1039,.T.);
#509=FACE_OUTER_BOUND('',#1040,.T.);
#510=FACE_OUTER_BOUND('',#1041,.T.);
#511=FACE_OUTER_BOUND('',#1042,.T.);
#512=FACE_OUTER_BOUND('',#1044,.T.);
#513=FACE_OUTER_BOUND('',#1046,.T.);
#514=FACE_OUTER_BOUND('',#1047,.T.);
#515=FACE_OUTER_BOUND('',#1048,.T.);
#516=FACE_OUTER_BOUND('',#1049,.T.);
#517=FACE_OUTER_BOUND('',#1051,.T.);
#518=FACE_OUTER_BOUND('',#1052,.T.);
#519=FACE_OUTER_BOUND('',#1053,.T.);
#520=FACE_OUTER_BOUND('',#1054,.T.);
#521=FACE_OUTER_BOUND('',#1055,.T.);
#522=FACE_OUTER_BOUND('',#1056,.T.);
#523=FACE_OUTER_BOUND('',#1057,.T.);
#524=FACE_OUTER_BOUND('',#1058,.T.);
#525=FACE_OUTER_BOUND('',#1059,.T.);
#526=FACE_OUTER_BOUND('',#1060,.T.);
#527=FACE_OUTER_BOUND('',#1061,.T.);
#528=FACE_OUTER_BOUND('',#1062,.T.);
#529=FACE_OUTER_BOUND('',#1063,.T.);
#530=FACE_OUTER_BOUND('',#1064,.T.);
#531=FACE_OUTER_BOUND('',#1065,.T.);
#532=FACE_OUTER_BOUND('',#1066,.T.);
#533=FACE_OUTER_BOUND('',#1067,.T.);
#534=FACE_OUTER_BOUND('',#1068,.T.);
#535=FACE_OUTER_BOUND('',#1069,.T.);
#536=FACE_OUTER_BOUND('',#1070,.T.);
#537=FACE_OUTER_BOUND('',#1071,.T.);
#538=FACE_OUTER_BOUND('',#1072,.T.);
#539=FACE_OUTER_BOUND('',#1073,.T.);
#540=FACE_OUTER_BOUND('',#1074,.T.);
#541=FACE_OUTER_BOUND('',#1075,.T.);
#542=FACE_OUTER_BOUND('',#1076,.T.);
#543=FACE_OUTER_BOUND('',#1077,.T.);
#544=FACE_OUTER_BOUND('',#1078,.T.);
#545=FACE_OUTER_BOUND('',#1079,.T.);
#546=FACE_OUTER_BOUND('',#1080,.T.);
#547=FACE_OUTER_BOUND('',#1081,.T.);
#548=FACE_OUTER_BOUND('',#1082,.T.);
#549=FACE_OUTER_BOUND('',#1083,.T.);
#550=FACE_OUTER_BOUND('',#1084,.T.);
#551=FACE_OUTER_BOUND('',#1085,.T.);
#552=FACE_OUTER_BOUND('',#1086,.T.);
#553=FACE_OUTER_BOUND('',#1087,.T.);
#554=FACE_OUTER_BOUND('',#1088,.T.);
#555=FACE_OUTER_BOUND('',#1089,.T.);
#556=FACE_OUTER_BOUND('',#1090,.T.);
#557=FACE_OUTER_BOUND('',#1091,.T.);
#558=FACE_OUTER_BOUND('',#1092,.T.);
#559=FACE_OUTER_BOUND('',#1093,.T.);
#560=FACE_OUTER_BOUND('',#1094,.T.);
#561=FACE_OUTER_BOUND('',#1095,.T.);
#562=FACE_OUTER_BOUND('',#1096,.T.);
#563=FACE_OUTER_BOUND('',#1097,.T.);
#564=FACE_OUTER_BOUND('',#1098,.T.);
#565=FACE_OUTER_BOUND('',#1099,.T.);
#566=FACE_OUTER_BOUND('',#1100,.T.);
#567=FACE_OUTER_BOUND('',#1101,.T.);
#568=FACE_OUTER_BOUND('',#1102,.T.);
#569=FACE_OUTER_BOUND('',#1103,.T.);
#570=FACE_OUTER_BOUND('',#1104,.T.);
#571=FACE_OUTER_BOUND('',#1105,.T.);
#572=FACE_OUTER_BOUND('',#1106,.T.);
#573=FACE_OUTER_BOUND('',#1107,.T.);
#574=FACE_OUTER_BOUND('',#1108,.T.);
#575=FACE_OUTER_BOUND('',#1109,.T.);
#576=FACE_OUTER_BOUND('',#1110,.T.);
#577=FACE_OUTER_BOUND('',#1111,.T.);
#578=FACE_OUTER_BOUND('',#1112,.T.);
#579=FACE_OUTER_BOUND('',#1113,.T.);
#580=FACE_OUTER_BOUND('',#1114,.T.);
#581=FACE_OUTER_BOUND('',#1115,.T.);
#582=FACE_OUTER_BOUND('',#1116,.T.);
#583=FACE_OUTER_BOUND('',#1117,.T.);
#584=FACE_OUTER_BOUND('',#1118,.T.);
#585=FACE_OUTER_BOUND('',#1119,.T.);
#586=FACE_OUTER_BOUND('',#1120,.T.);
#587=FACE_OUTER_BOUND('',#1121,.T.);
#588=FACE_OUTER_BOUND('',#1122,.T.);
#589=FACE_OUTER_BOUND('',#1123,.T.);
#590=FACE_OUTER_BOUND('',#1124,.T.);
#591=FACE_OUTER_BOUND('',#1125,.T.);
#592=FACE_OUTER_BOUND('',#1126,.T.);
#593=FACE_OUTER_BOUND('',#1127,.T.);
#594=FACE_OUTER_BOUND('',#1128,.T.);
#595=FACE_OUTER_BOUND('',#1129,.T.);
#596=FACE_OUTER_BOUND('',#1130,.T.);
#597=FACE_OUTER_BOUND('',#1131,.T.);
#598=FACE_OUTER_BOUND('',#1132,.T.);
#599=FACE_OUTER_BOUND('',#1133,.T.);
#600=FACE_OUTER_BOUND('',#1134,.T.);
#601=FACE_OUTER_BOUND('',#1135,.T.);
#602=FACE_OUTER_BOUND('',#1136,.T.);
#603=FACE_OUTER_BOUND('',#1137,.T.);
#604=FACE_OUTER_BOUND('',#1138,.T.);
#605=FACE_OUTER_BOUND('',#1139,.T.);
#606=FACE_OUTER_BOUND('',#1140,.T.);
#607=FACE_OUTER_BOUND('',#1141,.T.);
#608=FACE_OUTER_BOUND('',#1142,.T.);
#609=FACE_OUTER_BOUND('',#1143,.T.);
#610=FACE_OUTER_BOUND('',#1144,.T.);
#611=FACE_OUTER_BOUND('',#1145,.T.);
#612=FACE_OUTER_BOUND('',#1146,.T.);
#613=FACE_OUTER_BOUND('',#1147,.T.);
#614=FACE_OUTER_BOUND('',#1148,.T.);
#615=FACE_OUTER_BOUND('',#1149,.T.);
#616=FACE_OUTER_BOUND('',#1150,.T.);
#617=FACE_OUTER_BOUND('',#1151,.T.);
#618=FACE_OUTER_BOUND('',#1152,.T.);
#619=FACE_OUTER_BOUND('',#1153,.T.);
#620=FACE_OUTER_BOUND('',#1154,.T.);
#621=FACE_OUTER_BOUND('',#1155,.T.);
#622=FACE_OUTER_BOUND('',#1156,.T.);
#623=FACE_OUTER_BOUND('',#1157,.T.);
#624=FACE_OUTER_BOUND('',#1158,.T.);
#625=FACE_OUTER_BOUND('',#1159,.T.);
#626=FACE_OUTER_BOUND('',#1160,.T.);
#627=FACE_OUTER_BOUND('',#1161,.T.);
#628=FACE_OUTER_BOUND('',#1162,.T.);
#629=FACE_OUTER_BOUND('',#1163,.T.);
#630=FACE_OUTER_BOUND('',#1164,.T.);
#631=FACE_OUTER_BOUND('',#1165,.T.);
#632=FACE_OUTER_BOUND('',#1166,.T.);
#633=FACE_OUTER_BOUND('',#1167,.T.);
#634=FACE_OUTER_BOUND('',#1168,.T.);
#635=FACE_OUTER_BOUND('',#1169,.T.);
#636=FACE_OUTER_BOUND('',#1170,.T.);
#637=FACE_OUTER_BOUND('',#1171,.T.);
#638=FACE_OUTER_BOUND('',#1172,.T.);
#639=FACE_OUTER_BOUND('',#1173,.T.);
#640=FACE_OUTER_BOUND('',#1174,.T.);
#641=FACE_OUTER_BOUND('',#1175,.T.);
#642=FACE_OUTER_BOUND('',#1176,.T.);
#643=FACE_OUTER_BOUND('',#1177,.T.);
#644=FACE_OUTER_BOUND('',#1178,.T.);
#645=FACE_OUTER_BOUND('',#1179,.T.);
#646=FACE_OUTER_BOUND('',#1180,.T.);
#647=FACE_OUTER_BOUND('',#1181,.T.);
#648=FACE_OUTER_BOUND('',#1182,.T.);
#649=FACE_OUTER_BOUND('',#1183,.T.);
#650=FACE_OUTER_BOUND('',#1184,.T.);
#651=FACE_OUTER_BOUND('',#1185,.T.);
#652=FACE_OUTER_BOUND('',#1186,.T.);
#653=FACE_OUTER_BOUND('',#1187,.T.);
#654=FACE_OUTER_BOUND('',#1188,.T.);
#655=FACE_OUTER_BOUND('',#1189,.T.);
#656=FACE_OUTER_BOUND('',#1190,.T.);
#657=FACE_OUTER_BOUND('',#1191,.T.);
#658=FACE_OUTER_BOUND('',#1192,.T.);
#659=FACE_OUTER_BOUND('',#1193,.T.);
#660=FACE_OUTER_BOUND('',#1194,.T.);
#661=FACE_OUTER_BOUND('',#1195,.T.);
#662=FACE_OUTER_BOUND('',#1196,.T.);
#663=FACE_OUTER_BOUND('',#1197,.T.);
#664=FACE_OUTER_BOUND('',#1198,.T.);
#665=FACE_OUTER_BOUND('',#1199,.T.);
#666=FACE_OUTER_BOUND('',#1200,.T.);
#667=FACE_OUTER_BOUND('',#1201,.T.);
#668=FACE_OUTER_BOUND('',#1202,.T.);
#669=FACE_OUTER_BOUND('',#1203,.T.);
#670=FACE_OUTER_BOUND('',#1204,.T.);
#671=FACE_OUTER_BOUND('',#1205,.T.);
#672=FACE_OUTER_BOUND('',#1206,.T.);
#673=FACE_OUTER_BOUND('',#1207,.T.);
#674=FACE_OUTER_BOUND('',#1208,.T.);
#675=FACE_OUTER_BOUND('',#1209,.T.);
#676=FACE_OUTER_BOUND('',#1210,.T.);
#677=FACE_OUTER_BOUND('',#1211,.T.);
#678=FACE_OUTER_BOUND('',#1212,.T.);
#679=FACE_OUTER_BOUND('',#1213,.T.);
#680=FACE_OUTER_BOUND('',#1214,.T.);
#681=FACE_OUTER_BOUND('',#1215,.T.);
#682=FACE_OUTER_BOUND('',#1216,.T.);
#683=FACE_OUTER_BOUND('',#1217,.T.);
#684=FACE_OUTER_BOUND('',#1218,.T.);
#685=FACE_OUTER_BOUND('',#1219,.T.);
#686=FACE_OUTER_BOUND('',#1220,.T.);
#687=FACE_OUTER_BOUND('',#1221,.T.);
#688=FACE_OUTER_BOUND('',#1222,.T.);
#689=FACE_OUTER_BOUND('',#1223,.T.);
#690=FACE_OUTER_BOUND('',#1224,.T.);
#691=FACE_OUTER_BOUND('',#1225,.T.);
#692=FACE_OUTER_BOUND('',#1226,.T.);
#693=FACE_OUTER_BOUND('',#1227,.T.);
#694=FACE_OUTER_BOUND('',#1228,.T.);
#695=FACE_OUTER_BOUND('',#1229,.T.);
#696=FACE_OUTER_BOUND('',#1230,.T.);
#697=FACE_OUTER_BOUND('',#1231,.T.);
#698=FACE_OUTER_BOUND('',#1232,.T.);
#699=FACE_OUTER_BOUND('',#1233,.T.);
#700=FACE_OUTER_BOUND('',#1234,.T.);
#701=FACE_OUTER_BOUND('',#1235,.T.);
#702=FACE_OUTER_BOUND('',#1236,.T.);
#703=FACE_OUTER_BOUND('',#1237,.T.);
#704=FACE_OUTER_BOUND('',#1238,.T.);
#705=FACE_OUTER_BOUND('',#1239,.T.);
#706=FACE_OUTER_BOUND('',#1240,.T.);
#707=FACE_OUTER_BOUND('',#1241,.T.);
#708=FACE_OUTER_BOUND('',#1242,.T.);
#709=FACE_OUTER_BOUND('',#1243,.T.);
#710=FACE_OUTER_BOUND('',#1244,.T.);
#711=FACE_OUTER_BOUND('',#1245,.T.);
#712=FACE_OUTER_BOUND('',#1246,.T.);
#713=FACE_OUTER_BOUND('',#1247,.T.);
#714=FACE_OUTER_BOUND('',#1248,.T.);
#715=FACE_OUTER_BOUND('',#1249,.T.);
#716=FACE_OUTER_BOUND('',#1250,.T.);
#717=FACE_OUTER_BOUND('',#1251,.T.);
#718=FACE_OUTER_BOUND('',#1252,.T.);
#719=FACE_OUTER_BOUND('',#1253,.T.);
#720=FACE_OUTER_BOUND('',#1254,.T.);
#721=FACE_OUTER_BOUND('',#1255,.T.);
#722=FACE_OUTER_BOUND('',#1256,.T.);
#723=FACE_OUTER_BOUND('',#1257,.T.);
#724=FACE_OUTER_BOUND('',#1258,.T.);
#725=FACE_OUTER_BOUND('',#1259,.T.);
#726=FACE_OUTER_BOUND('',#1260,.T.);
#727=FACE_OUTER_BOUND('',#1261,.T.);
#728=FACE_OUTER_BOUND('',#1262,.T.);
#729=FACE_OUTER_BOUND('',#1263,.T.);
#730=FACE_OUTER_BOUND('',#1264,.T.);
#731=FACE_OUTER_BOUND('',#1265,.T.);
#732=FACE_OUTER_BOUND('',#1266,.T.);
#733=FACE_OUTER_BOUND('',#1267,.T.);
#734=FACE_OUTER_BOUND('',#1268,.T.);
#735=FACE_OUTER_BOUND('',#1269,.T.);
#736=FACE_OUTER_BOUND('',#1270,.T.);
#737=FACE_OUTER_BOUND('',#1271,.T.);
#738=FACE_OUTER_BOUND('',#1272,.T.);
#739=FACE_OUTER_BOUND('',#1273,.T.);
#740=FACE_OUTER_BOUND('',#1274,.T.);
#741=FACE_OUTER_BOUND('',#1275,.T.);
#742=FACE_OUTER_BOUND('',#1276,.T.);
#743=FACE_OUTER_BOUND('',#1277,.T.);
#744=FACE_OUTER_BOUND('',#1278,.T.);
#745=FACE_OUTER_BOUND('',#1279,.T.);
#746=FACE_OUTER_BOUND('',#1280,.T.);
#747=FACE_OUTER_BOUND('',#1281,.T.);
#748=FACE_OUTER_BOUND('',#1282,.T.);
#749=FACE_OUTER_BOUND('',#1283,.T.);
#750=FACE_OUTER_BOUND('',#1284,.T.);
#751=FACE_OUTER_BOUND('',#1285,.T.);
#752=FACE_OUTER_BOUND('',#1286,.T.);
#753=FACE_OUTER_BOUND('',#1287,.T.);
#754=FACE_OUTER_BOUND('',#1288,.T.);
#755=FACE_OUTER_BOUND('',#1289,.T.);
#756=FACE_OUTER_BOUND('',#1290,.T.);
#757=FACE_OUTER_BOUND('',#1291,.T.);
#758=FACE_OUTER_BOUND('',#1292,.T.);
#759=FACE_OUTER_BOUND('',#1293,.T.);
#760=FACE_OUTER_BOUND('',#1294,.T.);
#761=FACE_OUTER_BOUND('',#1295,.T.);
#762=FACE_OUTER_BOUND('',#1296,.T.);
#763=FACE_OUTER_BOUND('',#1297,.T.);
#764=FACE_OUTER_BOUND('',#1298,.T.);
#765=FACE_OUTER_BOUND('',#1299,.T.);
#766=FACE_OUTER_BOUND('',#1300,.T.);
#767=FACE_OUTER_BOUND('',#1301,.T.);
#768=FACE_OUTER_BOUND('',#1302,.T.);
#769=FACE_OUTER_BOUND('',#1303,.T.);
#770=FACE_OUTER_BOUND('',#1304,.T.);
#771=FACE_OUTER_BOUND('',#1305,.T.);
#772=FACE_OUTER_BOUND('',#1306,.T.);
#773=FACE_OUTER_BOUND('',#1307,.T.);
#774=FACE_OUTER_BOUND('',#1308,.T.);
#775=FACE_OUTER_BOUND('',#1309,.T.);
#776=FACE_OUTER_BOUND('',#1310,.T.);
#777=FACE_OUTER_BOUND('',#1311,.T.);
#778=FACE_OUTER_BOUND('',#1312,.T.);
#779=FACE_OUTER_BOUND('',#1313,.T.);
#780=FACE_OUTER_BOUND('',#1314,.T.);
#781=FACE_OUTER_BOUND('',#1315,.T.);
#782=FACE_OUTER_BOUND('',#1316,.T.);
#783=FACE_OUTER_BOUND('',#1317,.T.);
#784=FACE_OUTER_BOUND('',#1318,.T.);
#785=FACE_OUTER_BOUND('',#1319,.T.);
#786=FACE_OUTER_BOUND('',#1320,.T.);
#787=FACE_OUTER_BOUND('',#1321,.T.);
#788=FACE_OUTER_BOUND('',#1322,.T.);
#789=FACE_OUTER_BOUND('',#1323,.T.);
#790=FACE_OUTER_BOUND('',#1324,.T.);
#791=FACE_OUTER_BOUND('',#1325,.T.);
#792=FACE_OUTER_BOUND('',#1326,.T.);
#793=FACE_OUTER_BOUND('',#1327,.T.);
#794=FACE_OUTER_BOUND('',#1328,.T.);
#795=FACE_OUTER_BOUND('',#1329,.T.);
#796=FACE_OUTER_BOUND('',#1330,.T.);
#797=FACE_OUTER_BOUND('',#1331,.T.);
#798=FACE_OUTER_BOUND('',#1332,.T.);
#799=FACE_OUTER_BOUND('',#1333,.T.);
#800=EDGE_LOOP('',(#6082,#6083,#6084,#6085));
#801=EDGE_LOOP('',(#6086,#6087,#6088,#6089,#6090,#6091));
#802=EDGE_LOOP('',(#6092,#6093,#6094,#6095));
#803=EDGE_LOOP('',(#6096,#6097,#6098,#6099,#6100,#6101));
#804=EDGE_LOOP('',(#6102,#6103,#6104,#6105));
#805=EDGE_LOOP('',(#6106,#6107,#6108,#6109));
#806=EDGE_LOOP('',(#6110,#6111,#6112,#6113));
#807=EDGE_LOOP('',(#6114,#6115,#6116,#6117));
#808=EDGE_LOOP('',(#6118,#6119,#6120,#6121,#6122,#6123));
#809=EDGE_LOOP('',(#6124,#6125,#6126,#6127));
#810=EDGE_LOOP('',(#6128,#6129,#6130,#6131));
#811=EDGE_LOOP('',(#6132,#6133,#6134,#6135));
#812=EDGE_LOOP('',(#6136,#6137,#6138,#6139));
#813=EDGE_LOOP('',(#6140,#6141,#6142,#6143));
#814=EDGE_LOOP('',(#6144,#6145,#6146,#6147));
#815=EDGE_LOOP('',(#6148,#6149,#6150,#6151,#6152,#6153));
#816=EDGE_LOOP('',(#6154,#6155,#6156,#6157));
#817=EDGE_LOOP('',(#6158,#6159,#6160,#6161,#6162,#6163,#6164,#6165,#6166,
#6167,#6168,#6169,#6170,#6171,#6172,#6173,#6174,#6175,#6176,#6177,#6178));
#818=EDGE_LOOP('',(#6179,#6180,#6181,#6182,#6183));
#819=EDGE_LOOP('',(#6184,#6185,#6186,#6187,#6188,#6189,#6190,#6191,#6192,
#6193,#6194,#6195,#6196,#6197,#6198,#6199,#6200,#6201,#6202,#6203,#6204,
#6205,#6206,#6207,#6208,#6209,#6210,#6211,#6212,#6213,#6214,#6215,#6216));
#820=EDGE_LOOP('',(#6217,#6218,#6219,#6220,#6221,#6222,#6223,#6224,#6225,
#6226,#6227,#6228));
#821=EDGE_LOOP('',(#6229,#6230,#6231,#6232,#6233,#6234,#6235,#6236,#6237,
#6238,#6239,#6240,#6241,#6242,#6243,#6244,#6245,#6246,#6247,#6248,#6249,
#6250,#6251,#6252,#6253,#6254,#6255,#6256,#6257,#6258,#6259,#6260,#6261,
#6262,#6263,#6264,#6265,#6266,#6267,#6268,#6269,#6270,#6271,#6272,#6273,
#6274,#6275,#6276,#6277,#6278,#6279,#6280,#6281,#6282,#6283,#6284,#6285,
#6286,#6287,#6288));
#822=EDGE_LOOP('',(#6289,#6290,#6291,#6292,#6293,#6294,#6295,#6296,#6297,
#6298,#6299,#6300,#6301,#6302,#6303,#6304,#6305,#6306,#6307,#6308,#6309,
#6310,#6311,#6312,#6313,#6314,#6315,#6316,#6317,#6318,#6319,#6320,#6321,
#6322,#6323,#6324,#6325,#6326,#6327,#6328,#6329,#6330,#6331,#6332,#6333,
#6334,#6335,#6336,#6337,#6338,#6339,#6340,#6341,#6342,#6343,#6344,#6345,
#6346,#6347,#6348,#6349,#6350,#6351,#6352,#6353,#6354,#6355,#6356,#6357,
#6358,#6359,#6360,#6361,#6362,#6363,#6364,#6365,#6366));
#823=EDGE_LOOP('',(#6367,#6368,#6369,#6370,#6371,#6372,#6373,#6374,#6375,
#6376,#6377,#6378,#6379,#6380,#6381,#6382,#6383,#6384,#6385,#6386,#6387,
#6388,#6389,#6390,#6391,#6392,#6393,#6394,#6395,#6396,#6397,#6398,#6399,
#6400,#6401,#6402));
#824=EDGE_LOOP('',(#6403,#6404,#6405,#6406,#6407,#6408,#6409,#6410,#6411,
#6412));
#825=EDGE_LOOP('',(#6413,#6414,#6415));
#826=EDGE_LOOP('',(#6416,#6417,#6418,#6419,#6420,#6421,#6422,#6423,#6424,
#6425,#6426,#6427,#6428,#6429,#6430,#6431,#6432,#6433,#6434,#6435,#6436,
#6437,#6438,#6439));
#827=EDGE_LOOP('',(#6440,#6441,#6442,#6443,#6444,#6445,#6446,#6447,#6448,
#6449,#6450,#6451,#6452,#6453,#6454,#6455,#6456,#6457,#6458,#6459,#6460,
#6461,#6462,#6463,#6464,#6465,#6466));
#828=EDGE_LOOP('',(#6467,#6468,#6469,#6470,#6471));
#829=EDGE_LOOP('',(#6472,#6473,#6474,#6475));
#830=EDGE_LOOP('',(#6476,#6477,#6478,#6479));
#831=EDGE_LOOP('',(#6480,#6481,#6482,#6483));
#832=EDGE_LOOP('',(#6484,#6485,#6486,#6487));
#833=EDGE_LOOP('',(#6488,#6489,#6490,#6491));
#834=EDGE_LOOP('',(#6492,#6493,#6494,#6495));
#835=EDGE_LOOP('',(#6496,#6497,#6498,#6499,#6500));
#836=EDGE_LOOP('',(#6501,#6502,#6503,#6504,#6505,#6506,#6507,#6508,#6509));
#837=EDGE_LOOP('',(#6510,#6511,#6512,#6513,#6514));
#838=EDGE_LOOP('',(#6515,#6516,#6517,#6518,#6519,#6520,#6521,#6522));
#839=EDGE_LOOP('',(#6523,#6524,#6525,#6526,#6527,#6528));
#840=EDGE_LOOP('',(#6529,#6530));
#841=EDGE_LOOP('',(#6531,#6532));
#842=EDGE_LOOP('',(#6533,#6534,#6535,#6536,#6537));
#843=EDGE_LOOP('',(#6538,#6539,#6540,#6541));
#844=EDGE_LOOP('',(#6542,#6543,#6544,#6545));
#845=EDGE_LOOP('',(#6546,#6547,#6548,#6549));
#846=EDGE_LOOP('',(#6550,#6551,#6552,#6553));
#847=EDGE_LOOP('',(#6554,#6555,#6556,#6557));
#848=EDGE_LOOP('',(#6558,#6559,#6560,#6561));
#849=EDGE_LOOP('',(#6562,#6563,#6564,#6565,#6566));
#850=EDGE_LOOP('',(#6567,#6568,#6569,#6570,#6571,#6572,#6573,#6574,#6575,
#6576));
#851=EDGE_LOOP('',(#6577,#6578));
#852=EDGE_LOOP('',(#6579,#6580,#6581,#6582,#6583,#6584));
#853=EDGE_LOOP('',(#6585,#6586,#6587,#6588,#6589,#6590,#6591,#6592));
#854=EDGE_LOOP('',(#6593,#6594,#6595,#6596,#6597));
#855=EDGE_LOOP('',(#6598,#6599,#6600,#6601,#6602,#6603));
#856=EDGE_LOOP('',(#6604,#6605,#6606,#6607));
#857=EDGE_LOOP('',(#6608,#6609,#6610,#6611));
#858=EDGE_LOOP('',(#6612,#6613,#6614,#6615));
#859=EDGE_LOOP('',(#6616,#6617,#6618,#6619));
#860=EDGE_LOOP('',(#6620,#6621,#6622,#6623));
#861=EDGE_LOOP('',(#6624,#6625,#6626,#6627));
#862=EDGE_LOOP('',(#6628,#6629,#6630,#6631));
#863=EDGE_LOOP('',(#6632,#6633));
#864=EDGE_LOOP('',(#6634,#6635,#6636,#6637,#6638));
#865=EDGE_LOOP('',(#6639,#6640,#6641,#6642,#6643));
#866=EDGE_LOOP('',(#6644,#6645,#6646,#6647));
#867=EDGE_LOOP('',(#6648,#6649,#6650,#6651));
#868=EDGE_LOOP('',(#6652,#6653,#6654,#6655));
#869=EDGE_LOOP('',(#6656,#6657,#6658,#6659));
#870=EDGE_LOOP('',(#6660,#6661,#6662,#6663));
#871=EDGE_LOOP('',(#6664,#6665,#6666,#6667));
#872=EDGE_LOOP('',(#6668,#6669,#6670,#6671,#6672,#6673,#6674,#6675,#6676));
#873=EDGE_LOOP('',(#6677,#6678,#6679,#6680,#6681,#6682,#6683,#6684));
#874=EDGE_LOOP('',(#6685,#6686,#6687,#6688,#6689));
#875=EDGE_LOOP('',(#6690,#6691,#6692,#6693,#6694,#6695));
#876=EDGE_LOOP('',(#6696,#6697));
#877=EDGE_LOOP('',(#6698,#6699));
#878=EDGE_LOOP('',(#6700,#6701,#6702,#6703));
#879=EDGE_LOOP('',(#6704,#6705,#6706,#6707));
#880=EDGE_LOOP('',(#6708,#6709,#6710,#6711));
#881=EDGE_LOOP('',(#6712,#6713,#6714,#6715));
#882=EDGE_LOOP('',(#6716,#6717,#6718,#6719));
#883=EDGE_LOOP('',(#6720,#6721,#6722,#6723));
#884=EDGE_LOOP('',(#6724));
#885=EDGE_LOOP('',(#6725));
#886=EDGE_LOOP('',(#6726));
#887=EDGE_LOOP('',(#6727,#6728,#6729,#6730));
#888=EDGE_LOOP('',(#6731));
#889=EDGE_LOOP('',(#6732));
#890=EDGE_LOOP('',(#6733,#6734,#6735,#6736,#6737,#6738,#6739,#6740,#6741,
#6742,#6743,#6744));
#891=EDGE_LOOP('',(#6745,#6746,#6747,#6748,#6749));
#892=EDGE_LOOP('',(#6750,#6751,#6752,#6753,#6754,#6755));
#893=EDGE_LOOP('',(#6756,#6757,#6758,#6759));
#894=EDGE_LOOP('',(#6760,#6761,#6762,#6763,#6764,#6765));
#895=EDGE_LOOP('',(#6766,#6767,#6768,#6769));
#896=EDGE_LOOP('',(#6770,#6771));
#897=EDGE_LOOP('',(#6772,#6773));
#898=EDGE_LOOP('',(#6774,#6775,#6776,#6777));
#899=EDGE_LOOP('',(#6778));
#900=EDGE_LOOP('',(#6779));
#901=EDGE_LOOP('',(#6780,#6781,#6782,#6783,#6784,#6785,#6786,#6787,#6788,
#6789,#6790,#6791));
#902=EDGE_LOOP('',(#6792,#6793,#6794,#6795));
#903=EDGE_LOOP('',(#6796,#6797));
#904=EDGE_LOOP('',(#6798,#6799,#6800,#6801,#6802,#6803));
#905=EDGE_LOOP('',(#6804,#6805,#6806,#6807));
#906=EDGE_LOOP('',(#6808,#6809,#6810,#6811,#6812,#6813));
#907=EDGE_LOOP('',(#6814,#6815));
#908=EDGE_LOOP('',(#6816,#6817,#6818,#6819,#6820));
#909=EDGE_LOOP('',(#6821,#6822,#6823,#6824));
#910=EDGE_LOOP('',(#6825));
#911=EDGE_LOOP('',(#6826));
#912=EDGE_LOOP('',(#6827,#6828,#6829,#6830,#6831,#6832,#6833,#6834,#6835,
#6836,#6837,#6838));
#913=EDGE_LOOP('',(#6839,#6840,#6841,#6842,#6843));
#914=EDGE_LOOP('',(#6844,#6845,#6846,#6847,#6848,#6849));
#915=EDGE_LOOP('',(#6850,#6851,#6852,#6853));
#916=EDGE_LOOP('',(#6854,#6855,#6856,#6857,#6858,#6859));
#917=EDGE_LOOP('',(#6860,#6861,#6862,#6863));
#918=EDGE_LOOP('',(#6864,#6865));
#919=EDGE_LOOP('',(#6866,#6867));
#920=EDGE_LOOP('',(#6868,#6869,#6870,#6871));
#921=EDGE_LOOP('',(#6872,#6873,#6874,#6875));
#922=EDGE_LOOP('',(#6876,#6877,#6878,#6879));
#923=EDGE_LOOP('',(#6880,#6881));
#924=EDGE_LOOP('',(#6882,#6883,#6884));
#925=EDGE_LOOP('',(#6885,#6886,#6887,#6888,#6889,#6890));
#926=EDGE_LOOP('',(#6891,#6892));
#927=EDGE_LOOP('',(#6893));
#928=EDGE_LOOP('',(#6894,#6895,#6896,#6897,#6898,#6899,#6900,#6901));
#929=EDGE_LOOP('',(#6902,#6903,#6904));
#930=EDGE_LOOP('',(#6905,#6906,#6907));
#931=EDGE_LOOP('',(#6908,#6909,#6910,#6911,#6912,#6913,#6914,#6915,#6916,
#6917,#6918,#6919));
#932=EDGE_LOOP('',(#6920,#6921,#6922,#6923));
#933=EDGE_LOOP('',(#6924,#6925,#6926,#6927));
#934=EDGE_LOOP('',(#6928,#6929,#6930,#6931,#6932));
#935=EDGE_LOOP('',(#6933,#6934,#6935,#6936,#6937,#6938,#6939,#6940,#6941,
#6942,#6943));
#936=EDGE_LOOP('',(#6944,#6945,#6946,#6947,#6948,#6949));
#937=EDGE_LOOP('',(#6950,#6951,#6952,#6953,#6954));
#938=EDGE_LOOP('',(#6955,#6956,#6957,#6958,#6959,#6960,#6961,#6962,#6963,
#6964,#6965));
#939=EDGE_LOOP('',(#6966,#6967,#6968,#6969));
#940=EDGE_LOOP('',(#6970,#6971,#6972,#6973,#6974));
#941=EDGE_LOOP('',(#6975,#6976,#6977,#6978,#6979,#6980,#6981,#6982,#6983,
#6984,#6985,#6986));
#942=EDGE_LOOP('',(#6987,#6988,#6989,#6990,#6991));
#943=EDGE_LOOP('',(#6992,#6993,#6994,#6995,#6996,#6997,#6998,#6999,#7000,
#7001,#7002,#7003,#7004,#7005,#7006,#7007,#7008,#7009,#7010,#7011,#7012,
#7013,#7014,#7015,#7016,#7017,#7018,#7019,#7020,#7021,#7022,#7023,#7024,
#7025));
#944=EDGE_LOOP('',(#7026));
#945=EDGE_LOOP('',(#7027));
#946=EDGE_LOOP('',(#7028));
#947=EDGE_LOOP('',(#7029,#7030,#7031,#7032));
#948=EDGE_LOOP('',(#7033,#7034,#7035,#7036,#7037));
#949=EDGE_LOOP('',(#7038,#7039,#7040,#7041,#7042));
#950=EDGE_LOOP('',(#7043));
#951=EDGE_LOOP('',(#7044,#7045,#7046,#7047));
#952=EDGE_LOOP('',(#7048,#7049,#7050,#7051,#7052));
#953=EDGE_LOOP('',(#7053,#7054,#7055,#7056,#7057));
#954=EDGE_LOOP('',(#7058));
#955=EDGE_LOOP('',(#7059,#7060,#7061,#7062));
#956=EDGE_LOOP('',(#7063,#7064,#7065,#7066,#7067));
#957=EDGE_LOOP('',(#7068,#7069,#7070,#7071,#7072));
#958=EDGE_LOOP('',(#7073));
#959=EDGE_LOOP('',(#7074,#7075,#7076,#7077));
#960=EDGE_LOOP('',(#7078,#7079,#7080,#7081));
#961=EDGE_LOOP('',(#7082,#7083,#7084,#7085));
#962=EDGE_LOOP('',(#7086,#7087,#7088,#7089,#7090,#7091,#7092));
#963=EDGE_LOOP('',(#7093,#7094,#7095,#7096));
#964=EDGE_LOOP('',(#7097,#7098,#7099,#7100));
#965=EDGE_LOOP('',(#7101,#7102,#7103,#7104));
#966=EDGE_LOOP('',(#7105,#7106,#7107,#7108));
#967=EDGE_LOOP('',(#7109,#7110,#7111,#7112,#7113,#7114));
#968=EDGE_LOOP('',(#7115,#7116));
#969=EDGE_LOOP('',(#7117,#7118,#7119));
#970=EDGE_LOOP('',(#7120,#7121,#7122,#7123,#7124,#7125));
#971=EDGE_LOOP('',(#7126,#7127,#7128,#7129));
#972=EDGE_LOOP('',(#7130,#7131,#7132,#7133));
#973=EDGE_LOOP('',(#7134,#7135,#7136,#7137));
#974=EDGE_LOOP('',(#7138,#7139,#7140,#7141));
#975=EDGE_LOOP('',(#7142,#7143,#7144,#7145,#7146,#7147,#7148));
#976=EDGE_LOOP('',(#7149,#7150));
#977=EDGE_LOOP('',(#7151,#7152,#7153,#7154,#7155,#7156));
#978=EDGE_LOOP('',(#7157,#7158,#7159,#7160));
#979=EDGE_LOOP('',(#7161,#7162,#7163,#7164));
#980=EDGE_LOOP('',(#7165,#7166,#7167,#7168,#7169,#7170,#7171,#7172,#7173,
#7174,#7175,#7176,#7177,#7178,#7179,#7180,#7181,#7182,#7183,#7184,#7185));
#981=EDGE_LOOP('',(#7186,#7187,#7188,#7189));
#982=EDGE_LOOP('',(#7190,#7191,#7192,#7193));
#983=EDGE_LOOP('',(#7194,#7195,#7196,#7197));
#984=EDGE_LOOP('',(#7198,#7199,#7200,#7201,#7202));
#985=EDGE_LOOP('',(#7203,#7204,#7205,#7206));
#986=EDGE_LOOP('',(#7207,#7208,#7209,#7210));
#987=EDGE_LOOP('',(#7211,#7212,#7213,#7214));
#988=EDGE_LOOP('',(#7215,#7216,#7217,#7218));
#989=EDGE_LOOP('',(#7219,#7220,#7221,#7222));
#990=EDGE_LOOP('',(#7223,#7224,#7225,#7226));
#991=EDGE_LOOP('',(#7227,#7228,#7229,#7230));
#992=EDGE_LOOP('',(#7231,#7232,#7233,#7234));
#993=EDGE_LOOP('',(#7235,#7236,#7237,#7238,#7239));
#994=EDGE_LOOP('',(#7240,#7241,#7242,#7243,#7244));
#995=EDGE_LOOP('',(#7245,#7246,#7247,#7248));
#996=EDGE_LOOP('',(#7249,#7250,#7251,#7252));
#997=EDGE_LOOP('',(#7253,#7254,#7255,#7256,#7257,#7258,#7259,#7260,#7261,
#7262,#7263,#7264));
#998=EDGE_LOOP('',(#7265,#7266,#7267,#7268,#7269));
#999=EDGE_LOOP('',(#7270,#7271,#7272,#7273));
#1000=EDGE_LOOP('',(#7274,#7275,#7276,#7277));
#1001=EDGE_LOOP('',(#7278,#7279,#7280,#7281));
#1002=EDGE_LOOP('',(#7282,#7283,#7284,#7285));
#1003=EDGE_LOOP('',(#7286,#7287,#7288,#7289));
#1004=EDGE_LOOP('',(#7290,#7291,#7292,#7293));
#1005=EDGE_LOOP('',(#7294,#7295,#7296,#7297));
#1006=EDGE_LOOP('',(#7298,#7299,#7300,#7301));
#1007=EDGE_LOOP('',(#7302,#7303,#7304,#7305,#7306,#7307,#7308,#7309));
#1008=EDGE_LOOP('',(#7310,#7311,#7312,#7313));
#1009=EDGE_LOOP('',(#7314,#7315,#7316,#7317));
#1010=EDGE_LOOP('',(#7318,#7319,#7320,#7321));
#1011=EDGE_LOOP('',(#7322,#7323,#7324,#7325));
#1012=EDGE_LOOP('',(#7326,#7327,#7328,#7329));
#1013=EDGE_LOOP('',(#7330,#7331,#7332,#7333));
#1014=EDGE_LOOP('',(#7334,#7335,#7336,#7337));
#1015=EDGE_LOOP('',(#7338,#7339,#7340,#7341));
#1016=EDGE_LOOP('',(#7342,#7343,#7344,#7345,#7346,#7347,#7348,#7349,#7350,
#7351,#7352));
#1017=EDGE_LOOP('',(#7353,#7354,#7355,#7356));
#1018=EDGE_LOOP('',(#7357,#7358,#7359,#7360));
#1019=EDGE_LOOP('',(#7361,#7362,#7363,#7364));
#1020=EDGE_LOOP('',(#7365,#7366,#7367,#7368));
#1021=EDGE_LOOP('',(#7369,#7370,#7371,#7372));
#1022=EDGE_LOOP('',(#7373,#7374,#7375,#7376));
#1023=EDGE_LOOP('',(#7377,#7378,#7379,#7380));
#1024=EDGE_LOOP('',(#7381,#7382,#7383,#7384));
#1025=EDGE_LOOP('',(#7385,#7386,#7387,#7388));
#1026=EDGE_LOOP('',(#7389,#7390,#7391,#7392));
#1027=EDGE_LOOP('',(#7393,#7394,#7395,#7396,#7397,#7398,#7399,#7400,#7401,
#7402,#7403));
#1028=EDGE_LOOP('',(#7404,#7405,#7406,#7407));
#1029=EDGE_LOOP('',(#7408,#7409,#7410,#7411));
#1030=EDGE_LOOP('',(#7412,#7413,#7414,#7415));
#1031=EDGE_LOOP('',(#7416,#7417,#7418,#7419));
#1032=EDGE_LOOP('',(#7420,#7421,#7422,#7423));
#1033=EDGE_LOOP('',(#7424,#7425,#7426,#7427));
#1034=EDGE_LOOP('',(#7428,#7429,#7430,#7431));
#1035=EDGE_LOOP('',(#7432,#7433,#7434,#7435));
#1036=EDGE_LOOP('',(#7436,#7437,#7438,#7439));
#1037=EDGE_LOOP('',(#7440,#7441,#7442,#7443));
#1038=EDGE_LOOP('',(#7444,#7445,#7446,#7447));
#1039=EDGE_LOOP('',(#7448,#7449,#7450,#7451));
#1040=EDGE_LOOP('',(#7452,#7453,#7454,#7455));
#1041=EDGE_LOOP('',(#7456,#7457,#7458,#7459));
#1042=EDGE_LOOP('',(#7460,#7461,#7462,#7463,#7464));
#1043=EDGE_LOOP('',(#7465,#7466,#7467));
#1044=EDGE_LOOP('',(#7468,#7469,#7470,#7471,#7472,#7473,#7474,#7475,#7476,
#7477,#7478,#7479,#7480,#7481,#7482,#7483,#7484,#7485,#7486,#7487,#7488,
#7489,#7490,#7491,#7492,#7493,#7494,#7495,#7496,#7497,#7498,#7499,#7500));
#1045=EDGE_LOOP('',(#7501,#7502,#7503,#7504,#7505,#7506,#7507,#7508,#7509,
#7510,#7511,#7512,#7513,#7514,#7515,#7516,#7517,#7518,#7519,#7520,#7521,
#7522,#7523,#7524));
#1046=EDGE_LOOP('',(#7525,#7526,#7527,#7528,#7529,#7530,#7531,#7532,#7533,
#7534,#7535,#7536));
#1047=EDGE_LOOP('',(#7537,#7538,#7539,#7540,#7541,#7542,#7543,#7544,#7545,
#7546,#7547,#7548,#7549,#7550,#7551,#7552,#7553,#7554,#7555,#7556,#7557,
#7558,#7559,#7560,#7561,#7562,#7563,#7564,#7565,#7566,#7567,#7568,#7569,
#7570,#7571,#7572,#7573,#7574,#7575,#7576,#7577,#7578,#7579,#7580,#7581,
#7582,#7583,#7584,#7585,#7586,#7587,#7588,#7589,#7590,#7591,#7592,#7593,
#7594,#7595,#7596));
#1048=EDGE_LOOP('',(#7597,#7598,#7599,#7600,#7601,#7602,#7603,#7604,#7605,
#7606,#7607,#7608,#7609,#7610,#7611,#7612,#7613,#7614,#7615,#7616,#7617,
#7618,#7619,#7620,#7621,#7622,#7623,#7624,#7625,#7626,#7627,#7628,#7629,
#7630,#7631,#7632,#7633,#7634,#7635,#7636,#7637,#7638,#7639,#7640,#7641,
#7642,#7643,#7644,#7645,#7646,#7647,#7648,#7649,#7650,#7651,#7652,#7653,
#7654,#7655,#7656,#7657,#7658,#7659,#7660,#7661,#7662,#7663,#7664,#7665,
#7666,#7667,#7668,#7669,#7670,#7671,#7672,#7673,#7674));
#1049=EDGE_LOOP('',(#7675,#7676,#7677,#7678,#7679,#7680,#7681,#7682,#7683,
#7684,#7685,#7686,#7687,#7688,#7689,#7690,#7691,#7692,#7693,#7694,#7695,
#7696,#7697,#7698,#7699,#7700,#7701,#7702,#7703,#7704,#7705,#7706,#7707,
#7708,#7709,#7710));
#1050=EDGE_LOOP('',(#7711,#7712,#7713,#7714,#7715,#7716,#7717,#7718,#7719,
#7720,#7721,#7722,#7723,#7724,#7725,#7726,#7727,#7728,#7729,#7730,#7731,
#7732,#7733,#7734,#7735,#7736,#7737));
#1051=EDGE_LOOP('',(#7738,#7739,#7740,#7741,#7742,#7743,#7744,#7745,#7746,
#7747));
#1052=EDGE_LOOP('',(#7748,#7749,#7750,#7751));
#1053=EDGE_LOOP('',(#7752,#7753,#7754,#7755));
#1054=EDGE_LOOP('',(#7756,#7757,#7758,#7759));
#1055=EDGE_LOOP('',(#7760,#7761,#7762,#7763));
#1056=EDGE_LOOP('',(#7764,#7765,#7766,#7767));
#1057=EDGE_LOOP('',(#7768,#7769,#7770,#7771));
#1058=EDGE_LOOP('',(#7772,#7773,#7774,#7775));
#1059=EDGE_LOOP('',(#7776,#7777,#7778,#7779));
#1060=EDGE_LOOP('',(#7780,#7781,#7782,#7783));
#1061=EDGE_LOOP('',(#7784,#7785,#7786,#7787));
#1062=EDGE_LOOP('',(#7788,#7789,#7790,#7791));
#1063=EDGE_LOOP('',(#7792,#7793,#7794,#7795));
#1064=EDGE_LOOP('',(#7796,#7797,#7798,#7799));
#1065=EDGE_LOOP('',(#7800,#7801,#7802,#7803));
#1066=EDGE_LOOP('',(#7804,#7805,#7806,#7807));
#1067=EDGE_LOOP('',(#7808,#7809,#7810,#7811));
#1068=EDGE_LOOP('',(#7812,#7813,#7814,#7815));
#1069=EDGE_LOOP('',(#7816,#7817,#7818,#7819));
#1070=EDGE_LOOP('',(#7820,#7821,#7822,#7823));
#1071=EDGE_LOOP('',(#7824,#7825,#7826,#7827));
#1072=EDGE_LOOP('',(#7828,#7829,#7830,#7831));
#1073=EDGE_LOOP('',(#7832,#7833,#7834,#7835));
#1074=EDGE_LOOP('',(#7836,#7837,#7838,#7839));
#1075=EDGE_LOOP('',(#7840,#7841,#7842,#7843));
#1076=EDGE_LOOP('',(#7844,#7845,#7846,#7847));
#1077=EDGE_LOOP('',(#7848,#7849,#7850,#7851));
#1078=EDGE_LOOP('',(#7852,#7853,#7854,#7855));
#1079=EDGE_LOOP('',(#7856,#7857,#7858,#7859));
#1080=EDGE_LOOP('',(#7860,#7861,#7862,#7863));
#1081=EDGE_LOOP('',(#7864,#7865,#7866,#7867));
#1082=EDGE_LOOP('',(#7868,#7869,#7870,#7871));
#1083=EDGE_LOOP('',(#7872,#7873,#7874,#7875));
#1084=EDGE_LOOP('',(#7876,#7877,#7878,#7879));
#1085=EDGE_LOOP('',(#7880,#7881,#7882,#7883));
#1086=EDGE_LOOP('',(#7884,#7885,#7886,#7887));
#1087=EDGE_LOOP('',(#7888,#7889,#7890,#7891));
#1088=EDGE_LOOP('',(#7892,#7893,#7894,#7895));
#1089=EDGE_LOOP('',(#7896,#7897,#7898,#7899));
#1090=EDGE_LOOP('',(#7900,#7901,#7902,#7903));
#1091=EDGE_LOOP('',(#7904,#7905,#7906,#7907));
#1092=EDGE_LOOP('',(#7908,#7909,#7910,#7911));
#1093=EDGE_LOOP('',(#7912,#7913,#7914,#7915));
#1094=EDGE_LOOP('',(#7916,#7917,#7918,#7919));
#1095=EDGE_LOOP('',(#7920,#7921,#7922,#7923));
#1096=EDGE_LOOP('',(#7924,#7925,#7926,#7927));
#1097=EDGE_LOOP('',(#7928,#7929,#7930,#7931));
#1098=EDGE_LOOP('',(#7932,#7933,#7934,#7935));
#1099=EDGE_LOOP('',(#7936,#7937,#7938,#7939));
#1100=EDGE_LOOP('',(#7940,#7941,#7942,#7943));
#1101=EDGE_LOOP('',(#7944,#7945,#7946,#7947));
#1102=EDGE_LOOP('',(#7948,#7949,#7950,#7951));
#1103=EDGE_LOOP('',(#7952,#7953,#7954,#7955));
#1104=EDGE_LOOP('',(#7956,#7957,#7958,#7959));
#1105=EDGE_LOOP('',(#7960,#7961,#7962,#7963));
#1106=EDGE_LOOP('',(#7964,#7965,#7966,#7967));
#1107=EDGE_LOOP('',(#7968,#7969,#7970,#7971));
#1108=EDGE_LOOP('',(#7972,#7973,#7974,#7975));
#1109=EDGE_LOOP('',(#7976,#7977,#7978,#7979));
#1110=EDGE_LOOP('',(#7980,#7981,#7982,#7983));
#1111=EDGE_LOOP('',(#7984,#7985,#7986,#7987));
#1112=EDGE_LOOP('',(#7988,#7989,#7990,#7991));
#1113=EDGE_LOOP('',(#7992,#7993,#7994,#7995));
#1114=EDGE_LOOP('',(#7996,#7997,#7998,#7999));
#1115=EDGE_LOOP('',(#8000,#8001,#8002,#8003));
#1116=EDGE_LOOP('',(#8004,#8005,#8006,#8007));
#1117=EDGE_LOOP('',(#8008,#8009,#8010,#8011));
#1118=EDGE_LOOP('',(#8012,#8013,#8014,#8015));
#1119=EDGE_LOOP('',(#8016,#8017,#8018,#8019));
#1120=EDGE_LOOP('',(#8020,#8021,#8022,#8023));
#1121=EDGE_LOOP('',(#8024,#8025,#8026,#8027));
#1122=EDGE_LOOP('',(#8028,#8029,#8030,#8031));
#1123=EDGE_LOOP('',(#8032,#8033,#8034,#8035));
#1124=EDGE_LOOP('',(#8036,#8037,#8038,#8039));
#1125=EDGE_LOOP('',(#8040,#8041,#8042,#8043));
#1126=EDGE_LOOP('',(#8044,#8045,#8046,#8047));
#1127=EDGE_LOOP('',(#8048,#8049,#8050,#8051));
#1128=EDGE_LOOP('',(#8052,#8053,#8054,#8055));
#1129=EDGE_LOOP('',(#8056,#8057,#8058,#8059));
#1130=EDGE_LOOP('',(#8060,#8061,#8062,#8063));
#1131=EDGE_LOOP('',(#8064,#8065,#8066,#8067));
#1132=EDGE_LOOP('',(#8068,#8069,#8070,#8071));
#1133=EDGE_LOOP('',(#8072,#8073,#8074,#8075));
#1134=EDGE_LOOP('',(#8076,#8077,#8078,#8079));
#1135=EDGE_LOOP('',(#8080,#8081,#8082,#8083));
#1136=EDGE_LOOP('',(#8084,#8085,#8086,#8087));
#1137=EDGE_LOOP('',(#8088,#8089,#8090,#8091));
#1138=EDGE_LOOP('',(#8092,#8093,#8094,#8095));
#1139=EDGE_LOOP('',(#8096,#8097,#8098,#8099));
#1140=EDGE_LOOP('',(#8100,#8101,#8102,#8103));
#1141=EDGE_LOOP('',(#8104,#8105,#8106,#8107));
#1142=EDGE_LOOP('',(#8108,#8109,#8110,#8111));
#1143=EDGE_LOOP('',(#8112,#8113,#8114,#8115));
#1144=EDGE_LOOP('',(#8116,#8117,#8118,#8119));
#1145=EDGE_LOOP('',(#8120,#8121,#8122,#8123));
#1146=EDGE_LOOP('',(#8124,#8125,#8126,#8127));
#1147=EDGE_LOOP('',(#8128,#8129,#8130,#8131));
#1148=EDGE_LOOP('',(#8132,#8133,#8134,#8135));
#1149=EDGE_LOOP('',(#8136,#8137,#8138,#8139));
#1150=EDGE_LOOP('',(#8140,#8141,#8142,#8143));
#1151=EDGE_LOOP('',(#8144,#8145,#8146,#8147));
#1152=EDGE_LOOP('',(#8148,#8149,#8150,#8151));
#1153=EDGE_LOOP('',(#8152,#8153,#8154,#8155));
#1154=EDGE_LOOP('',(#8156,#8157,#8158,#8159));
#1155=EDGE_LOOP('',(#8160,#8161,#8162,#8163));
#1156=EDGE_LOOP('',(#8164,#8165,#8166,#8167));
#1157=EDGE_LOOP('',(#8168,#8169,#8170,#8171));
#1158=EDGE_LOOP('',(#8172,#8173,#8174,#8175));
#1159=EDGE_LOOP('',(#8176,#8177,#8178,#8179));
#1160=EDGE_LOOP('',(#8180,#8181,#8182,#8183));
#1161=EDGE_LOOP('',(#8184,#8185,#8186,#8187));
#1162=EDGE_LOOP('',(#8188,#8189,#8190,#8191));
#1163=EDGE_LOOP('',(#8192,#8193,#8194,#8195));
#1164=EDGE_LOOP('',(#8196,#8197,#8198,#8199));
#1165=EDGE_LOOP('',(#8200,#8201,#8202,#8203));
#1166=EDGE_LOOP('',(#8204,#8205,#8206,#8207));
#1167=EDGE_LOOP('',(#8208,#8209,#8210,#8211));
#1168=EDGE_LOOP('',(#8212,#8213,#8214,#8215));
#1169=EDGE_LOOP('',(#8216,#8217,#8218,#8219));
#1170=EDGE_LOOP('',(#8220,#8221,#8222,#8223));
#1171=EDGE_LOOP('',(#8224,#8225,#8226,#8227));
#1172=EDGE_LOOP('',(#8228,#8229,#8230,#8231));
#1173=EDGE_LOOP('',(#8232,#8233,#8234,#8235));
#1174=EDGE_LOOP('',(#8236,#8237,#8238,#8239));
#1175=EDGE_LOOP('',(#8240,#8241,#8242,#8243));
#1176=EDGE_LOOP('',(#8244,#8245,#8246,#8247));
#1177=EDGE_LOOP('',(#8248,#8249,#8250,#8251));
#1178=EDGE_LOOP('',(#8252,#8253,#8254,#8255));
#1179=EDGE_LOOP('',(#8256,#8257,#8258,#8259));
#1180=EDGE_LOOP('',(#8260,#8261,#8262,#8263));
#1181=EDGE_LOOP('',(#8264,#8265,#8266,#8267));
#1182=EDGE_LOOP('',(#8268,#8269,#8270,#8271));
#1183=EDGE_LOOP('',(#8272,#8273,#8274,#8275));
#1184=EDGE_LOOP('',(#8276,#8277,#8278,#8279));
#1185=EDGE_LOOP('',(#8280,#8281,#8282,#8283));
#1186=EDGE_LOOP('',(#8284,#8285,#8286,#8287));
#1187=EDGE_LOOP('',(#8288,#8289,#8290,#8291));
#1188=EDGE_LOOP('',(#8292,#8293,#8294,#8295));
#1189=EDGE_LOOP('',(#8296,#8297,#8298,#8299));
#1190=EDGE_LOOP('',(#8300,#8301,#8302,#8303));
#1191=EDGE_LOOP('',(#8304,#8305,#8306,#8307));
#1192=EDGE_LOOP('',(#8308,#8309,#8310,#8311));
#1193=EDGE_LOOP('',(#8312,#8313,#8314,#8315));
#1194=EDGE_LOOP('',(#8316,#8317,#8318,#8319));
#1195=EDGE_LOOP('',(#8320,#8321,#8322,#8323));
#1196=EDGE_LOOP('',(#8324,#8325,#8326,#8327));
#1197=EDGE_LOOP('',(#8328,#8329,#8330,#8331));
#1198=EDGE_LOOP('',(#8332,#8333,#8334,#8335));
#1199=EDGE_LOOP('',(#8336,#8337,#8338,#8339));
#1200=EDGE_LOOP('',(#8340,#8341,#8342,#8343));
#1201=EDGE_LOOP('',(#8344,#8345,#8346,#8347));
#1202=EDGE_LOOP('',(#8348,#8349,#8350,#8351));
#1203=EDGE_LOOP('',(#8352,#8353,#8354,#8355));
#1204=EDGE_LOOP('',(#8356,#8357,#8358,#8359));
#1205=EDGE_LOOP('',(#8360,#8361,#8362,#8363));
#1206=EDGE_LOOP('',(#8364,#8365,#8366,#8367));
#1207=EDGE_LOOP('',(#8368,#8369,#8370,#8371));
#1208=EDGE_LOOP('',(#8372,#8373,#8374,#8375));
#1209=EDGE_LOOP('',(#8376,#8377,#8378,#8379));
#1210=EDGE_LOOP('',(#8380,#8381,#8382,#8383));
#1211=EDGE_LOOP('',(#8384,#8385,#8386,#8387));
#1212=EDGE_LOOP('',(#8388,#8389,#8390,#8391));
#1213=EDGE_LOOP('',(#8392,#8393,#8394,#8395));
#1214=EDGE_LOOP('',(#8396,#8397,#8398,#8399));
#1215=EDGE_LOOP('',(#8400,#8401,#8402,#8403));
#1216=EDGE_LOOP('',(#8404,#8405,#8406,#8407));
#1217=EDGE_LOOP('',(#8408,#8409,#8410,#8411));
#1218=EDGE_LOOP('',(#8412,#8413,#8414,#8415));
#1219=EDGE_LOOP('',(#8416,#8417,#8418,#8419));
#1220=EDGE_LOOP('',(#8420,#8421,#8422,#8423));
#1221=EDGE_LOOP('',(#8424,#8425,#8426,#8427));
#1222=EDGE_LOOP('',(#8428,#8429,#8430,#8431));
#1223=EDGE_LOOP('',(#8432,#8433,#8434,#8435));
#1224=EDGE_LOOP('',(#8436,#8437,#8438,#8439));
#1225=EDGE_LOOP('',(#8440,#8441,#8442,#8443));
#1226=EDGE_LOOP('',(#8444,#8445,#8446,#8447));
#1227=EDGE_LOOP('',(#8448,#8449,#8450,#8451));
#1228=EDGE_LOOP('',(#8452,#8453,#8454,#8455));
#1229=EDGE_LOOP('',(#8456,#8457,#8458,#8459));
#1230=EDGE_LOOP('',(#8460,#8461,#8462,#8463));
#1231=EDGE_LOOP('',(#8464,#8465,#8466,#8467));
#1232=EDGE_LOOP('',(#8468,#8469,#8470,#8471));
#1233=EDGE_LOOP('',(#8472,#8473,#8474,#8475));
#1234=EDGE_LOOP('',(#8476,#8477,#8478,#8479));
#1235=EDGE_LOOP('',(#8480,#8481,#8482,#8483));
#1236=EDGE_LOOP('',(#8484,#8485,#8486,#8487));
#1237=EDGE_LOOP('',(#8488,#8489,#8490,#8491));
#1238=EDGE_LOOP('',(#8492,#8493,#8494,#8495));
#1239=EDGE_LOOP('',(#8496,#8497,#8498,#8499));
#1240=EDGE_LOOP('',(#8500,#8501,#8502,#8503));
#1241=EDGE_LOOP('',(#8504,#8505,#8506,#8507));
#1242=EDGE_LOOP('',(#8508,#8509,#8510,#8511));
#1243=EDGE_LOOP('',(#8512,#8513,#8514,#8515));
#1244=EDGE_LOOP('',(#8516,#8517,#8518,#8519));
#1245=EDGE_LOOP('',(#8520,#8521,#8522,#8523));
#1246=EDGE_LOOP('',(#8524,#8525,#8526,#8527));
#1247=EDGE_LOOP('',(#8528,#8529,#8530,#8531));
#1248=EDGE_LOOP('',(#8532,#8533,#8534,#8535));
#1249=EDGE_LOOP('',(#8536,#8537,#8538,#8539));
#1250=EDGE_LOOP('',(#8540,#8541,#8542,#8543));
#1251=EDGE_LOOP('',(#8544,#8545,#8546,#8547));
#1252=EDGE_LOOP('',(#8548,#8549,#8550,#8551));
#1253=EDGE_LOOP('',(#8552,#8553,#8554,#8555));
#1254=EDGE_LOOP('',(#8556,#8557,#8558,#8559));
#1255=EDGE_LOOP('',(#8560,#8561,#8562,#8563));
#1256=EDGE_LOOP('',(#8564,#8565,#8566,#8567));
#1257=EDGE_LOOP('',(#8568,#8569,#8570,#8571));
#1258=EDGE_LOOP('',(#8572,#8573,#8574,#8575));
#1259=EDGE_LOOP('',(#8576,#8577,#8578,#8579));
#1260=EDGE_LOOP('',(#8580,#8581,#8582,#8583));
#1261=EDGE_LOOP('',(#8584,#8585,#8586,#8587));
#1262=EDGE_LOOP('',(#8588,#8589,#8590,#8591));
#1263=EDGE_LOOP('',(#8592,#8593,#8594,#8595));
#1264=EDGE_LOOP('',(#8596,#8597,#8598,#8599));
#1265=EDGE_LOOP('',(#8600,#8601,#8602,#8603));
#1266=EDGE_LOOP('',(#8604,#8605,#8606,#8607));
#1267=EDGE_LOOP('',(#8608,#8609,#8610,#8611));
#1268=EDGE_LOOP('',(#8612,#8613,#8614,#8615));
#1269=EDGE_LOOP('',(#8616,#8617,#8618,#8619));
#1270=EDGE_LOOP('',(#8620,#8621,#8622,#8623));
#1271=EDGE_LOOP('',(#8624,#8625,#8626,#8627));
#1272=EDGE_LOOP('',(#8628,#8629,#8630,#8631));
#1273=EDGE_LOOP('',(#8632,#8633,#8634,#8635));
#1274=EDGE_LOOP('',(#8636,#8637,#8638,#8639));
#1275=EDGE_LOOP('',(#8640,#8641,#8642,#8643));
#1276=EDGE_LOOP('',(#8644,#8645,#8646,#8647));
#1277=EDGE_LOOP('',(#8648,#8649,#8650,#8651));
#1278=EDGE_LOOP('',(#8652,#8653,#8654,#8655));
#1279=EDGE_LOOP('',(#8656,#8657,#8658,#8659));
#1280=EDGE_LOOP('',(#8660,#8661,#8662,#8663));
#1281=EDGE_LOOP('',(#8664,#8665,#8666,#8667));
#1282=EDGE_LOOP('',(#8668,#8669,#8670,#8671));
#1283=EDGE_LOOP('',(#8672,#8673,#8674,#8675));
#1284=EDGE_LOOP('',(#8676,#8677,#8678,#8679));
#1285=EDGE_LOOP('',(#8680,#8681,#8682,#8683));
#1286=EDGE_LOOP('',(#8684,#8685,#8686,#8687));
#1287=EDGE_LOOP('',(#8688,#8689,#8690,#8691));
#1288=EDGE_LOOP('',(#8692,#8693,#8694,#8695));
#1289=EDGE_LOOP('',(#8696,#8697,#8698,#8699));
#1290=EDGE_LOOP('',(#8700,#8701,#8702,#8703));
#1291=EDGE_LOOP('',(#8704,#8705,#8706,#8707));
#1292=EDGE_LOOP('',(#8708,#8709,#8710,#8711));
#1293=EDGE_LOOP('',(#8712,#8713,#8714,#8715));
#1294=EDGE_LOOP('',(#8716,#8717,#8718,#8719));
#1295=EDGE_LOOP('',(#8720,#8721,#8722,#8723));
#1296=EDGE_LOOP('',(#8724,#8725,#8726,#8727));
#1297=EDGE_LOOP('',(#8728,#8729,#8730,#8731));
#1298=EDGE_LOOP('',(#8732,#8733,#8734,#8735));
#1299=EDGE_LOOP('',(#8736,#8737,#8738,#8739));
#1300=EDGE_LOOP('',(#8740,#8741,#8742,#8743));
#1301=EDGE_LOOP('',(#8744,#8745,#8746,#8747));
#1302=EDGE_LOOP('',(#8748,#8749,#8750,#8751));
#1303=EDGE_LOOP('',(#8752,#8753,#8754,#8755));
#1304=EDGE_LOOP('',(#8756,#8757,#8758,#8759));
#1305=EDGE_LOOP('',(#8760,#8761,#8762,#8763));
#1306=EDGE_LOOP('',(#8764,#8765,#8766,#8767));
#1307=EDGE_LOOP('',(#8768,#8769,#8770,#8771));
#1308=EDGE_LOOP('',(#8772,#8773,#8774,#8775));
#1309=EDGE_LOOP('',(#8776,#8777,#8778,#8779));
#1310=EDGE_LOOP('',(#8780,#8781,#8782,#8783));
#1311=EDGE_LOOP('',(#8784,#8785,#8786,#8787));
#1312=EDGE_LOOP('',(#8788,#8789,#8790,#8791));
#1313=EDGE_LOOP('',(#8792,#8793,#8794,#8795));
#1314=EDGE_LOOP('',(#8796,#8797,#8798,#8799));
#1315=EDGE_LOOP('',(#8800,#8801,#8802,#8803));
#1316=EDGE_LOOP('',(#8804,#8805,#8806,#8807));
#1317=EDGE_LOOP('',(#8808,#8809,#8810,#8811));
#1318=EDGE_LOOP('',(#8812,#8813,#8814,#8815));
#1319=EDGE_LOOP('',(#8816,#8817,#8818,#8819));
#1320=EDGE_LOOP('',(#8820,#8821,#8822,#8823));
#1321=EDGE_LOOP('',(#8824,#8825,#8826,#8827));
#1322=EDGE_LOOP('',(#8828,#8829,#8830,#8831));
#1323=EDGE_LOOP('',(#8832,#8833,#8834,#8835));
#1324=EDGE_LOOP('',(#8836,#8837,#8838,#8839));
#1325=EDGE_LOOP('',(#8840,#8841,#8842,#8843));
#1326=EDGE_LOOP('',(#8844,#8845,#8846,#8847));
#1327=EDGE_LOOP('',(#8848,#8849,#8850,#8851));
#1328=EDGE_LOOP('',(#8852,#8853,#8854,#8855));
#1329=EDGE_LOOP('',(#8856,#8857,#8858,#8859));
#1330=EDGE_LOOP('',(#8860,#8861,#8862,#8863));
#1331=EDGE_LOOP('',(#8864,#8865,#8866,#8867));
#1332=EDGE_LOOP('',(#8868,#8869,#8870,#8871));
#1333=EDGE_LOOP('',(#8872,#8873,#8874,#8875));
#1334=LINE('',#13508,#2549);
#1335=LINE('',#13510,#2550);
#1336=LINE('',#13512,#2551);
#1337=LINE('',#13513,#2552);
#1338=LINE('',#13516,#2553);
#1339=LINE('',#13518,#2554);
#1340=LINE('',#13520,#2555);
#1341=LINE('',#13522,#2556);
#1342=LINE('',#13523,#2557);
#1343=LINE('',#13526,#2558);
#1344=LINE('',#13527,#2559);
#1345=LINE('',#13530,#2560);
#1346=LINE('',#13532,#2561);
#1347=LINE('',#13534,#2562);
#1348=LINE('',#13535,#2563);
#1349=LINE('',#13537,#2564);
#1350=LINE('',#13539,#2565);
#1351=LINE('',#13541,#2566);
#1352=LINE('',#13546,#2567);
#1353=LINE('',#13548,#2568);
#1354=LINE('',#13550,#2569);
#1355=LINE('',#13552,#2570);
#1356=LINE('',#13554,#2571);
#1357=LINE('',#13555,#2572);
#1358=LINE('',#13558,#2573);
#1359=LINE('',#13560,#2574);
#1360=LINE('',#13561,#2575);
#1361=LINE('',#13564,#2576);
#1362=LINE('',#13565,#2577);
#1363=LINE('',#13568,#2578);
#1364=LINE('',#13569,#2579);
#1365=LINE('',#13572,#2580);
#1366=LINE('',#13573,#2581);
#1367=LINE('',#13576,#2582);
#1368=LINE('',#13577,#2583);
#1369=LINE('',#13579,#2584);
#1370=LINE('',#13584,#2585);
#1371=LINE('',#13586,#2586);
#1372=LINE('',#13588,#2587);
#1373=LINE('',#13589,#2588);
#1374=LINE('',#13593,#2589);
#1375=LINE('',#13600,#2590);
#1376=LINE('',#13602,#2591);
#1377=LINE('',#13606,#2592);
#1378=LINE('',#13608,#2593);
#1379=LINE('',#13610,#2594);
#1380=LINE('',#13612,#2595);
#1381=LINE('',#13614,#2596);
#1382=LINE('',#13616,#2597);
#1383=LINE('',#13620,#2598);
#1384=LINE('',#13622,#2599);
#1385=LINE('',#13624,#2600);
#1386=LINE('',#13626,#2601);
#1387=LINE('',#13628,#2602);
#1388=LINE('',#13632,#2603);
#1389=LINE('',#13634,#2604);
#1390=LINE('',#13638,#2605);
#1391=LINE('',#13640,#2606);
#1392=LINE('',#13642,#2607);
#1393=LINE('',#13644,#2608);
#1394=LINE('',#13645,#2609);
#1395=LINE('',#13648,#2610);
#1396=LINE('',#13650,#2611);
#1397=LINE('',#13652,#2612);
#1398=LINE('',#13654,#2613);
#1399=LINE('',#13656,#2614);
#1400=LINE('',#13658,#2615);
#1401=LINE('',#13660,#2616);
#1402=LINE('',#13662,#2617);
#1403=LINE('',#13664,#2618);
#1404=LINE('',#13666,#2619);
#1405=LINE('',#13668,#2620);
#1406=LINE('',#13670,#2621);
#1407=LINE('',#13672,#2622);
#1408=LINE('',#13674,#2623);
#1409=LINE('',#13676,#2624);
#1410=LINE('',#13678,#2625);
#1411=LINE('',#13680,#2626);
#1412=LINE('',#13682,#2627);
#1413=LINE('',#13684,#2628);
#1414=LINE('',#13686,#2629);
#1415=LINE('',#13688,#2630);
#1416=LINE('',#13690,#2631);
#1417=LINE('',#13692,#2632);
#1418=LINE('',#13694,#2633);
#1419=LINE('',#13696,#2634);
#1420=LINE('',#13698,#2635);
#1421=LINE('',#13700,#2636);
#1422=LINE('',#13702,#2637);
#1423=LINE('',#13704,#2638);
#1424=LINE('',#13706,#2639);
#1425=LINE('',#13708,#2640);
#1426=LINE('',#13710,#2641);
#1427=LINE('',#13711,#2642);
#1428=LINE('',#13714,#2643);
#1429=LINE('',#13716,#2644);
#1430=LINE('',#13718,#2645);
#1431=LINE('',#13720,#2646);
#1432=LINE('',#13722,#2647);
#1433=LINE('',#13724,#2648);
#1434=LINE('',#13726,#2649);
#1435=LINE('',#13728,#2650);
#1436=LINE('',#13730,#2651);
#1437=LINE('',#13732,#2652);
#1438=LINE('',#13734,#2653);
#1439=LINE('',#13735,#2654);
#1440=LINE('',#13738,#2655);
#1441=LINE('',#13740,#2656);
#1442=LINE('',#13742,#2657);
#1443=LINE('',#13744,#2658);
#1444=LINE('',#13746,#2659);
#1445=LINE('',#13748,#2660);
#1446=LINE('',#13750,#2661);
#1447=LINE('',#13752,#2662);
#1448=LINE('',#13754,#2663);
#1449=LINE('',#13756,#2664);
#1450=LINE('',#13758,#2665);
#1451=LINE('',#13760,#2666);
#1452=LINE('',#13762,#2667);
#1453=LINE('',#13764,#2668);
#1454=LINE('',#13766,#2669);
#1455=LINE('',#13768,#2670);
#1456=LINE('',#13770,#2671);
#1457=LINE('',#13771,#2672);
#1458=LINE('',#13773,#2673);
#1459=LINE('',#13775,#2674);
#1460=LINE('',#13777,#2675);
#1461=LINE('',#13779,#2676);
#1462=LINE('',#13781,#2677);
#1463=LINE('',#13783,#2678);
#1464=LINE('',#13785,#2679);
#1465=LINE('',#13787,#2680);
#1466=LINE('',#13789,#2681);
#1467=LINE('',#13791,#2682);
#1468=LINE('',#13793,#2683);
#1469=LINE('',#13795,#2684);
#1470=LINE('',#13797,#2685);
#1471=LINE('',#13799,#2686);
#1472=LINE('',#13801,#2687);
#1473=LINE('',#13803,#2688);
#1474=LINE('',#13805,#2689);
#1475=LINE('',#13807,#2690);
#1476=LINE('',#13809,#2691);
#1477=LINE('',#13811,#2692);
#1478=LINE('',#13813,#2693);
#1479=LINE('',#13815,#2694);
#1480=LINE('',#13817,#2695);
#1481=LINE('',#13819,#2696);
#1482=LINE('',#13821,#2697);
#1483=LINE('',#13823,#2698);
#1484=LINE('',#13825,#2699);
#1485=LINE('',#13827,#2700);
#1486=LINE('',#13829,#2701);
#1487=LINE('',#13831,#2702);
#1488=LINE('',#13833,#2703);
#1489=LINE('',#13835,#2704);
#1490=LINE('',#13837,#2705);
#1491=LINE('',#13839,#2706);
#1492=LINE('',#13841,#2707);
#1493=LINE('',#13843,#2708);
#1494=LINE('',#13845,#2709);
#1495=LINE('',#13847,#2710);
#1496=LINE('',#13849,#2711);
#1497=LINE('',#13851,#2712);
#1498=LINE('',#13852,#2713);
#1499=LINE('',#13855,#2714);
#1500=LINE('',#13857,#2715);
#1501=LINE('',#13859,#2716);
#1502=LINE('',#13861,#2717);
#1503=LINE('',#13863,#2718);
#1504=LINE('',#13865,#2719);
#1505=LINE('',#13867,#2720);
#1506=LINE('',#13869,#2721);
#1507=LINE('',#13871,#2722);
#1508=LINE('',#13873,#2723);
#1509=LINE('',#13875,#2724);
#1510=LINE('',#13877,#2725);
#1511=LINE('',#13879,#2726);
#1512=LINE('',#13881,#2727);
#1513=LINE('',#13883,#2728);
#1514=LINE('',#13885,#2729);
#1515=LINE('',#13887,#2730);
#1516=LINE('',#13889,#2731);
#1517=LINE('',#13891,#2732);
#1518=LINE('',#13893,#2733);
#1519=LINE('',#13895,#2734);
#1520=LINE('',#13897,#2735);
#1521=LINE('',#13899,#2736);
#1522=LINE('',#13901,#2737);
#1523=LINE('',#13903,#2738);
#1524=LINE('',#13905,#2739);
#1525=LINE('',#13907,#2740);
#1526=LINE('',#13909,#2741);
#1527=LINE('',#13911,#2742);
#1528=LINE('',#13913,#2743);
#1529=LINE('',#13915,#2744);
#1530=LINE('',#13917,#2745);
#1531=LINE('',#13919,#2746);
#1532=LINE('',#13921,#2747);
#1533=LINE('',#13923,#2748);
#1534=LINE('',#13925,#2749);
#1535=LINE('',#13927,#2750);
#1536=LINE('',#13929,#2751);
#1537=LINE('',#13931,#2752);
#1538=LINE('',#13933,#2753);
#1539=LINE('',#13935,#2754);
#1540=LINE('',#13937,#2755);
#1541=LINE('',#13939,#2756);
#1542=LINE('',#13941,#2757);
#1543=LINE('',#13943,#2758);
#1544=LINE('',#13945,#2759);
#1545=LINE('',#13947,#2760);
#1546=LINE('',#13949,#2761);
#1547=LINE('',#13951,#2762);
#1548=LINE('',#13953,#2763);
#1549=LINE('',#13955,#2764);
#1550=LINE('',#13957,#2765);
#1551=LINE('',#13959,#2766);
#1552=LINE('',#13961,#2767);
#1553=LINE('',#13963,#2768);
#1554=LINE('',#13965,#2769);
#1555=LINE('',#13967,#2770);
#1556=LINE('',#13969,#2771);
#1557=LINE('',#13971,#2772);
#1558=LINE('',#13973,#2773);
#1559=LINE('',#13975,#2774);
#1560=LINE('',#13977,#2775);
#1561=LINE('',#13979,#2776);
#1562=LINE('',#13981,#2777);
#1563=LINE('',#13983,#2778);
#1564=LINE('',#13985,#2779);
#1565=LINE('',#13987,#2780);
#1566=LINE('',#13989,#2781);
#1567=LINE('',#13991,#2782);
#1568=LINE('',#13993,#2783);
#1569=LINE('',#13995,#2784);
#1570=LINE('',#13997,#2785);
#1571=LINE('',#13999,#2786);
#1572=LINE('',#14001,#2787);
#1573=LINE('',#14003,#2788);
#1574=LINE('',#14005,#2789);
#1575=LINE('',#14007,#2790);
#1576=LINE('',#14008,#2791);
#1577=LINE('',#14011,#2792);
#1578=LINE('',#14013,#2793);
#1579=LINE('',#14015,#2794);
#1580=LINE('',#14017,#2795);
#1581=LINE('',#14019,#2796);
#1582=LINE('',#14021,#2797);
#1583=LINE('',#14023,#2798);
#1584=LINE('',#14025,#2799);
#1585=LINE('',#14027,#2800);
#1586=LINE('',#14029,#2801);
#1587=LINE('',#14031,#2802);
#1588=LINE('',#14033,#2803);
#1589=LINE('',#14035,#2804);
#1590=LINE('',#14037,#2805);
#1591=LINE('',#14039,#2806);
#1592=LINE('',#14041,#2807);
#1593=LINE('',#14043,#2808);
#1594=LINE('',#14045,#2809);
#1595=LINE('',#14047,#2810);
#1596=LINE('',#14049,#2811);
#1597=LINE('',#14051,#2812);
#1598=LINE('',#14053,#2813);
#1599=LINE('',#14055,#2814);
#1600=LINE('',#14057,#2815);
#1601=LINE('',#14059,#2816);
#1602=LINE('',#14061,#2817);
#1603=LINE('',#14063,#2818);
#1604=LINE('',#14065,#2819);
#1605=LINE('',#14067,#2820);
#1606=LINE('',#14069,#2821);
#1607=LINE('',#14071,#2822);
#1608=LINE('',#14073,#2823);
#1609=LINE('',#14075,#2824);
#1610=LINE('',#14077,#2825);
#1611=LINE('',#14079,#2826);
#1612=LINE('',#14080,#2827);
#1613=LINE('',#14083,#2828);
#1614=LINE('',#14085,#2829);
#1615=LINE('',#14087,#2830);
#1616=LINE('',#14089,#2831);
#1617=LINE('',#14091,#2832);
#1618=LINE('',#14093,#2833);
#1619=LINE('',#14095,#2834);
#1620=LINE('',#14097,#2835);
#1621=LINE('',#14099,#2836);
#1622=LINE('',#14100,#2837);
#1623=LINE('',#14104,#2838);
#1624=LINE('',#14106,#2839);
#1625=LINE('',#14107,#2840);
#1626=LINE('',#14111,#2841);
#1627=LINE('',#14113,#2842);
#1628=LINE('',#14115,#2843);
#1629=LINE('',#14117,#2844);
#1630=LINE('',#14119,#2845);
#1631=LINE('',#14121,#2846);
#1632=LINE('',#14123,#2847);
#1633=LINE('',#14125,#2848);
#1634=LINE('',#14127,#2849);
#1635=LINE('',#14129,#2850);
#1636=LINE('',#14131,#2851);
#1637=LINE('',#14133,#2852);
#1638=LINE('',#14135,#2853);
#1639=LINE('',#14137,#2854);
#1640=LINE('',#14139,#2855);
#1641=LINE('',#14141,#2856);
#1642=LINE('',#14143,#2857);
#1643=LINE('',#14145,#2858);
#1644=LINE('',#14147,#2859);
#1645=LINE('',#14149,#2860);
#1646=LINE('',#14151,#2861);
#1647=LINE('',#14153,#2862);
#1648=LINE('',#14155,#2863);
#1649=LINE('',#14156,#2864);
#1650=LINE('',#14160,#2865);
#1651=LINE('',#14162,#2866);
#1652=LINE('',#14164,#2867);
#1653=LINE('',#14166,#2868);
#1654=LINE('',#14168,#2869);
#1655=LINE('',#14170,#2870);
#1656=LINE('',#14172,#2871);
#1657=LINE('',#14174,#2872);
#1658=LINE('',#14176,#2873);
#1659=LINE('',#14178,#2874);
#1660=LINE('',#14180,#2875);
#1661=LINE('',#14182,#2876);
#1662=LINE('',#14184,#2877);
#1663=LINE('',#14186,#2878);
#1664=LINE('',#14188,#2879);
#1665=LINE('',#14190,#2880);
#1666=LINE('',#14192,#2881);
#1667=LINE('',#14194,#2882);
#1668=LINE('',#14196,#2883);
#1669=LINE('',#14198,#2884);
#1670=LINE('',#14200,#2885);
#1671=LINE('',#14202,#2886);
#1672=LINE('',#14204,#2887);
#1673=LINE('',#14206,#2888);
#1674=LINE('',#14208,#2889);
#1675=LINE('',#14210,#2890);
#1676=LINE('',#14211,#2891);
#1677=LINE('',#14214,#2892);
#1678=LINE('',#14216,#2893);
#1679=LINE('',#14218,#2894);
#1680=LINE('',#14219,#2895);
#1681=LINE('',#14222,#2896);
#1682=LINE('',#14226,#2897);
#1683=LINE('',#14227,#2898);
#1684=LINE('',#14230,#2899);
#1685=LINE('',#14231,#2900);
#1686=LINE('',#14234,#2901);
#1687=LINE('',#14236,#2902);
#1688=LINE('',#14238,#2903);
#1689=LINE('',#14239,#2904);
#1690=LINE('',#14242,#2905);
#1691=LINE('',#14244,#2906);
#1692=LINE('',#14246,#2907);
#1693=LINE('',#14247,#2908);
#1694=LINE('',#14250,#2909);
#1695=LINE('',#14252,#2910);
#1696=LINE('',#14254,#2911);
#1697=LINE('',#14255,#2912);
#1698=LINE('',#14259,#2913);
#1699=LINE('',#14260,#2914);
#1700=LINE('',#14262,#2915);
#1701=LINE('',#14263,#2916);
#1702=LINE('',#14267,#2917);
#1703=LINE('',#14269,#2918);
#1704=LINE('',#14286,#2919);
#1705=LINE('',#14288,#2920);
#1706=LINE('',#14289,#2921);
#1707=LINE('',#14291,#2922);
#1708=LINE('',#14293,#2923);
#1709=LINE('',#14294,#2924);
#1710=LINE('',#14299,#2925);
#1711=LINE('',#14322,#2926);
#1712=LINE('',#14323,#2927);
#1713=LINE('',#14325,#2928);
#1714=LINE('',#14328,#2929);
#1715=LINE('',#14330,#2930);
#1716=LINE('',#14331,#2931);
#1717=LINE('',#14334,#2932);
#1718=LINE('',#14335,#2933);
#1719=LINE('',#14338,#2934);
#1720=LINE('',#14339,#2935);
#1721=LINE('',#14341,#2936);
#1722=LINE('',#14346,#2937);
#1723=LINE('',#14347,#2938);
#1724=LINE('',#14349,#2939);
#1725=LINE('',#14350,#2940);
#1726=LINE('',#14362,#2941);
#1727=LINE('',#14364,#2942);
#1728=LINE('',#14366,#2943);
#1729=LINE('',#14368,#2944);
#1730=LINE('',#14370,#2945);
#1731=LINE('',#14372,#2946);
#1732=LINE('',#14402,#2947);
#1733=LINE('',#14403,#2948);
#1734=LINE('',#14406,#2949);
#1735=LINE('',#14407,#2950);
#1736=LINE('',#14411,#2951);
#1737=LINE('',#14412,#2952);
#1738=LINE('',#14413,#2953);
#1739=LINE('',#14417,#2954);
#1740=LINE('',#14418,#2955);
#1741=LINE('',#14419,#2956);
#1742=LINE('',#14423,#2957);
#1743=LINE('',#14424,#2958);
#1744=LINE('',#14425,#2959);
#1745=LINE('',#14427,#2960);
#1746=LINE('',#14428,#2961);
#1747=LINE('',#14430,#2962);
#1748=LINE('',#14433,#2963);
#1749=LINE('',#14438,#2964);
#1750=LINE('',#14440,#2965);
#1751=LINE('',#14442,#2966);
#1752=LINE('',#14443,#2967);
#1753=LINE('',#14446,#2968);
#1754=LINE('',#14448,#2969);
#1755=LINE('',#14449,#2970);
#1756=LINE('',#14452,#2971);
#1757=LINE('',#14454,#2972);
#1758=LINE('',#14455,#2973);
#1759=LINE('',#14458,#2974);
#1760=LINE('',#14459,#2975);
#1761=LINE('',#14463,#2976);
#1762=LINE('',#14464,#2977);
#1763=LINE('',#14465,#2978);
#1764=LINE('',#14467,#2979);
#1765=LINE('',#14468,#2980);
#1766=LINE('',#14472,#2981);
#1767=LINE('',#14473,#2982);
#1768=LINE('',#14476,#2983);
#1769=LINE('',#14478,#2984);
#1770=LINE('',#14495,#2985);
#1771=LINE('',#14500,#2986);
#1772=LINE('',#14502,#2987);
#1773=LINE('',#14525,#2988);
#1774=LINE('',#14529,#2989);
#1775=LINE('',#14530,#2990);
#1776=LINE('',#14533,#2991);
#1777=LINE('',#14534,#2992);
#1778=LINE('',#14537,#2993);
#1779=LINE('',#14538,#2994);
#1780=LINE('',#14541,#2995);
#1781=LINE('',#14542,#2996);
#1782=LINE('',#14545,#2997);
#1783=LINE('',#14546,#2998);
#1784=LINE('',#14556,#2999);
#1785=LINE('',#14562,#3000);
#1786=LINE('',#14613,#3001);
#1787=LINE('',#14614,#3002);
#1788=LINE('',#14616,#3003);
#1789=LINE('',#14630,#3004);
#1790=LINE('',#14648,#3005);
#1791=LINE('',#14654,#3006);
#1792=LINE('',#14705,#3007);
#1793=LINE('',#14707,#3008);
#1794=LINE('',#14709,#3009);
#1795=LINE('',#14713,#3010);
#1796=LINE('',#14740,#3011);
#1797=LINE('',#14746,#3012);
#1798=LINE('',#14797,#3013);
#1799=LINE('',#14798,#3014);
#1800=LINE('',#14800,#3015);
#1801=LINE('',#14814,#3016);
#1802=LINE('',#14831,#3017);
#1803=LINE('',#14835,#3018);
#1804=LINE('',#14836,#3019);
#1805=LINE('',#14839,#3020);
#1806=LINE('',#14840,#3021);
#1807=LINE('',#14994,#3022);
#1808=LINE('',#14996,#3023);
#1809=LINE('',#14998,#3024);
#1810=LINE('',#15000,#3025);
#1811=LINE('',#15002,#3026);
#1812=LINE('',#15004,#3027);
#1813=LINE('',#15005,#3028);
#1814=LINE('',#15007,#3029);
#1815=LINE('',#15009,#3030);
#1816=LINE('',#15010,#3031);
#1817=LINE('',#15013,#3032);
#1818=LINE('',#15015,#3033);
#1819=LINE('',#15017,#3034);
#1820=LINE('',#15018,#3035);
#1821=LINE('',#15021,#3036);
#1822=LINE('',#15023,#3037);
#1823=LINE('',#15025,#3038);
#1824=LINE('',#15026,#3039);
#1825=LINE('',#15031,#3040);
#1826=LINE('',#15033,#3041);
#1827=LINE('',#15034,#3042);
#1828=LINE('',#15039,#3043);
#1829=LINE('',#15043,#3044);
#1830=LINE('',#15047,#3045);
#1831=LINE('',#15051,#3046);
#1832=LINE('',#15053,#3047);
#1833=LINE('',#15057,#3048);
#1834=LINE('',#15059,#3049);
#1835=LINE('',#15061,#3050);
#1836=LINE('',#15062,#3051);
#1837=LINE('',#15065,#3052);
#1838=LINE('',#15067,#3053);
#1839=LINE('',#15073,#3054);
#1840=LINE('',#15075,#3055);
#1841=LINE('',#15079,#3056);
#1842=LINE('',#15083,#3057);
#1843=LINE('',#15087,#3058);
#1844=LINE('',#15091,#3059);
#1845=LINE('',#15096,#3060);
#1846=LINE('',#15097,#3061);
#1847=LINE('',#15098,#3062);
#1848=LINE('',#15101,#3063);
#1849=LINE('',#15105,#3064);
#1850=LINE('',#15109,#3065);
#1851=LINE('',#15113,#3066);
#1852=LINE('',#15116,#3067);
#1853=LINE('',#15117,#3068);
#1854=LINE('',#15121,#3069);
#1855=LINE('',#15122,#3070);
#1856=LINE('',#15123,#3071);
#1857=LINE('',#15127,#3072);
#1858=LINE('',#15131,#3073);
#1859=LINE('',#15135,#3074);
#1860=LINE('',#15137,#3075);
#1861=LINE('',#15139,#3076);
#1862=LINE('',#15143,#3077);
#1863=LINE('',#15147,#3078);
#1864=LINE('',#15151,#3079);
#1865=LINE('',#15156,#3080);
#1866=LINE('',#15160,#3081);
#1867=LINE('',#15164,#3082);
#1868=LINE('',#15168,#3083);
#1869=LINE('',#15172,#3084);
#1870=LINE('',#15176,#3085);
#1871=LINE('',#15180,#3086);
#1872=LINE('',#15183,#3087);
#1873=LINE('',#15185,#3088);
#1874=LINE('',#15196,#3089);
#1875=LINE('',#15202,#3090);
#1876=LINE('',#15206,#3091);
#1877=LINE('',#15211,#3092);
#1878=LINE('',#15216,#3093);
#1879=LINE('',#15221,#3094);
#1880=LINE('',#15226,#3095);
#1881=LINE('',#15232,#3096);
#1882=LINE('',#15236,#3097);
#1883=LINE('',#15241,#3098);
#1884=LINE('',#15290,#3099);
#1885=LINE('',#15291,#3100);
#1886=LINE('',#15292,#3101);
#1887=LINE('',#15296,#3102);
#1888=LINE('',#15310,#3103);
#1889=LINE('',#15311,#3104);
#1890=LINE('',#15313,#3105);
#1891=LINE('',#15314,#3106);
#1892=LINE('',#15318,#3107);
#1893=LINE('',#15321,#3108);
#1894=LINE('',#15322,#3109);
#1895=LINE('',#15345,#3110);
#1896=LINE('',#15351,#3111);
#1897=LINE('',#15370,#3112);
#1898=LINE('',#15404,#3113);
#1899=LINE('',#15405,#3114);
#1900=LINE('',#15408,#3115);
#1901=LINE('',#15412,#3116);
#1902=LINE('',#15414,#3117);
#1903=LINE('',#15415,#3118);
#1904=LINE('',#15422,#3119);
#1905=LINE('',#15458,#3120);
#1906=LINE('',#15462,#3121);
#1907=LINE('',#15463,#3122);
#1908=LINE('',#15465,#3123);
#1909=LINE('',#15466,#3124);
#1910=LINE('',#15468,#3125);
#1911=LINE('',#15471,#3126);
#1912=LINE('',#15472,#3127);
#1913=LINE('',#15475,#3128);
#1914=LINE('',#15477,#3129);
#1915=LINE('',#15479,#3130);
#1916=LINE('',#15481,#3131);
#1917=LINE('',#15483,#3132);
#1918=LINE('',#15485,#3133);
#1919=LINE('',#15489,#3134);
#1920=LINE('',#15490,#3135);
#1921=LINE('',#15493,#3136);
#1922=LINE('',#15494,#3137);
#1923=LINE('',#15497,#3138);
#1924=LINE('',#15499,#3139);
#1925=LINE('',#15502,#3140);
#1926=LINE('',#15504,#3141);
#1927=LINE('',#15509,#3142);
#1928=LINE('',#15513,#3143);
#1929=LINE('',#15517,#3144);
#1930=LINE('',#15520,#3145);
#1931=LINE('',#15522,#3146);
#1932=LINE('',#15523,#3147);
#1933=LINE('',#15525,#3148);
#1934=LINE('',#15527,#3149);
#1935=LINE('',#15529,#3150);
#1936=LINE('',#15531,#3151);
#1937=LINE('',#15533,#3152);
#1938=LINE('',#15535,#3153);
#1939=LINE('',#15539,#3154);
#1940=LINE('',#15544,#3155);
#1941=LINE('',#15548,#3156);
#1942=LINE('',#15551,#3157);
#1943=LINE('',#15554,#3158);
#1944=LINE('',#15555,#3159);
#1945=LINE('',#15557,#3160);
#1946=LINE('',#15560,#3161);
#1947=LINE('',#15562,#3162);
#1948=LINE('',#15567,#3163);
#1949=LINE('',#15574,#3164);
#1950=LINE('',#15578,#3165);
#1951=LINE('',#15582,#3166);
#1952=LINE('',#15584,#3167);
#1953=LINE('',#15586,#3168);
#1954=LINE('',#15588,#3169);
#1955=LINE('',#15589,#3170);
#1956=LINE('',#15591,#3171);
#1957=LINE('',#15593,#3172);
#1958=LINE('',#15595,#3173);
#1959=LINE('',#15597,#3174);
#1960=LINE('',#15599,#3175);
#1961=LINE('',#15601,#3176);
#1962=LINE('',#15606,#3177);
#1963=LINE('',#15610,#3178);
#1964=LINE('',#15612,#3179);
#1965=LINE('',#15616,#3180);
#1966=LINE('',#15620,#3181);
#1967=LINE('',#15624,#3182);
#1968=LINE('',#15627,#3183);
#1969=LINE('',#15629,#3184);
#1970=LINE('',#15631,#3185);
#1971=LINE('',#15633,#3186);
#1972=LINE('',#15635,#3187);
#1973=LINE('',#15637,#3188);
#1974=LINE('',#15639,#3189);
#1975=LINE('',#15641,#3190);
#1976=LINE('',#15645,#3191);
#1977=LINE('',#15647,#3192);
#1978=LINE('',#15648,#3193);
#1979=LINE('',#15651,#3194);
#1980=LINE('',#15652,#3195);
#1981=LINE('',#15655,#3196);
#1982=LINE('',#15656,#3197);
#1983=LINE('',#15659,#3198);
#1984=LINE('',#15660,#3199);
#1985=LINE('',#15662,#3200);
#1986=LINE('',#15666,#3201);
#1987=LINE('',#15668,#3202);
#1988=LINE('',#15669,#3203);
#1989=LINE('',#15673,#3204);
#1990=LINE('',#15675,#3205);
#1991=LINE('',#15677,#3206);
#1992=LINE('',#15679,#3207);
#1993=LINE('',#15681,#3208);
#1994=LINE('',#15683,#3209);
#1995=LINE('',#15685,#3210);
#1996=LINE('',#15687,#3211);
#1997=LINE('',#15689,#3212);
#1998=LINE('',#15691,#3213);
#1999=LINE('',#15693,#3214);
#2000=LINE('',#15695,#3215);
#2001=LINE('',#15697,#3216);
#2002=LINE('',#15699,#3217);
#2003=LINE('',#15701,#3218);
#2004=LINE('',#15703,#3219);
#2005=LINE('',#15705,#3220);
#2006=LINE('',#15707,#3221);
#2007=LINE('',#15709,#3222);
#2008=LINE('',#15711,#3223);
#2009=LINE('',#15713,#3224);
#2010=LINE('',#15715,#3225);
#2011=LINE('',#15717,#3226);
#2012=LINE('',#15719,#3227);
#2013=LINE('',#15721,#3228);
#2014=LINE('',#15723,#3229);
#2015=LINE('',#15725,#3230);
#2016=LINE('',#15727,#3231);
#2017=LINE('',#15729,#3232);
#2018=LINE('',#15731,#3233);
#2019=LINE('',#15733,#3234);
#2020=LINE('',#15735,#3235);
#2021=LINE('',#15736,#3236);
#2022=LINE('',#15739,#3237);
#2023=LINE('',#15741,#3238);
#2024=LINE('',#15743,#3239);
#2025=LINE('',#15745,#3240);
#2026=LINE('',#15747,#3241);
#2027=LINE('',#15749,#3242);
#2028=LINE('',#15751,#3243);
#2029=LINE('',#15753,#3244);
#2030=LINE('',#15755,#3245);
#2031=LINE('',#15757,#3246);
#2032=LINE('',#15759,#3247);
#2033=LINE('',#15761,#3248);
#2034=LINE('',#15763,#3249);
#2035=LINE('',#15765,#3250);
#2036=LINE('',#15767,#3251);
#2037=LINE('',#15769,#3252);
#2038=LINE('',#15771,#3253);
#2039=LINE('',#15773,#3254);
#2040=LINE('',#15775,#3255);
#2041=LINE('',#15777,#3256);
#2042=LINE('',#15779,#3257);
#2043=LINE('',#15781,#3258);
#2044=LINE('',#15783,#3259);
#2045=LINE('',#15784,#3260);
#2046=LINE('',#15788,#3261);
#2047=LINE('',#15790,#3262);
#2048=LINE('',#15792,#3263);
#2049=LINE('',#15794,#3264);
#2050=LINE('',#15796,#3265);
#2051=LINE('',#15798,#3266);
#2052=LINE('',#15800,#3267);
#2053=LINE('',#15802,#3268);
#2054=LINE('',#15804,#3269);
#2055=LINE('',#15806,#3270);
#2056=LINE('',#15808,#3271);
#2057=LINE('',#15809,#3272);
#2058=LINE('',#15813,#3273);
#2059=LINE('',#15815,#3274);
#2060=LINE('',#15817,#3275);
#2061=LINE('',#15819,#3276);
#2062=LINE('',#15821,#3277);
#2063=LINE('',#15823,#3278);
#2064=LINE('',#15825,#3279);
#2065=LINE('',#15827,#3280);
#2066=LINE('',#15829,#3281);
#2067=LINE('',#15831,#3282);
#2068=LINE('',#15833,#3283);
#2069=LINE('',#15835,#3284);
#2070=LINE('',#15837,#3285);
#2071=LINE('',#15839,#3286);
#2072=LINE('',#15841,#3287);
#2073=LINE('',#15843,#3288);
#2074=LINE('',#15845,#3289);
#2075=LINE('',#15847,#3290);
#2076=LINE('',#15849,#3291);
#2077=LINE('',#15851,#3292);
#2078=LINE('',#15853,#3293);
#2079=LINE('',#15855,#3294);
#2080=LINE('',#15857,#3295);
#2081=LINE('',#15859,#3296);
#2082=LINE('',#15861,#3297);
#2083=LINE('',#15863,#3298);
#2084=LINE('',#15865,#3299);
#2085=LINE('',#15867,#3300);
#2086=LINE('',#15869,#3301);
#2087=LINE('',#15871,#3302);
#2088=LINE('',#15873,#3303);
#2089=LINE('',#15875,#3304);
#2090=LINE('',#15877,#3305);
#2091=LINE('',#15879,#3306);
#2092=LINE('',#15881,#3307);
#2093=LINE('',#15883,#3308);
#2094=LINE('',#15885,#3309);
#2095=LINE('',#15887,#3310);
#2096=LINE('',#15889,#3311);
#2097=LINE('',#15891,#3312);
#2098=LINE('',#15893,#3313);
#2099=LINE('',#15894,#3314);
#2100=LINE('',#15896,#3315);
#2101=LINE('',#15898,#3316);
#2102=LINE('',#15900,#3317);
#2103=LINE('',#15902,#3318);
#2104=LINE('',#15904,#3319);
#2105=LINE('',#15906,#3320);
#2106=LINE('',#15908,#3321);
#2107=LINE('',#15910,#3322);
#2108=LINE('',#15912,#3323);
#2109=LINE('',#15914,#3324);
#2110=LINE('',#15916,#3325);
#2111=LINE('',#15918,#3326);
#2112=LINE('',#15920,#3327);
#2113=LINE('',#15922,#3328);
#2114=LINE('',#15924,#3329);
#2115=LINE('',#15926,#3330);
#2116=LINE('',#15927,#3331);
#2117=LINE('',#15931,#3332);
#2118=LINE('',#15933,#3333);
#2119=LINE('',#15935,#3334);
#2120=LINE('',#15937,#3335);
#2121=LINE('',#15939,#3336);
#2122=LINE('',#15941,#3337);
#2123=LINE('',#15943,#3338);
#2124=LINE('',#15945,#3339);
#2125=LINE('',#15947,#3340);
#2126=LINE('',#15949,#3341);
#2127=LINE('',#15951,#3342);
#2128=LINE('',#15953,#3343);
#2129=LINE('',#15955,#3344);
#2130=LINE('',#15957,#3345);
#2131=LINE('',#15959,#3346);
#2132=LINE('',#15961,#3347);
#2133=LINE('',#15963,#3348);
#2134=LINE('',#15965,#3349);
#2135=LINE('',#15967,#3350);
#2136=LINE('',#15969,#3351);
#2137=LINE('',#15971,#3352);
#2138=LINE('',#15973,#3353);
#2139=LINE('',#15975,#3354);
#2140=LINE('',#15977,#3355);
#2141=LINE('',#15979,#3356);
#2142=LINE('',#15981,#3357);
#2143=LINE('',#15983,#3358);
#2144=LINE('',#15985,#3359);
#2145=LINE('',#15987,#3360);
#2146=LINE('',#15989,#3361);
#2147=LINE('',#15991,#3362);
#2148=LINE('',#15993,#3363);
#2149=LINE('',#15995,#3364);
#2150=LINE('',#15997,#3365);
#2151=LINE('',#15999,#3366);
#2152=LINE('',#16001,#3367);
#2153=LINE('',#16003,#3368);
#2154=LINE('',#16005,#3369);
#2155=LINE('',#16007,#3370);
#2156=LINE('',#16009,#3371);
#2157=LINE('',#16011,#3372);
#2158=LINE('',#16013,#3373);
#2159=LINE('',#16015,#3374);
#2160=LINE('',#16017,#3375);
#2161=LINE('',#16019,#3376);
#2162=LINE('',#16021,#3377);
#2163=LINE('',#16023,#3378);
#2164=LINE('',#16025,#3379);
#2165=LINE('',#16027,#3380);
#2166=LINE('',#16029,#3381);
#2167=LINE('',#16031,#3382);
#2168=LINE('',#16033,#3383);
#2169=LINE('',#16035,#3384);
#2170=LINE('',#16037,#3385);
#2171=LINE('',#16039,#3386);
#2172=LINE('',#16041,#3387);
#2173=LINE('',#16043,#3388);
#2174=LINE('',#16045,#3389);
#2175=LINE('',#16047,#3390);
#2176=LINE('',#16049,#3391);
#2177=LINE('',#16051,#3392);
#2178=LINE('',#16053,#3393);
#2179=LINE('',#16055,#3394);
#2180=LINE('',#16057,#3395);
#2181=LINE('',#16059,#3396);
#2182=LINE('',#16061,#3397);
#2183=LINE('',#16063,#3398);
#2184=LINE('',#16065,#3399);
#2185=LINE('',#16067,#3400);
#2186=LINE('',#16069,#3401);
#2187=LINE('',#16071,#3402);
#2188=LINE('',#16073,#3403);
#2189=LINE('',#16075,#3404);
#2190=LINE('',#16077,#3405);
#2191=LINE('',#16079,#3406);
#2192=LINE('',#16081,#3407);
#2193=LINE('',#16083,#3408);
#2194=LINE('',#16084,#3409);
#2195=LINE('',#16088,#3410);
#2196=LINE('',#16090,#3411);
#2197=LINE('',#16092,#3412);
#2198=LINE('',#16094,#3413);
#2199=LINE('',#16096,#3414);
#2200=LINE('',#16098,#3415);
#2201=LINE('',#16100,#3416);
#2202=LINE('',#16102,#3417);
#2203=LINE('',#16104,#3418);
#2204=LINE('',#16106,#3419);
#2205=LINE('',#16108,#3420);
#2206=LINE('',#16110,#3421);
#2207=LINE('',#16112,#3422);
#2208=LINE('',#16114,#3423);
#2209=LINE('',#16116,#3424);
#2210=LINE('',#16118,#3425);
#2211=LINE('',#16120,#3426);
#2212=LINE('',#16122,#3427);
#2213=LINE('',#16124,#3428);
#2214=LINE('',#16126,#3429);
#2215=LINE('',#16128,#3430);
#2216=LINE('',#16130,#3431);
#2217=LINE('',#16132,#3432);
#2218=LINE('',#16134,#3433);
#2219=LINE('',#16136,#3434);
#2220=LINE('',#16138,#3435);
#2221=LINE('',#16140,#3436);
#2222=LINE('',#16142,#3437);
#2223=LINE('',#16144,#3438);
#2224=LINE('',#16146,#3439);
#2225=LINE('',#16148,#3440);
#2226=LINE('',#16150,#3441);
#2227=LINE('',#16152,#3442);
#2228=LINE('',#16154,#3443);
#2229=LINE('',#16156,#3444);
#2230=LINE('',#16157,#3445);
#2231=LINE('',#16160,#3446);
#2232=LINE('',#16162,#3447);
#2233=LINE('',#16164,#3448);
#2234=LINE('',#16166,#3449);
#2235=LINE('',#16168,#3450);
#2236=LINE('',#16170,#3451);
#2237=LINE('',#16172,#3452);
#2238=LINE('',#16174,#3453);
#2239=LINE('',#16176,#3454);
#2240=LINE('',#16178,#3455);
#2241=LINE('',#16180,#3456);
#2242=LINE('',#16182,#3457);
#2243=LINE('',#16184,#3458);
#2244=LINE('',#16186,#3459);
#2245=LINE('',#16188,#3460);
#2246=LINE('',#16190,#3461);
#2247=LINE('',#16192,#3462);
#2248=LINE('',#16194,#3463);
#2249=LINE('',#16196,#3464);
#2250=LINE('',#16198,#3465);
#2251=LINE('',#16200,#3466);
#2252=LINE('',#16202,#3467);
#2253=LINE('',#16204,#3468);
#2254=LINE('',#16206,#3469);
#2255=LINE('',#16208,#3470);
#2256=LINE('',#16210,#3471);
#2257=LINE('',#16211,#3472);
#2258=LINE('',#16215,#3473);
#2259=LINE('',#16217,#3474);
#2260=LINE('',#16219,#3475);
#2261=LINE('',#16221,#3476);
#2262=LINE('',#16223,#3477);
#2263=LINE('',#16225,#3478);
#2264=LINE('',#16227,#3479);
#2265=LINE('',#16229,#3480);
#2266=LINE('',#16231,#3481);
#2267=LINE('',#16232,#3482);
#2268=LINE('',#16234,#3483);
#2269=LINE('',#16235,#3484);
#2270=LINE('',#16237,#3485);
#2271=LINE('',#16240,#3486);
#2272=LINE('',#16241,#3487);
#2273=LINE('',#16243,#3488);
#2274=LINE('',#16245,#3489);
#2275=LINE('',#16247,#3490);
#2276=LINE('',#16249,#3491);
#2277=LINE('',#16251,#3492);
#2278=LINE('',#16253,#3493);
#2279=LINE('',#16255,#3494);
#2280=LINE('',#16257,#3495);
#2281=LINE('',#16259,#3496);
#2282=LINE('',#16261,#3497);
#2283=LINE('',#16263,#3498);
#2284=LINE('',#16265,#3499);
#2285=LINE('',#16267,#3500);
#2286=LINE('',#16269,#3501);
#2287=LINE('',#16271,#3502);
#2288=LINE('',#16273,#3503);
#2289=LINE('',#16275,#3504);
#2290=LINE('',#16277,#3505);
#2291=LINE('',#16279,#3506);
#2292=LINE('',#16281,#3507);
#2293=LINE('',#16283,#3508);
#2294=LINE('',#16285,#3509);
#2295=LINE('',#16287,#3510);
#2296=LINE('',#16289,#3511);
#2297=LINE('',#16291,#3512);
#2298=LINE('',#16293,#3513);
#2299=LINE('',#16295,#3514);
#2300=LINE('',#16297,#3515);
#2301=LINE('',#16299,#3516);
#2302=LINE('',#16301,#3517);
#2303=LINE('',#16303,#3518);
#2304=LINE('',#16306,#3519);
#2305=LINE('',#16307,#3520);
#2306=LINE('',#16309,#3521);
#2307=LINE('',#16311,#3522);
#2308=LINE('',#16313,#3523);
#2309=LINE('',#16315,#3524);
#2310=LINE('',#16317,#3525);
#2311=LINE('',#16319,#3526);
#2312=LINE('',#16321,#3527);
#2313=LINE('',#16323,#3528);
#2314=LINE('',#16325,#3529);
#2315=LINE('',#16327,#3530);
#2316=LINE('',#16329,#3531);
#2317=LINE('',#16331,#3532);
#2318=LINE('',#16333,#3533);
#2319=LINE('',#16335,#3534);
#2320=LINE('',#16337,#3535);
#2321=LINE('',#16339,#3536);
#2322=LINE('',#16341,#3537);
#2323=LINE('',#16343,#3538);
#2324=LINE('',#16345,#3539);
#2325=LINE('',#16347,#3540);
#2326=LINE('',#16349,#3541);
#2327=LINE('',#16351,#3542);
#2328=LINE('',#16354,#3543);
#2329=LINE('',#16355,#3544);
#2330=LINE('',#16357,#3545);
#2331=LINE('',#16359,#3546);
#2332=LINE('',#16361,#3547);
#2333=LINE('',#16363,#3548);
#2334=LINE('',#16365,#3549);
#2335=LINE('',#16367,#3550);
#2336=LINE('',#16369,#3551);
#2337=LINE('',#16371,#3552);
#2338=LINE('',#16373,#3553);
#2339=LINE('',#16375,#3554);
#2340=LINE('',#16378,#3555);
#2341=LINE('',#16379,#3556);
#2342=LINE('',#16381,#3557);
#2343=LINE('',#16383,#3558);
#2344=LINE('',#16385,#3559);
#2345=LINE('',#16387,#3560);
#2346=LINE('',#16389,#3561);
#2347=LINE('',#16391,#3562);
#2348=LINE('',#16393,#3563);
#2349=LINE('',#16395,#3564);
#2350=LINE('',#16397,#3565);
#2351=LINE('',#16399,#3566);
#2352=LINE('',#16401,#3567);
#2353=LINE('',#16403,#3568);
#2354=LINE('',#16405,#3569);
#2355=LINE('',#16407,#3570);
#2356=LINE('',#16409,#3571);
#2357=LINE('',#16411,#3572);
#2358=LINE('',#16414,#3573);
#2359=LINE('',#16416,#3574);
#2360=LINE('',#16418,#3575);
#2361=LINE('',#16420,#3576);
#2362=LINE('',#16422,#3577);
#2363=LINE('',#16424,#3578);
#2364=LINE('',#16426,#3579);
#2365=LINE('',#16428,#3580);
#2366=LINE('',#16430,#3581);
#2367=LINE('',#16432,#3582);
#2368=LINE('',#16434,#3583);
#2369=LINE('',#16436,#3584);
#2370=LINE('',#16438,#3585);
#2371=LINE('',#16440,#3586);
#2372=LINE('',#16442,#3587);
#2373=LINE('',#16444,#3588);
#2374=LINE('',#16446,#3589);
#2375=LINE('',#16448,#3590);
#2376=LINE('',#16450,#3591);
#2377=LINE('',#16452,#3592);
#2378=LINE('',#16454,#3593);
#2379=LINE('',#16456,#3594);
#2380=LINE('',#16458,#3595);
#2381=LINE('',#16460,#3596);
#2382=LINE('',#16462,#3597);
#2383=LINE('',#16464,#3598);
#2384=LINE('',#16466,#3599);
#2385=LINE('',#16468,#3600);
#2386=LINE('',#16470,#3601);
#2387=LINE('',#16472,#3602);
#2388=LINE('',#16474,#3603);
#2389=LINE('',#16476,#3604);
#2390=LINE('',#16478,#3605);
#2391=LINE('',#16480,#3606);
#2392=LINE('',#16482,#3607);
#2393=LINE('',#16484,#3608);
#2394=LINE('',#16486,#3609);
#2395=LINE('',#16488,#3610);
#2396=LINE('',#16490,#3611);
#2397=LINE('',#16492,#3612);
#2398=LINE('',#16495,#3613);
#2399=LINE('',#16496,#3614);
#2400=LINE('',#16498,#3615);
#2401=LINE('',#16500,#3616);
#2402=LINE('',#16502,#3617);
#2403=LINE('',#16504,#3618);
#2404=LINE('',#16506,#3619);
#2405=LINE('',#16508,#3620);
#2406=LINE('',#16510,#3621);
#2407=LINE('',#16512,#3622);
#2408=LINE('',#16514,#3623);
#2409=LINE('',#16516,#3624);
#2410=LINE('',#16518,#3625);
#2411=LINE('',#16520,#3626);
#2412=LINE('',#16522,#3627);
#2413=LINE('',#16524,#3628);
#2414=LINE('',#16526,#3629);
#2415=LINE('',#16528,#3630);
#2416=LINE('',#16530,#3631);
#2417=LINE('',#16532,#3632);
#2418=LINE('',#16534,#3633);
#2419=LINE('',#16536,#3634);
#2420=LINE('',#16538,#3635);
#2421=LINE('',#16540,#3636);
#2422=LINE('',#16542,#3637);
#2423=LINE('',#16544,#3638);
#2424=LINE('',#16546,#3639);
#2425=LINE('',#16548,#3640);
#2426=LINE('',#16550,#3641);
#2427=LINE('',#16552,#3642);
#2428=LINE('',#16554,#3643);
#2429=LINE('',#16556,#3644);
#2430=LINE('',#16558,#3645);
#2431=LINE('',#16560,#3646);
#2432=LINE('',#16562,#3647);
#2433=LINE('',#16564,#3648);
#2434=LINE('',#16566,#3649);
#2435=LINE('',#16568,#3650);
#2436=LINE('',#16570,#3651);
#2437=LINE('',#16572,#3652);
#2438=LINE('',#16574,#3653);
#2439=LINE('',#16576,#3654);
#2440=LINE('',#16578,#3655);
#2441=LINE('',#16580,#3656);
#2442=LINE('',#16582,#3657);
#2443=LINE('',#16584,#3658);
#2444=LINE('',#16586,#3659);
#2445=LINE('',#16588,#3660);
#2446=LINE('',#16590,#3661);
#2447=LINE('',#16592,#3662);
#2448=LINE('',#16594,#3663);
#2449=LINE('',#16596,#3664);
#2450=LINE('',#16598,#3665);
#2451=LINE('',#16600,#3666);
#2452=LINE('',#16602,#3667);
#2453=LINE('',#16604,#3668);
#2454=LINE('',#16606,#3669);
#2455=LINE('',#16608,#3670);
#2456=LINE('',#16610,#3671);
#2457=LINE('',#16612,#3672);
#2458=LINE('',#16614,#3673);
#2459=LINE('',#16616,#3674);
#2460=LINE('',#16618,#3675);
#2461=LINE('',#16620,#3676);
#2462=LINE('',#16622,#3677);
#2463=LINE('',#16624,#3678);
#2464=LINE('',#16626,#3679);
#2465=LINE('',#16628,#3680);
#2466=LINE('',#16630,#3681);
#2467=LINE('',#16632,#3682);
#2468=LINE('',#16634,#3683);
#2469=LINE('',#16636,#3684);
#2470=LINE('',#16638,#3685);
#2471=LINE('',#16640,#3686);
#2472=LINE('',#16642,#3687);
#2473=LINE('',#16644,#3688);
#2474=LINE('',#16646,#3689);
#2475=LINE('',#16648,#3690);
#2476=LINE('',#16651,#3691);
#2477=LINE('',#16652,#3692);
#2478=LINE('',#16654,#3693);
#2479=LINE('',#16656,#3694);
#2480=LINE('',#16658,#3695);
#2481=LINE('',#16660,#3696);
#2482=LINE('',#16662,#3697);
#2483=LINE('',#16664,#3698);
#2484=LINE('',#16666,#3699);
#2485=LINE('',#16668,#3700);
#2486=LINE('',#16670,#3701);
#2487=LINE('',#16672,#3702);
#2488=LINE('',#16674,#3703);
#2489=LINE('',#16676,#3704);
#2490=LINE('',#16678,#3705);
#2491=LINE('',#16680,#3706);
#2492=LINE('',#16682,#3707);
#2493=LINE('',#16684,#3708);
#2494=LINE('',#16686,#3709);
#2495=LINE('',#16688,#3710);
#2496=LINE('',#16690,#3711);
#2497=LINE('',#16692,#3712);
#2498=LINE('',#16694,#3713);
#2499=LINE('',#16696,#3714);
#2500=LINE('',#16698,#3715);
#2501=LINE('',#16700,#3716);
#2502=LINE('',#16702,#3717);
#2503=LINE('',#16705,#3718);
#2504=LINE('',#16706,#3719);
#2505=LINE('',#16708,#3720);
#2506=LINE('',#16710,#3721);
#2507=LINE('',#16712,#3722);
#2508=LINE('',#16714,#3723);
#2509=LINE('',#16716,#3724);
#2510=LINE('',#16718,#3725);
#2511=LINE('',#16720,#3726);
#2512=LINE('',#16722,#3727);
#2513=LINE('',#16724,#3728);
#2514=LINE('',#16726,#3729);
#2515=LINE('',#16728,#3730);
#2516=LINE('',#16730,#3731);
#2517=LINE('',#16732,#3732);
#2518=LINE('',#16734,#3733);
#2519=LINE('',#16736,#3734);
#2520=LINE('',#16738,#3735);
#2521=LINE('',#16740,#3736);
#2522=LINE('',#16742,#3737);
#2523=LINE('',#16744,#3738);
#2524=LINE('',#16746,#3739);
#2525=LINE('',#16748,#3740);
#2526=LINE('',#16750,#3741);
#2527=LINE('',#16752,#3742);
#2528=LINE('',#16754,#3743);
#2529=LINE('',#16756,#3744);
#2530=LINE('',#16758,#3745);
#2531=LINE('',#16760,#3746);
#2532=LINE('',#16762,#3747);
#2533=LINE('',#16764,#3748);
#2534=LINE('',#16766,#3749);
#2535=LINE('',#16768,#3750);
#2536=LINE('',#16770,#3751);
#2537=LINE('',#16772,#3752);
#2538=LINE('',#16774,#3753);
#2539=LINE('',#16777,#3754);
#2540=LINE('',#16778,#3755);
#2541=LINE('',#16780,#3756);
#2542=LINE('',#16782,#3757);
#2543=LINE('',#16784,#3758);
#2544=LINE('',#16786,#3759);
#2545=LINE('',#16788,#3760);
#2546=LINE('',#16790,#3761);
#2547=LINE('',#16792,#3762);
#2548=LINE('',#16794,#3763);
#2549=VECTOR('',#11005,6.607826128912);
#2550=VECTOR('',#11006,0.1);
#2551=VECTOR('',#11007,6.607826128912);
#2552=VECTOR('',#11008,0.1);
#2553=VECTOR('',#11011,1.27421057290598);
#2554=VECTOR('',#11012,0.3420097726804);
#2555=VECTOR('',#11013,3.049999999333);
#2556=VECTOR('',#11014,0.3420097726802);
#2557=VECTOR('',#11015,3.06345416936105);
#2558=VECTOR('',#11018,1.27421057290598);
#2559=VECTOR('',#11019,0.1);
#2560=VECTOR('',#11022,3.06345416936105);
#2561=VECTOR('',#11023,0.3420097726802);
#2562=VECTOR('',#11024,3.049999999333);
#2563=VECTOR('',#11025,0.3420097726804);
#2564=VECTOR('',#11028,0.1);
#2565=VECTOR('',#11031,0.1);
#2566=VECTOR('',#11034,0.1);
#2567=VECTOR('',#11039,6.607826128911);
#2568=VECTOR('',#11040,3.06345416936005);
#2569=VECTOR('',#11041,0.3420097726802);
#2570=VECTOR('',#11042,3.049999999333);
#2571=VECTOR('',#11043,0.3420097726804);
#2572=VECTOR('',#11044,1.27421057290498);
#2573=VECTOR('',#11047,0.1);
#2574=VECTOR('',#11048,6.607826128911);
#2575=VECTOR('',#11049,0.1);
#2576=VECTOR('',#11052,0.1);
#2577=VECTOR('',#11053,1.27421057290498);
#2578=VECTOR('',#11056,0.1);
#2579=VECTOR('',#11057,0.3420097726804);
#2580=VECTOR('',#11060,0.1);
#2581=VECTOR('',#11061,3.049999999333);
#2582=VECTOR('',#11064,0.1);
#2583=VECTOR('',#11065,0.3420097726802);
#2584=VECTOR('',#11068,3.06345416936005);
#2585=VECTOR('',#11073,0.0429559538201196);
#2586=VECTOR('',#11074,0.03);
#2587=VECTOR('',#11075,0.0429559538201196);
#2588=VECTOR('',#11076,0.03);
#2589=VECTOR('',#11079,1.199999997457);
#2590=VECTOR('',#11080,0.4000000025432);
#2591=VECTOR('',#11081,7.999999999783);
#2592=VECTOR('',#11084,4.649999990454);
#2593=VECTOR('',#11085,8.299999992413);
#2594=VECTOR('',#11086,1.02591423621097);
#2595=VECTOR('',#11087,3.3);
#2596=VECTOR('',#11088,1.52970585407794);
#2597=VECTOR('',#11089,2.3);
#2598=VECTOR('',#11092,7.608136903298);
#2599=VECTOR('',#11093,0.904010829419194);
#2600=VECTOR('',#11094,0.362283531027003);
#2601=VECTOR('',#11095,4.4493174103742);
#2602=VECTOR('',#11096,0.251216824556401);
#2603=VECTOR('',#11099,9.416090036882);
#2604=VECTOR('',#11100,8.9);
#2605=VECTOR('',#11103,0.8998440000005);
#2606=VECTOR('',#11104,1.27222331925896);
#2607=VECTOR('',#11105,1.27291995372605);
#2608=VECTOR('',#11106,0.8998440000023);
#2609=VECTOR('',#11107,1.799688000005);
#2610=VECTOR('',#11108,0.944969265496466);
#2611=VECTOR('',#11109,0.2424003139495);
#2612=VECTOR('',#11110,0.0594706513193314);
#2613=VECTOR('',#11111,0.043111835456609);
#2614=VECTOR('',#11112,0.0268138649276204);
#2615=VECTOR('',#11113,0.0356280698751318);
#2616=VECTOR('',#11114,0.0332909775714909);
#2617=VECTOR('',#11115,0.0312224703481592);
#2618=VECTOR('',#11116,0.0298132785335891);
#2619=VECTOR('',#11117,0.0295049704989406);
#2620=VECTOR('',#11118,0.0296555858803307);
#2621=VECTOR('',#11119,0.0301130232407414);
#2622=VECTOR('',#11120,0.0306001757211591);
#2623=VECTOR('',#11121,0.0316553973639295);
#2624=VECTOR('',#11122,0.033046352361049);
#2625=VECTOR('',#11123,0.034798639247022);
#2626=VECTOR('',#11124,0.0370190585964396);
#2627=VECTOR('',#11125,0.0392099597660583);
#2628=VECTOR('',#11126,0.0413778869079716);
#2629=VECTOR('',#11127,0.04392214337379);
#2630=VECTOR('',#11128,0.0948358618948672);
#2631=VECTOR('',#11129,0.0905328093073867);
#2632=VECTOR('',#11130,0.088064203953131);
#2633=VECTOR('',#11131,0.0848869993994494);
#2634=VECTOR('',#11132,0.0799068229208025);
#2635=VECTOR('',#11133,0.0764674056300965);
#2636=VECTOR('',#11134,0.0595505956869895);
#2637=VECTOR('',#11135,0.063591538582257);
#2638=VECTOR('',#11136,0.0687426800012206);
#2639=VECTOR('',#11137,0.0468321584985981);
#2640=VECTOR('',#11138,0.0598010347175227);
#2641=VECTOR('',#11139,0.0731019397738094);
#2642=VECTOR('',#11140,0.3172044228668);
#2643=VECTOR('',#11141,0.944839375232538);
#2644=VECTOR('',#11142,0.6670691280215);
#2645=VECTOR('',#11143,0.157890341117398);
#2646=VECTOR('',#11144,0.4818586008187);
#2647=VECTOR('',#11145,0.21456572635261);
#2648=VECTOR('',#11146,0.4657294823191);
#2649=VECTOR('',#11147,0.157890340995201);
#2650=VECTOR('',#11148,0.4659517900473);
#2651=VECTOR('',#11149,0.25818601893089);
#2652=VECTOR('',#11150,0.5235530821592);
#2653=VECTOR('',#11151,0.158076793145203);
#2654=VECTOR('',#11152,0.7029032048013);
#2655=VECTOR('',#11153,0.0898792913695072);
#2656=VECTOR('',#11154,0.106326622450903);
#2657=VECTOR('',#11155,0.100912622839099);
#2658=VECTOR('',#11156,0.0984710624860894);
#2659=VECTOR('',#11157,0.0970787652224033);
#2660=VECTOR('',#11158,0.0971281504783926);
#2661=VECTOR('',#11159,0.100807642804098);
#2662=VECTOR('',#11160,0.0965237050835041);
#2663=VECTOR('',#11161,0.0842386238723202);
#2664=VECTOR('',#11162,0.0766614525318872);
#2665=VECTOR('',#11163,0.0744090340819498);
#2666=VECTOR('',#11164,0.0780407181678387);
#2667=VECTOR('',#11165,0.0869644002010102);
#2668=VECTOR('',#11166,0.175721638369007);
#2669=VECTOR('',#11167,0.0483808245452313);
#2670=VECTOR('',#11168,0.0432651722020617);
#2671=VECTOR('',#11169,0.0405136382256786);
#2672=VECTOR('',#11170,0.0405004418919112);
#2673=VECTOR('',#11171,0.0479154823963191);
#2674=VECTOR('',#11172,0.0590055498803424);
#2675=VECTOR('',#11173,0.0586597789867193);
#2676=VECTOR('',#11174,0.0603076353241503);
#2677=VECTOR('',#11175,0.0623811343257678);
#2678=VECTOR('',#11176,0.0654387777049703);
#2679=VECTOR('',#11177,0.0708072111610028);
#2680=VECTOR('',#11178,0.0737898486285816);
#2681=VECTOR('',#11179,0.0743013108223368);
#2682=VECTOR('',#11180,0.0760517944861193);
#2683=VECTOR('',#11181,0.0692462725878999);
#2684=VECTOR('',#11182,0.057052813927327);
#2685=VECTOR('',#11183,0.0490120699520489);
#2686=VECTOR('',#11184,0.0472210855707474);
#2687=VECTOR('',#11185,0.0515992682040105);
#2688=VECTOR('',#11186,0.0606763255974279);
#2689=VECTOR('',#11187,0.0402157454480402);
#2690=VECTOR('',#11188,0.0417062536960705);
#2691=VECTOR('',#11189,0.0435581993046714);
#2692=VECTOR('',#11190,0.04280487047979);
#2693=VECTOR('',#11191,0.0398155618804588);
#2694=VECTOR('',#11192,0.0369445026821294);
#2695=VECTOR('',#11193,0.140271727178896);
#2696=VECTOR('',#11194,0.2296247274935);
#2697=VECTOR('',#11195,0.157946484927295);
#2698=VECTOR('',#11196,0.40269821117);
#2699=VECTOR('',#11197,0.405569916573298);
#2700=VECTOR('',#11198,0.0616223271076395);
#2701=VECTOR('',#11199,0.0664264869660305);
#2702=VECTOR('',#11200,0.0716837889185338);
#2703=VECTOR('',#11201,0.07347364691475);
#2704=VECTOR('',#11202,0.0722039680215904);
#2705=VECTOR('',#11203,0.0716521999165266);
#2706=VECTOR('',#11204,0.102010382261202);
#2707=VECTOR('',#11205,0.0862767226439987);
#2708=VECTOR('',#11206,0.0760369496574046);
#2709=VECTOR('',#11207,0.0984211524125207);
#2710=VECTOR('',#11208,0.103936650204499);
#2711=VECTOR('',#11209,0.120249532998498);
#2712=VECTOR('',#11210,0.0876917444659595);
#2713=VECTOR('',#11211,0.0880111615972497);
#2714=VECTOR('',#11212,0.0420764126307319);
#2715=VECTOR('',#11213,0.0352616419683683);
#2716=VECTOR('',#11214,0.034490403363481);
#2717=VECTOR('',#11215,0.0348757233523416);
#2718=VECTOR('',#11216,0.0361313474905013);
#2719=VECTOR('',#11217,0.0381502920580594);
#2720=VECTOR('',#11218,0.0415293654652689);
#2721=VECTOR('',#11219,0.0734864368432561);
#2722=VECTOR('',#11220,0.0716332234330568);
#2723=VECTOR('',#11221,0.0750262800279619);
#2724=VECTOR('',#11222,0.0794291051602596);
#2725=VECTOR('',#11223,0.0858781547701973);
#2726=VECTOR('',#11224,0.0970224988612457);
#2727=VECTOR('',#11225,0.0970592651238868);
#2728=VECTOR('',#11226,0.0827417862751531);
#2729=VECTOR('',#11227,0.0737936540063423);
#2730=VECTOR('',#11228,0.0698752471222608);
#2731=VECTOR('',#11229,0.0703006253118992);
#2732=VECTOR('',#11230,0.0770691308374101);
#2733=VECTOR('',#11231,0.178519796525906);
#2734=VECTOR('',#11232,0.0398311016093303);
#2735=VECTOR('',#11233,0.0350733680925986);
#2736=VECTOR('',#11234,0.0329866700381204);
#2737=VECTOR('',#11235,0.0344321966506507);
#2738=VECTOR('',#11236,0.0396470990944711);
#2739=VECTOR('',#11237,0.0474359046094883);
#2740=VECTOR('',#11238,0.0467244510103288);
#2741=VECTOR('',#11239,0.0386261791133814);
#2742=VECTOR('',#11240,0.0321204640514401);
#2743=VECTOR('',#11241,0.0283258932484598);
#2744=VECTOR('',#11242,0.0263789983343403);
#2745=VECTOR('',#11243,0.0266570813221208);
#2746=VECTOR('',#11244,0.0243063759928201);
#2747=VECTOR('',#11245,0.0226506683431298);
#2748=VECTOR('',#11246,0.0234772782107901);
#2749=VECTOR('',#11247,0.0323095475491082);
#2750=VECTOR('',#11248,0.0479131802917689);
#2751=VECTOR('',#11249,10.);
#2752=VECTOR('',#11250,0.0716506979232882);
#2753=VECTOR('',#11251,0.048323255421859);
#2754=VECTOR('',#11252,0.0540773673209407);
#2755=VECTOR('',#11253,0.0547539306193602);
#2756=VECTOR('',#11254,0.0602699180445122);
#2757=VECTOR('',#11255,0.0778809438317291);
#2758=VECTOR('',#11256,0.0782260851700879);
#2759=VECTOR('',#11257,0.0842227056775264);
#2760=VECTOR('',#11258,0.0895558943517065);
#2761=VECTOR('',#11259,0.0948758907998019);
#2762=VECTOR('',#11260,0.105459323293999);
#2763=VECTOR('',#11261,0.0735267985504299);
#2764=VECTOR('',#11262,0.066816500416738);
#2765=VECTOR('',#11263,0.0615795248329777);
#2766=VECTOR('',#11264,0.0561837465067373);
#2767=VECTOR('',#11265,0.0509814337877296);
#2768=VECTOR('',#11266,0.0491773990031908);
#2769=VECTOR('',#11267,0.0504565749553617);
#2770=VECTOR('',#11268,0.0533968388298713);
#2771=VECTOR('',#11269,0.0580520602103102);
#2772=VECTOR('',#11270,0.177465975503598);
#2773=VECTOR('',#11271,0.0500686782539007);
#2774=VECTOR('',#11272,0.0382459390951688);
#2775=VECTOR('',#11273,0.0280979623278395);
#2776=VECTOR('',#11274,0.0414524533878203);
#2777=VECTOR('',#11275,0.0507670004803983);
#2778=VECTOR('',#11276,0.06477286619941);
#2779=VECTOR('',#11277,0.0554871733577608);
#2780=VECTOR('',#11278,0.0462835465536787);
#2781=VECTOR('',#11279,0.03902801292878);
#2782=VECTOR('',#11280,0.0342371815184503);
#2783=VECTOR('',#11281,0.0309338590049009);
#2784=VECTOR('',#11282,0.0301459120589);
#2785=VECTOR('',#11283,0.0252875791006307);
#2786=VECTOR('',#11284,0.0241487799963412);
#2787=VECTOR('',#11285,0.0256704426943604);
#2788=VECTOR('',#11286,0.0279673238234598);
#2789=VECTOR('',#11287,10.);
#2790=VECTOR('',#11288,10.);
#2791=VECTOR('',#11289,0.0543209514395405);
#2792=VECTOR('',#11290,0.0612371527682074);
#2793=VECTOR('',#11291,0.0823280863358871);
#2794=VECTOR('',#11292,0.0790873766258194);
#2795=VECTOR('',#11293,0.0769225370656107);
#2796=VECTOR('',#11294,0.0753171260436798);
#2797=VECTOR('',#11295,0.074780991064566);
#2798=VECTOR('',#11296,0.0756239061910947);
#2799=VECTOR('',#11297,0.0766433837188389);
#2800=VECTOR('',#11298,0.0777945401829525);
#2801=VECTOR('',#11299,0.080929788601191);
#2802=VECTOR('',#11300,0.103482495006497);
#2803=VECTOR('',#11301,0.0927209313911687);
#2804=VECTOR('',#11302,0.0900696163913848);
#2805=VECTOR('',#11303,0.0908065443636212);
#2806=VECTOR('',#11304,0.0947601027429998);
#2807=VECTOR('',#11305,0.106561959278905);
#2808=VECTOR('',#11306,0.0956919168871935);
#2809=VECTOR('',#11307,0.0974485218980977);
#2810=VECTOR('',#11308,0.1014631350779);
#2811=VECTOR('',#11309,0.101038142048903);
#2812=VECTOR('',#11310,0.0964877710887397);
#2813=VECTOR('',#11311,0.0945964548177383);
#2814=VECTOR('',#11312,0.093399589542429);
#2815=VECTOR('',#11313,0.0923948116132691);
#2816=VECTOR('',#11314,0.094458446555712);
#2817=VECTOR('',#11315,0.0788915248200182);
#2818=VECTOR('',#11316,0.0708782896911266);
#2819=VECTOR('',#11317,0.0660103173284696);
#2820=VECTOR('',#11318,0.0622257003667579);
#2821=VECTOR('',#11319,0.05877223157143);
#2822=VECTOR('',#11320,0.0582154357083807);
#2823=VECTOR('',#11321,0.0579436044260398);
#2824=VECTOR('',#11322,0.0570510219116312);
#2825=VECTOR('',#11323,0.0572490987999907);
#2826=VECTOR('',#11324,0.0547350706349084);
#2827=VECTOR('',#11325,0.057830035346537);
#2828=VECTOR('',#11326,0.944765848039115);
#2829=VECTOR('',#11327,0.1730687534327);
#2830=VECTOR('',#11328,0.627508219384927);
#2831=VECTOR('',#11329,0.632292514580721);
#2832=VECTOR('',#11330,0.1718058578963);
#2833=VECTOR('',#11331,0.944770171650715);
#2834=VECTOR('',#11332,0.1726430581448);
#2835=VECTOR('',#11333,0.629668584020398);
#2836=VECTOR('',#11334,0.634895062263914);
#2837=VECTOR('',#11335,0.1724207508232);
#2838=VECTOR('',#11338,1.675157620142);
#2839=VECTOR('',#11339,1.18451676936694);
#2840=VECTOR('',#11340,1.182657692664);
#2841=VECTOR('',#11343,0.636823511957288);
#2842=VECTOR('',#11344,0.09387052425882);
#2843=VECTOR('',#11345,0.0619259956682295);
#2844=VECTOR('',#11346,0.0498362237036087);
#2845=VECTOR('',#11347,0.0381991675487207);
#2846=VECTOR('',#11348,0.0326819280896914);
#2847=VECTOR('',#11349,0.0335860548445395);
#2848=VECTOR('',#11350,0.0351601824174389);
#2849=VECTOR('',#11351,0.0533280324231009);
#2850=VECTOR('',#11352,0.056686166935192);
#2851=VECTOR('',#11353,0.0608977398170817);
#2852=VECTOR('',#11354,0.0646507292380912);
#2853=VECTOR('',#11355,0.0680407259606479);
#2854=VECTOR('',#11356,0.0725883753262913);
#2855=VECTOR('',#11357,0.0586811516717006);
#2856=VECTOR('',#11358,0.0482336906036016);
#2857=VECTOR('',#11359,0.0395896394238311);
#2858=VECTOR('',#11360,0.0343168604819394);
#2859=VECTOR('',#11361,0.0314487076644587);
#2860=VECTOR('',#11362,0.0306523865324092);
#2861=VECTOR('',#11363,0.0267743020806405);
#2862=VECTOR('',#11364,0.0376404984201611);
#2863=VECTOR('',#11365,0.0488241713622886);
#2864=VECTOR('',#11366,0.1072610036408);
#2865=VECTOR('',#11369,0.100091313983597);
#2866=VECTOR('',#11370,0.0584530698112623);
#2867=VECTOR('',#11371,0.05338081944173);
#2868=VECTOR('',#11372,0.05221582460265);
#2869=VECTOR('',#11373,0.051335976063251);
#2870=VECTOR('',#11374,0.0515974979265723);
#2871=VECTOR('',#11375,0.0570691655309486);
#2872=VECTOR('',#11376,0.050157249738369);
#2873=VECTOR('',#11377,0.0524676787479515);
#2874=VECTOR('',#11378,0.0568246446798499);
#2875=VECTOR('',#11379,0.061324990836391);
#2876=VECTOR('',#11380,0.0662735551213692);
#2877=VECTOR('',#11381,0.0730018740215112);
#2878=VECTOR('',#11382,0.0737593429806062);
#2879=VECTOR('',#11383,0.0688644677573804);
#2880=VECTOR('',#11384,0.0651796296388422);
#2881=VECTOR('',#11385,0.0657155054583668);
#2882=VECTOR('',#11386,0.0569827252412123);
#2883=VECTOR('',#11387,0.0525419841119117);
#2884=VECTOR('',#11388,0.0506422324295887);
#2885=VECTOR('',#11389,0.0504662549676175);
#2886=VECTOR('',#11390,0.0552018342549693);
#2887=VECTOR('',#11391,0.0874104534970629);
#2888=VECTOR('',#11392,0.0888801858696728);
#2889=VECTOR('',#11393,0.0993707881863096);
#2890=VECTOR('',#11394,0.103894861404298);
#2891=VECTOR('',#11395,0.100213130552099);
#2892=VECTOR('',#11398,15.24);
#2893=VECTOR('',#11399,1.2);
#2894=VECTOR('',#11400,7.62);
#2895=VECTOR('',#11401,7.62);
#2896=VECTOR('',#11404,15.24);
#2897=VECTOR('',#11409,15.24);
#2898=VECTOR('',#11410,8.9);
#2899=VECTOR('',#11413,15.24);
#2900=VECTOR('',#11414,9.416090036882);
#2901=VECTOR('',#11415,6.899999915723);
#2902=VECTOR('',#11416,3.88000000000001);
#2903=VECTOR('',#11417,6.899999649147);
#2904=VECTOR('',#11418,3.88);
#2905=VECTOR('',#11419,6.899999900434);
#2906=VECTOR('',#11420,3.49000000000102);
#2907=VECTOR('',#11421,6.89999957418);
#2908=VECTOR('',#11422,3.490000000002);
#2909=VECTOR('',#11423,6.899999974471);
#2910=VECTOR('',#11424,3.490000000001);
#2911=VECTOR('',#11425,6.89999994328);
#2912=VECTOR('',#11426,3.490000000001);
#2913=VECTOR('',#11429,0.571338560524805);
#2914=VECTOR('',#11430,0.299999981087202);
#2915=VECTOR('',#11431,0.59410526336958);
#2916=VECTOR('',#11432,6.043935031599);
#2917=VECTOR('',#11435,3.15146270982791);
#2918=VECTOR('',#11436,10.);
#2919=VECTOR('',#11439,10.);
#2920=VECTOR('',#11440,2.63386776140297);
#2921=VECTOR('',#11441,2.8);
#2922=VECTOR('',#11444,0.301711210444415);
#2923=VECTOR('',#11445,3.049999999333);
#2924=VECTOR('',#11446,1.67309979146992);
#2925=VECTOR('',#11451,0.3000187759938);
#2926=VECTOR('',#11464,1.20055607678794);
#2927=VECTOR('',#11465,2.799999999999);
#2928=VECTOR('',#11468,3.049999999333);
#2929=VECTOR('',#11471,0.34200977268);
#2930=VECTOR('',#11472,0.3420097726799);
#2931=VECTOR('',#11473,3.049999999333);
#2932=VECTOR('',#11476,0.3420097726802);
#2933=VECTOR('',#11477,2.8);
#2934=VECTOR('',#11480,0.34200977268);
#2935=VECTOR('',#11481,3.049999999333);
#2936=VECTOR('',#11484,2.8);
#2937=VECTOR('',#11489,0.571338510478996);
#2938=VECTOR('',#11490,0.3000000457961);
#2939=VECTOR('',#11491,0.594105263370216);
#2940=VECTOR('',#11492,6.043935031598);
#2941=VECTOR('',#11497,10.);
#2942=VECTOR('',#11498,2.63386776140198);
#2943=VECTOR('',#11499,2.8);
#2944=VECTOR('',#11500,2.63386776140207);
#2945=VECTOR('',#11501,0.57133690551887);
#2946=VECTOR('',#11502,1.50715701517003);
#2947=VECTOR('',#11515,10.);
#2948=VECTOR('',#11516,0.300000885515789);
#2949=VECTOR('',#11519,0.594105263370002);
#2950=VECTOR('',#11520,6.043935031598);
#2951=VECTOR('',#11523,2.8);
#2952=VECTOR('',#11524,1.20055607678798);
#2953=VECTOR('',#11525,1.20055607678801);
#2954=VECTOR('',#11528,2.8);
#2955=VECTOR('',#11529,0.3420097726799);
#2956=VECTOR('',#11530,0.3420097726799);
#2957=VECTOR('',#11533,2.8);
#2958=VECTOR('',#11534,3.049999999333);
#2959=VECTOR('',#11535,3.049999999333);
#2960=VECTOR('',#11538,0.34200977268);
#2961=VECTOR('',#11539,0.3420097726799);
#2962=VECTOR('',#11542,3.049999999333);
#2963=VECTOR('',#11547,3.049999999333);
#2964=VECTOR('',#11554,1.67309979146996);
#2965=VECTOR('',#11555,3.049999999333);
#2966=VECTOR('',#11556,3.15146278650701);
#2967=VECTOR('',#11557,0.301711178537203);
#2968=VECTOR('',#11560,0.594105263370102);
#2969=VECTOR('',#11561,1.20055607678801);
#2970=VECTOR('',#11562,2.799999999999);
#2971=VECTOR('',#11565,0.34200977268);
#2972=VECTOR('',#11566,0.3420097726799);
#2973=VECTOR('',#11567,2.8);
#2974=VECTOR('',#11570,0.3420097726801);
#2975=VECTOR('',#11571,3.049999999333);
#2976=VECTOR('',#11574,0.34200977268);
#2977=VECTOR('',#11575,2.799999999999);
#2978=VECTOR('',#11576,2.8);
#2979=VECTOR('',#11579,3.049999999333);
#2980=VECTOR('',#11580,3.049999999333);
#2981=VECTOR('',#11585,2.63386776140198);
#2982=VECTOR('',#11586,6.043935031598);
#2983=VECTOR('',#11589,0.571336579498124);
#2984=VECTOR('',#11590,1.50715648429904);
#2985=VECTOR('',#11593,10.);
#2986=VECTOR('',#11598,0.300018006993987);
#2987=VECTOR('',#11601,0.300001102504197);
#2988=VECTOR('',#11614,15.24);
#2989=VECTOR('',#11619,15.24);
#2990=VECTOR('',#11620,0.251216824556411);
#2991=VECTOR('',#11623,15.24);
#2992=VECTOR('',#11624,4.4493174103742);
#2993=VECTOR('',#11627,15.24);
#2994=VECTOR('',#11628,0.362283531027088);
#2995=VECTOR('',#11631,15.24);
#2996=VECTOR('',#11632,0.904010829419194);
#2997=VECTOR('',#11635,15.24);
#2998=VECTOR('',#11636,7.608136903298);
#2999=VECTOR('',#11647,1.975);
#3000=VECTOR('',#11654,1.863659780227);
#3001=VECTOR('',#11671,2.972060145043);
#3002=VECTOR('',#11672,3.682194621684);
#3003=VECTOR('',#11675,3.682194621684);
#3004=VECTOR('',#11678,2.972060145016);
#3005=VECTOR('',#11691,1.975);
#3006=VECTOR('',#11698,1.863659780227);
#3007=VECTOR('',#11715,2.97206014503);
#3008=VECTOR('',#11718,3.682194621686);
#3009=VECTOR('',#11721,3.682194621686);
#3010=VECTOR('',#11724,2.972060145039);
#3011=VECTOR('',#11735,1.975);
#3012=VECTOR('',#11742,1.863659780227);
#3013=VECTOR('',#11759,2.972060145053);
#3014=VECTOR('',#11760,3.682194621685);
#3015=VECTOR('',#11763,3.682194621685);
#3016=VECTOR('',#11766,2.972060145043);
#3017=VECTOR('',#11777,15.24);
#3018=VECTOR('',#11782,15.24);
#3019=VECTOR('',#11783,2.3);
#3020=VECTOR('',#11786,15.24);
#3021=VECTOR('',#11787,1.52970585407794);
#3022=VECTOR('',#11818,0.5648414263302);
#3023=VECTOR('',#11819,5.08);
#3024=VECTOR('',#11820,0.5648414263302);
#3025=VECTOR('',#11821,1.6);
#3026=VECTOR('',#11822,0.5648414263312);
#3027=VECTOR('',#11823,3.48);
#3028=VECTOR('',#11824,3.3);
#3029=VECTOR('',#11825,3.48);
#3030=VECTOR('',#11826,0.5648414263315);
#3031=VECTOR('',#11827,1.6);
#3032=VECTOR('',#11828,1.6);
#3033=VECTOR('',#11829,2.62140662713);
#3034=VECTOR('',#11830,1.6);
#3035=VECTOR('',#11831,2.62140662713);
#3036=VECTOR('',#11832,2.62140662713);
#3037=VECTOR('',#11833,1.6);
#3038=VECTOR('',#11834,2.62140662713);
#3039=VECTOR('',#11835,1.6);
#3040=VECTOR('',#11840,0.534862181455209);
#3041=VECTOR('',#11841,10.);
#3042=VECTOR('',#11842,10.);
#3043=VECTOR('',#11847,3.70878946510911);
#3044=VECTOR('',#11850,0.894278676300771);
#3045=VECTOR('',#11853,0.541318184898397);
#3046=VECTOR('',#11856,0.467625862044415);
#3047=VECTOR('',#11857,3.4);
#3048=VECTOR('',#11862,1.236453810943);
#3049=VECTOR('',#11863,2.607035016875);
#3050=VECTOR('',#11864,1.236515646812);
#3051=VECTOR('',#11865,1.02591422643496);
#3052=VECTOR('',#11868,0.850000000182);
#3053=VECTOR('',#11869,0.534862180296698);
#3054=VECTOR('',#11876,3.400000000001);
#3055=VECTOR('',#11877,0.467625862053879);
#3056=VECTOR('',#11880,0.541318184885682);
#3057=VECTOR('',#11883,0.894278676291104);
#3058=VECTOR('',#11886,3.70878946510697);
#3059=VECTOR('',#11891,1.6);
#3060=VECTOR('',#11896,0.8500000230605);
#3061=VECTOR('',#11897,1.02591424877599);
#3062=VECTOR('',#11898,0.534862181284022);
#3063=VECTOR('',#11901,1.236448073488);
#3064=VECTOR('',#11904,0.315685447801601);
#3065=VECTOR('',#11907,2.700000000005);
#3066=VECTOR('',#11910,0.315631715074401);
#3067=VECTOR('',#11913,2.243467414106);
#3068=VECTOR('',#11914,1.6);
#3069=VECTOR('',#11917,2.472932693029);
#3070=VECTOR('',#11918,8.29999999947612);
#3071=VECTOR('',#11919,8.29999998995333);
#3072=VECTOR('',#11922,1.172878297263);
#3073=VECTOR('',#11925,1.172878297262);
#3074=VECTOR('',#11928,0.5864391486311);
#3075=VECTOR('',#11929,4.6499999803);
#3076=VECTOR('',#11930,1.2365102359);
#3077=VECTOR('',#11933,0.315652995007301);
#3078=VECTOR('',#11936,2.700000000005);
#3079=VECTOR('',#11939,0.315685444160901);
#3080=VECTOR('',#11944,0.315677245296701);
#3081=VECTOR('',#11947,2.700000000004);
#3082=VECTOR('',#11950,0.315685480350101);
#3083=VECTOR('',#11953,2.47294357596);
#3084=VECTOR('',#11956,0.315681320300401);
#3085=VECTOR('',#11959,2.7);
#3086=VECTOR('',#11962,0.315685527331401);
#3087=VECTOR('',#11965,1.23645312003);
#3088=VECTOR('',#11966,0.586439148631);
#3089=VECTOR('',#11979,1.5);
#3090=VECTOR('',#11986,1.1);
#3091=VECTOR('',#11991,0.6999999999998);
#3092=VECTOR('',#11998,1.5);
#3093=VECTOR('',#12003,1.1);
#3094=VECTOR('',#12010,0.6999999999993);
#3095=VECTOR('',#12017,1.5);
#3096=VECTOR('',#12024,1.1);
#3097=VECTOR('',#12029,0.6999999999999);
#3098=VECTOR('',#12034,0.9199999999982);
#3099=VECTOR('',#12037,0.9199999999998);
#3100=VECTOR('',#12038,8.);
#3101=VECTOR('',#12039,8.);
#3102=VECTOR('',#12042,1.936468827054);
#3103=VECTOR('',#12047,10.);
#3104=VECTOR('',#12048,1.571765586474);
#3105=VECTOR('',#12049,3.143531172945);
#3106=VECTOR('',#12050,0.9682344135273);
#3107=VECTOR('',#12055,0.4600000000002);
#3108=VECTOR('',#12058,7.999999999783);
#3109=VECTOR('',#12059,0.4599999999989);
#3110=VECTOR('',#12074,1.571765586474);
#3111=VECTOR('',#12081,8.);
#3112=VECTOR('',#12088,0.9199999999986);
#3113=VECTOR('',#12091,0.9199999999998);
#3114=VECTOR('',#12092,8.);
#3115=VECTOR('',#12095,1.936468827052);
#3116=VECTOR('',#12100,0.8999999999999);
#3117=VECTOR('',#12101,0.9682344135277);
#3118=VECTOR('',#12102,3.143531172946);
#3119=VECTOR('',#12111,7.999999999993);
#3120=VECTOR('',#12118,0.4599999999989);
#3121=VECTOR('',#12123,1.02591423723197);
#3122=VECTOR('',#12124,8.299999992265);
#3123=VECTOR('',#12125,7.999999999993);
#3124=VECTOR('',#12126,0.4000000000001);
#3125=VECTOR('',#12129,0.4599999999998);
#3126=VECTOR('',#12134,1.236532585894);
#3127=VECTOR('',#12135,8.29999999560221);
#3128=VECTOR('',#12140,8.30000000002689);
#3129=VECTOR('',#12143,8.3);
#3130=VECTOR('',#12146,8.3);
#3131=VECTOR('',#12149,8.3);
#3132=VECTOR('',#12152,8.3);
#3133=VECTOR('',#12155,8.3);
#3134=VECTOR('',#12160,8.29999999511305);
#3135=VECTOR('',#12161,1.236452200607);
#3136=VECTOR('',#12164,2.243547799393);
#3137=VECTOR('',#12165,1.02591424550697);
#3138=VECTOR('',#12168,0.8500000203221);
#3139=VECTOR('',#12169,0.534862180713681);
#3140=VECTOR('',#12174,1.6);
#3141=VECTOR('',#12177,1.6);
#3142=VECTOR('',#12182,0.315685532239301);
#3143=VECTOR('',#12185,2.7);
#3144=VECTOR('',#12188,0.315683145017701);
#3145=VECTOR('',#12191,1.236522630425);
#3146=VECTOR('',#12194,8.29999998487224);
#3147=VECTOR('',#12195,8.29999999861521);
#3148=VECTOR('',#12198,8.3000000000002);
#3149=VECTOR('',#12201,8.3);
#3150=VECTOR('',#12204,8.3);
#3151=VECTOR('',#12207,8.3);
#3152=VECTOR('',#12210,8.3);
#3153=VECTOR('',#12213,8.3);
#3154=VECTOR('',#12218,8.3);
#3155=VECTOR('',#12223,2.700000000005);
#3156=VECTOR('',#12226,0.315648422172479);
#3157=VECTOR('',#12229,0.315685482733201);
#3158=VECTOR('',#12234,8.3);
#3159=VECTOR('',#12235,8.3);
#3160=VECTOR('',#12238,8.3);
#3161=VECTOR('',#12243,8.3);
#3162=VECTOR('',#12246,8.30000000005024);
#3163=VECTOR('',#12253,1.6);
#3164=VECTOR('',#12260,0.894278676295214);
#3165=VECTOR('',#12263,0.541318184881882);
#3166=VECTOR('',#12266,0.467625862049722);
#3167=VECTOR('',#12267,3.400000000001);
#3168=VECTOR('',#12270,3.70878946510997);
#3169=VECTOR('',#12273,1.6);
#3170=VECTOR('',#12274,1.6);
#3171=VECTOR('',#12277,1.6);
#3172=VECTOR('',#12280,1.6);
#3173=VECTOR('',#12283,1.6);
#3174=VECTOR('',#12286,1.6);
#3175=VECTOR('',#12289,1.6);
#3176=VECTOR('',#12292,1.6);
#3177=VECTOR('',#12299,1.6);
#3178=VECTOR('',#12304,3.400000000001);
#3179=VECTOR('',#12305,0.467625862044715);
#3180=VECTOR('',#12308,0.541318184900505);
#3181=VECTOR('',#12311,0.894278676300771);
#3182=VECTOR('',#12314,3.70878946510711);
#3183=VECTOR('',#12319,1.6);
#3184=VECTOR('',#12322,1.6);
#3185=VECTOR('',#12325,1.6);
#3186=VECTOR('',#12328,1.6);
#3187=VECTOR('',#12331,1.6);
#3188=VECTOR('',#12334,1.6);
#3189=VECTOR('',#12337,1.6);
#3190=VECTOR('',#12340,1.6);
#3191=VECTOR('',#12345,0.03);
#3192=VECTOR('',#12346,10.);
#3193=VECTOR('',#12347,10.);
#3194=VECTOR('',#12350,10.);
#3195=VECTOR('',#12351,0.03);
#3196=VECTOR('',#12354,1.27291995372605);
#3197=VECTOR('',#12355,0.03);
#3198=VECTOR('',#12358,0.8998440000023);
#3199=VECTOR('',#12359,0.03);
#3200=VECTOR('',#12362,1.799688000005);
#3201=VECTOR('',#12365,1.675157620142);
#3202=VECTOR('',#12366,1.182657692664);
#3203=VECTOR('',#12367,1.18451676936694);
#3204=VECTOR('',#12370,0.944969265496466);
#3205=VECTOR('',#12371,0.3172044228668);
#3206=VECTOR('',#12372,0.0731019397738094);
#3207=VECTOR('',#12373,0.0598010347175227);
#3208=VECTOR('',#12374,0.0468321584985881);
#3209=VECTOR('',#12375,0.0687426800012206);
#3210=VECTOR('',#12376,0.063591538582257);
#3211=VECTOR('',#12377,0.0595505956869895);
#3212=VECTOR('',#12378,0.0764674056300965);
#3213=VECTOR('',#12379,0.0799068229208025);
#3214=VECTOR('',#12380,0.0848869993994446);
#3215=VECTOR('',#12381,0.088064203953141);
#3216=VECTOR('',#12382,0.0905328093073867);
#3217=VECTOR('',#12383,0.0948358618948672);
#3218=VECTOR('',#12384,0.04392214337379);
#3219=VECTOR('',#12385,0.0413778869079716);
#3220=VECTOR('',#12386,0.0392099597660583);
#3221=VECTOR('',#12387,0.0370190585964396);
#3222=VECTOR('',#12388,0.034798639247021);
#3223=VECTOR('',#12389,0.033046352361049);
#3224=VECTOR('',#12390,0.0316553973639207);
#3225=VECTOR('',#12391,0.0306001757211591);
#3226=VECTOR('',#12392,0.0301130232407394);
#3227=VECTOR('',#12393,0.0296555858803407);
#3228=VECTOR('',#12394,0.0295049704989306);
#3229=VECTOR('',#12395,0.0298132785335891);
#3230=VECTOR('',#12396,0.0312224703481692);
#3231=VECTOR('',#12397,0.0332909775714909);
#3232=VECTOR('',#12398,0.0356280698751318);
#3233=VECTOR('',#12399,0.0268138649276204);
#3234=VECTOR('',#12400,0.043111835456609);
#3235=VECTOR('',#12401,0.0594706513193314);
#3236=VECTOR('',#12402,0.2424003139495);
#3237=VECTOR('',#12403,0.636823511957288);
#3238=VECTOR('',#12404,0.1072610036408);
#3239=VECTOR('',#12405,0.0488241713622886);
#3240=VECTOR('',#12406,0.0376404984201611);
#3241=VECTOR('',#12407,0.0267743020806405);
#3242=VECTOR('',#12408,0.0306523865324092);
#3243=VECTOR('',#12409,0.0314487076644608);
#3244=VECTOR('',#12410,0.0343168604819394);
#3245=VECTOR('',#12411,0.0395896394238311);
#3246=VECTOR('',#12412,0.0482336906036016);
#3247=VECTOR('',#12413,0.0586811516717006);
#3248=VECTOR('',#12414,0.0725883753262913);
#3249=VECTOR('',#12415,0.0680407259606479);
#3250=VECTOR('',#12416,0.0646507292380912);
#3251=VECTOR('',#12417,0.0608977398170817);
#3252=VECTOR('',#12418,0.056686166935192);
#3253=VECTOR('',#12419,0.053328032423107);
#3254=VECTOR('',#12420,0.0351601824174389);
#3255=VECTOR('',#12421,0.0335860548445395);
#3256=VECTOR('',#12422,0.0326819280896914);
#3257=VECTOR('',#12423,0.0381991675487207);
#3258=VECTOR('',#12424,0.0498362237036087);
#3259=VECTOR('',#12425,0.0619259956682295);
#3260=VECTOR('',#12426,0.09387052425882);
#3261=VECTOR('',#12429,0.944839375232538);
#3262=VECTOR('',#12430,0.7029032048013);
#3263=VECTOR('',#12431,0.158076793145203);
#3264=VECTOR('',#12432,0.5235530821592);
#3265=VECTOR('',#12433,0.258186018930899);
#3266=VECTOR('',#12434,0.4659517900473);
#3267=VECTOR('',#12435,0.157890340995201);
#3268=VECTOR('',#12436,0.4657294823191);
#3269=VECTOR('',#12437,0.21456572635261);
#3270=VECTOR('',#12438,0.4818586008187);
#3271=VECTOR('',#12439,0.157890341117398);
#3272=VECTOR('',#12440,0.6670691280215);
#3273=VECTOR('',#12443,0.0898792913695072);
#3274=VECTOR('',#12444,0.088011161597247);
#3275=VECTOR('',#12445,0.0876917444659595);
#3276=VECTOR('',#12446,0.120249532998498);
#3277=VECTOR('',#12447,0.103936650204499);
#3278=VECTOR('',#12448,0.0984211524125207);
#3279=VECTOR('',#12449,0.0760369496574004);
#3280=VECTOR('',#12450,0.0862767226439987);
#3281=VECTOR('',#12451,0.102010382261202);
#3282=VECTOR('',#12452,0.0716521999165266);
#3283=VECTOR('',#12453,0.0722039680215904);
#3284=VECTOR('',#12454,0.0734736469147483);
#3285=VECTOR('',#12455,0.0716837889185438);
#3286=VECTOR('',#12456,0.0664264869660305);
#3287=VECTOR('',#12457,0.0616223271076495);
#3288=VECTOR('',#12458,0.405569916573298);
#3289=VECTOR('',#12459,0.40269821117);
#3290=VECTOR('',#12460,0.157946484927295);
#3291=VECTOR('',#12461,0.2296247274935);
#3292=VECTOR('',#12462,0.140271727178896);
#3293=VECTOR('',#12463,0.0369445026821294);
#3294=VECTOR('',#12464,0.0398155618804701);
#3295=VECTOR('',#12465,0.04280487047978);
#3296=VECTOR('',#12466,0.0435581993046714);
#3297=VECTOR('',#12467,0.0417062536960705);
#3298=VECTOR('',#12468,0.0402157454480402);
#3299=VECTOR('',#12469,0.0606763255974279);
#3300=VECTOR('',#12470,0.0515992682040105);
#3301=VECTOR('',#12471,0.047221085570751);
#3302=VECTOR('',#12472,0.0490120699520531);
#3303=VECTOR('',#12473,0.057052813927327);
#3304=VECTOR('',#12474,0.0692462725878999);
#3305=VECTOR('',#12475,0.0760517944861193);
#3306=VECTOR('',#12476,0.0743013108223368);
#3307=VECTOR('',#12477,0.0737898486285785);
#3308=VECTOR('',#12478,0.0708072111610028);
#3309=VECTOR('',#12479,0.0654387777049803);
#3310=VECTOR('',#12480,0.0623811343257678);
#3311=VECTOR('',#12481,0.0603076353241503);
#3312=VECTOR('',#12482,0.0586597789867193);
#3313=VECTOR('',#12483,0.0590055498803424);
#3314=VECTOR('',#12484,0.0479154823963191);
#3315=VECTOR('',#12485,0.0405004418919112);
#3316=VECTOR('',#12486,0.0405136382256786);
#3317=VECTOR('',#12487,0.0432651722020617);
#3318=VECTOR('',#12488,0.0483808245452313);
#3319=VECTOR('',#12489,0.175721638369007);
#3320=VECTOR('',#12490,0.0869644002010102);
#3321=VECTOR('',#12491,0.0780407181678387);
#3322=VECTOR('',#12492,0.0744090340819598);
#3323=VECTOR('',#12493,0.0766614525318872);
#3324=VECTOR('',#12494,0.0842386238723202);
#3325=VECTOR('',#12495,0.0965237050835041);
#3326=VECTOR('',#12496,0.100807642804098);
#3327=VECTOR('',#12497,0.0971281504783926);
#3328=VECTOR('',#12498,0.0970787652224133);
#3329=VECTOR('',#12499,0.0984710624860894);
#3330=VECTOR('',#12500,0.100912622839099);
#3331=VECTOR('',#12501,0.106326622450903);
#3332=VECTOR('',#12504,0.0420764126307319);
#3333=VECTOR('',#12505,0.0543209514395405);
#3334=VECTOR('',#12506,10.);
#3335=VECTOR('',#12507,10.);
#3336=VECTOR('',#12508,0.0279673238234598);
#3337=VECTOR('',#12509,0.0256704426943588);
#3338=VECTOR('',#12510,0.0241487799963389);
#3339=VECTOR('',#12511,0.0252875791006307);
#3340=VECTOR('',#12512,0.0301459120589);
#3341=VECTOR('',#12513,0.0309338590048909);
#3342=VECTOR('',#12514,0.0342371815184503);
#3343=VECTOR('',#12515,0.03902801292877);
#3344=VECTOR('',#12516,0.0462835465536787);
#3345=VECTOR('',#12517,0.0554871733577608);
#3346=VECTOR('',#12518,0.06477286619941);
#3347=VECTOR('',#12519,0.0507670004803983);
#3348=VECTOR('',#12520,0.0414524533878198);
#3349=VECTOR('',#12521,0.0280979623278383);
#3350=VECTOR('',#12522,0.0382459390951688);
#3351=VECTOR('',#12523,0.0500686782539007);
#3352=VECTOR('',#12524,0.177465975503598);
#3353=VECTOR('',#12525,0.0580520602103102);
#3354=VECTOR('',#12526,0.0533968388298713);
#3355=VECTOR('',#12527,0.0504565749553617);
#3356=VECTOR('',#12528,0.0491773990032008);
#3357=VECTOR('',#12529,0.0509814337877332);
#3358=VECTOR('',#12530,0.0561837465067373);
#3359=VECTOR('',#12531,0.0615795248329777);
#3360=VECTOR('',#12532,0.066816500416738);
#3361=VECTOR('',#12533,0.0735267985504299);
#3362=VECTOR('',#12534,0.105459323293999);
#3363=VECTOR('',#12535,0.0948758907998019);
#3364=VECTOR('',#12536,0.0895558943517065);
#3365=VECTOR('',#12537,0.0842227056775264);
#3366=VECTOR('',#12538,0.0782260851700879);
#3367=VECTOR('',#12539,0.0778809438317291);
#3368=VECTOR('',#12540,0.0602699180445122);
#3369=VECTOR('',#12541,0.0547539306193602);
#3370=VECTOR('',#12542,0.0540773673209407);
#3371=VECTOR('',#12543,0.048323255421859);
#3372=VECTOR('',#12544,0.0716506979232982);
#3373=VECTOR('',#12545,10.);
#3374=VECTOR('',#12546,0.0479131802917689);
#3375=VECTOR('',#12547,0.0323095475491082);
#3376=VECTOR('',#12548,0.0234772782107901);
#3377=VECTOR('',#12549,0.0226506683431298);
#3378=VECTOR('',#12550,0.0243063759928201);
#3379=VECTOR('',#12551,0.0266570813221208);
#3380=VECTOR('',#12552,0.0263789983343403);
#3381=VECTOR('',#12553,0.0283258932484698);
#3382=VECTOR('',#12554,0.0321204640514401);
#3383=VECTOR('',#12555,0.0386261791133814);
#3384=VECTOR('',#12556,0.0467244510103288);
#3385=VECTOR('',#12557,0.0474359046094883);
#3386=VECTOR('',#12558,0.0396470990944711);
#3387=VECTOR('',#12559,0.0344321966506507);
#3388=VECTOR('',#12560,0.0329866700381204);
#3389=VECTOR('',#12561,0.0350733680925886);
#3390=VECTOR('',#12562,0.0398311016093303);
#3391=VECTOR('',#12563,0.178519796525906);
#3392=VECTOR('',#12564,0.0770691308374101);
#3393=VECTOR('',#12565,0.0703006253118992);
#3394=VECTOR('',#12566,0.0698752471222608);
#3395=VECTOR('',#12567,0.0737936540063423);
#3396=VECTOR('',#12568,0.0827417862751531);
#3397=VECTOR('',#12569,0.0970592651238868);
#3398=VECTOR('',#12570,0.0970224988612457);
#3399=VECTOR('',#12571,0.0858781547701973);
#3400=VECTOR('',#12572,0.0794291051602596);
#3401=VECTOR('',#12573,0.0750262800279619);
#3402=VECTOR('',#12574,0.0716332234330468);
#3403=VECTOR('',#12575,0.0734864368432578);
#3404=VECTOR('',#12576,0.0415293654652689);
#3405=VECTOR('',#12577,0.0381502920580594);
#3406=VECTOR('',#12578,0.0361313474905013);
#3407=VECTOR('',#12579,0.0348757233523416);
#3408=VECTOR('',#12580,0.0344904033634784);
#3409=VECTOR('',#12581,0.035261641968371);
#3410=VECTOR('',#12584,0.0612371527682074);
#3411=VECTOR('',#12585,0.057830035346537);
#3412=VECTOR('',#12586,0.0547350706349084);
#3413=VECTOR('',#12587,0.0572490987999907);
#3414=VECTOR('',#12588,0.0570510219116312);
#3415=VECTOR('',#12589,0.0579436044260398);
#3416=VECTOR('',#12590,0.058215435708393);
#3417=VECTOR('',#12591,0.05877223157143);
#3418=VECTOR('',#12592,0.0622257003667579);
#3419=VECTOR('',#12593,0.0660103173284696);
#3420=VECTOR('',#12594,0.0708782896911266);
#3421=VECTOR('',#12595,0.0788915248200182);
#3422=VECTOR('',#12596,0.094458446555712);
#3423=VECTOR('',#12597,0.0923948116132691);
#3424=VECTOR('',#12598,0.093399589542429);
#3425=VECTOR('',#12599,0.0945964548177383);
#3426=VECTOR('',#12600,0.0964877710887397);
#3427=VECTOR('',#12601,0.101038142048903);
#3428=VECTOR('',#12602,0.1014631350779);
#3429=VECTOR('',#12603,0.0974485218980977);
#3430=VECTOR('',#12604,0.0956919168871935);
#3431=VECTOR('',#12605,0.106561959278905);
#3432=VECTOR('',#12606,0.0947601027430022);
#3433=VECTOR('',#12607,0.0908065443636212);
#3434=VECTOR('',#12608,0.0900696163913848);
#3435=VECTOR('',#12609,0.0927209313911687);
#3436=VECTOR('',#12610,0.103482495006497);
#3437=VECTOR('',#12611,0.080929788601191);
#3438=VECTOR('',#12612,0.0777945401829525);
#3439=VECTOR('',#12613,0.0766433837188489);
#3440=VECTOR('',#12614,0.0756239061910947);
#3441=VECTOR('',#12615,0.074780991064566);
#3442=VECTOR('',#12616,0.0753171260436898);
#3443=VECTOR('',#12617,0.0769225370656107);
#3444=VECTOR('',#12618,0.0790873766258194);
#3445=VECTOR('',#12619,0.0823280863358871);
#3446=VECTOR('',#12620,0.100091313983597);
#3447=VECTOR('',#12621,0.100213130551999);
#3448=VECTOR('',#12622,0.103894861404298);
#3449=VECTOR('',#12623,0.0993707881863096);
#3450=VECTOR('',#12624,0.0888801858696728);
#3451=VECTOR('',#12625,0.0874104534970629);
#3452=VECTOR('',#12626,0.0552018342549693);
#3453=VECTOR('',#12627,0.0504662549676175);
#3454=VECTOR('',#12628,0.0506422324295887);
#3455=VECTOR('',#12629,0.0525419841119117);
#3456=VECTOR('',#12630,0.0569827252412123);
#3457=VECTOR('',#12631,0.0657155054583668);
#3458=VECTOR('',#12632,0.0651796296388422);
#3459=VECTOR('',#12633,0.0688644677573804);
#3460=VECTOR('',#12634,0.0737593429806128);
#3461=VECTOR('',#12635,0.0730018740215112);
#3462=VECTOR('',#12636,0.0662735551213692);
#3463=VECTOR('',#12637,0.061324990836391);
#3464=VECTOR('',#12638,0.0568246446798499);
#3465=VECTOR('',#12639,0.0524676787479515);
#3466=VECTOR('',#12640,0.050157249738369);
#3467=VECTOR('',#12641,0.0570691655309486);
#3468=VECTOR('',#12642,0.0515974979265723);
#3469=VECTOR('',#12643,0.051335976063251);
#3470=VECTOR('',#12644,0.05221582460264);
#3471=VECTOR('',#12645,0.05338081944172);
#3472=VECTOR('',#12646,0.0584530698112623);
#3473=VECTOR('',#12649,0.944765848039115);
#3474=VECTOR('',#12650,0.1724207508232);
#3475=VECTOR('',#12651,0.634895062263914);
#3476=VECTOR('',#12652,0.629668584020398);
#3477=VECTOR('',#12653,0.1726430581448);
#3478=VECTOR('',#12654,0.944770171650715);
#3479=VECTOR('',#12655,0.1718058578963);
#3480=VECTOR('',#12656,0.632292514580721);
#3481=VECTOR('',#12657,0.627508219384927);
#3482=VECTOR('',#12658,0.1730687534327);
#3483=VECTOR('',#12661,0.03);
#3484=VECTOR('',#12662,0.03);
#3485=VECTOR('',#12665,0.03);
#3486=VECTOR('',#12670,0.03);
#3487=VECTOR('',#12671,0.03);
#3488=VECTOR('',#12674,0.03);
#3489=VECTOR('',#12677,0.03);
#3490=VECTOR('',#12680,0.03);
#3491=VECTOR('',#12683,0.03);
#3492=VECTOR('',#12686,0.03);
#3493=VECTOR('',#12689,0.03);
#3494=VECTOR('',#12692,0.03);
#3495=VECTOR('',#12695,0.03);
#3496=VECTOR('',#12698,0.03);
#3497=VECTOR('',#12701,0.03);
#3498=VECTOR('',#12704,0.03);
#3499=VECTOR('',#12707,0.03);
#3500=VECTOR('',#12710,0.03);
#3501=VECTOR('',#12713,0.03);
#3502=VECTOR('',#12716,0.03);
#3503=VECTOR('',#12719,0.03);
#3504=VECTOR('',#12722,0.03);
#3505=VECTOR('',#12725,0.03);
#3506=VECTOR('',#12728,0.03);
#3507=VECTOR('',#12731,0.03);
#3508=VECTOR('',#12734,0.03);
#3509=VECTOR('',#12737,0.03);
#3510=VECTOR('',#12740,0.03);
#3511=VECTOR('',#12743,0.03);
#3512=VECTOR('',#12746,0.03);
#3513=VECTOR('',#12749,0.03);
#3514=VECTOR('',#12752,0.03);
#3515=VECTOR('',#12755,0.03);
#3516=VECTOR('',#12758,0.03);
#3517=VECTOR('',#12761,0.03);
#3518=VECTOR('',#12764,0.03);
#3519=VECTOR('',#12769,0.03);
#3520=VECTOR('',#12770,0.03);
#3521=VECTOR('',#12773,0.03);
#3522=VECTOR('',#12776,0.03);
#3523=VECTOR('',#12779,0.03);
#3524=VECTOR('',#12782,0.03);
#3525=VECTOR('',#12785,0.03);
#3526=VECTOR('',#12788,0.03);
#3527=VECTOR('',#12791,0.03);
#3528=VECTOR('',#12794,0.03);
#3529=VECTOR('',#12797,0.03);
#3530=VECTOR('',#12800,0.03);
#3531=VECTOR('',#12803,0.03);
#3532=VECTOR('',#12806,0.03);
#3533=VECTOR('',#12809,0.03);
#3534=VECTOR('',#12812,0.03);
#3535=VECTOR('',#12815,0.03);
#3536=VECTOR('',#12818,0.03);
#3537=VECTOR('',#12821,0.03);
#3538=VECTOR('',#12824,0.03);
#3539=VECTOR('',#12827,0.03);
#3540=VECTOR('',#12830,0.03);
#3541=VECTOR('',#12833,0.03);
#3542=VECTOR('',#12836,0.03);
#3543=VECTOR('',#12841,0.03);
#3544=VECTOR('',#12842,0.03);
#3545=VECTOR('',#12845,0.03);
#3546=VECTOR('',#12848,0.03);
#3547=VECTOR('',#12851,0.03);
#3548=VECTOR('',#12854,0.03);
#3549=VECTOR('',#12857,0.03);
#3550=VECTOR('',#12860,0.03);
#3551=VECTOR('',#12863,0.03);
#3552=VECTOR('',#12866,0.03);
#3553=VECTOR('',#12869,0.03);
#3554=VECTOR('',#12872,0.03);
#3555=VECTOR('',#12877,0.03);
#3556=VECTOR('',#12878,0.03);
#3557=VECTOR('',#12881,0.03);
#3558=VECTOR('',#12884,0.03);
#3559=VECTOR('',#12887,0.03);
#3560=VECTOR('',#12890,0.03);
#3561=VECTOR('',#12893,0.03);
#3562=VECTOR('',#12896,0.03);
#3563=VECTOR('',#12899,0.03);
#3564=VECTOR('',#12902,0.03);
#3565=VECTOR('',#12905,0.03);
#3566=VECTOR('',#12908,0.03);
#3567=VECTOR('',#12911,0.03);
#3568=VECTOR('',#12914,0.03);
#3569=VECTOR('',#12917,0.03);
#3570=VECTOR('',#12920,0.03);
#3571=VECTOR('',#12923,0.03);
#3572=VECTOR('',#12926,0.03);
#3573=VECTOR('',#12931,0.03);
#3574=VECTOR('',#12934,0.03);
#3575=VECTOR('',#12937,0.03);
#3576=VECTOR('',#12940,0.03);
#3577=VECTOR('',#12943,0.03);
#3578=VECTOR('',#12946,0.03);
#3579=VECTOR('',#12949,0.03);
#3580=VECTOR('',#12952,0.03);
#3581=VECTOR('',#12955,0.03);
#3582=VECTOR('',#12958,0.03);
#3583=VECTOR('',#12961,0.03);
#3584=VECTOR('',#12964,0.03);
#3585=VECTOR('',#12967,0.03);
#3586=VECTOR('',#12970,0.03);
#3587=VECTOR('',#12973,0.03);
#3588=VECTOR('',#12976,0.03);
#3589=VECTOR('',#12979,0.03);
#3590=VECTOR('',#12982,0.03);
#3591=VECTOR('',#12985,0.03);
#3592=VECTOR('',#12988,0.03);
#3593=VECTOR('',#12991,0.03);
#3594=VECTOR('',#12994,0.03);
#3595=VECTOR('',#12997,0.03);
#3596=VECTOR('',#13000,0.03);
#3597=VECTOR('',#13003,0.03);
#3598=VECTOR('',#13006,0.03);
#3599=VECTOR('',#13009,0.03);
#3600=VECTOR('',#13012,0.03);
#3601=VECTOR('',#13015,0.03);
#3602=VECTOR('',#13018,0.03);
#3603=VECTOR('',#13021,0.03);
#3604=VECTOR('',#13024,0.03);
#3605=VECTOR('',#13027,0.03);
#3606=VECTOR('',#13030,0.03);
#3607=VECTOR('',#13033,0.03);
#3608=VECTOR('',#13036,0.03);
#3609=VECTOR('',#13039,0.03);
#3610=VECTOR('',#13042,0.03);
#3611=VECTOR('',#13045,0.03);
#3612=VECTOR('',#13048,0.03);
#3613=VECTOR('',#13053,0.03);
#3614=VECTOR('',#13054,0.03);
#3615=VECTOR('',#13057,0.03);
#3616=VECTOR('',#13060,0.03);
#3617=VECTOR('',#13063,0.03);
#3618=VECTOR('',#13066,0.03);
#3619=VECTOR('',#13069,0.03);
#3620=VECTOR('',#13072,0.03);
#3621=VECTOR('',#13075,0.03);
#3622=VECTOR('',#13078,0.03);
#3623=VECTOR('',#13081,0.03);
#3624=VECTOR('',#13084,0.03);
#3625=VECTOR('',#13087,0.03);
#3626=VECTOR('',#13090,0.03);
#3627=VECTOR('',#13093,0.03);
#3628=VECTOR('',#13096,0.03);
#3629=VECTOR('',#13099,0.03);
#3630=VECTOR('',#13102,0.03);
#3631=VECTOR('',#13105,0.03);
#3632=VECTOR('',#13108,0.03);
#3633=VECTOR('',#13111,0.03);
#3634=VECTOR('',#13114,0.03);
#3635=VECTOR('',#13117,0.03);
#3636=VECTOR('',#13120,0.03);
#3637=VECTOR('',#13123,0.03);
#3638=VECTOR('',#13126,0.03);
#3639=VECTOR('',#13129,0.03);
#3640=VECTOR('',#13132,0.03);
#3641=VECTOR('',#13135,0.03);
#3642=VECTOR('',#13138,0.03);
#3643=VECTOR('',#13141,0.03);
#3644=VECTOR('',#13144,0.03);
#3645=VECTOR('',#13147,0.03);
#3646=VECTOR('',#13150,0.03);
#3647=VECTOR('',#13153,0.03);
#3648=VECTOR('',#13156,0.03);
#3649=VECTOR('',#13159,0.03);
#3650=VECTOR('',#13162,0.03);
#3651=VECTOR('',#13165,0.03);
#3652=VECTOR('',#13168,0.03);
#3653=VECTOR('',#13171,0.03);
#3654=VECTOR('',#13174,0.03);
#3655=VECTOR('',#13177,0.03);
#3656=VECTOR('',#13180,0.03);
#3657=VECTOR('',#13183,0.03);
#3658=VECTOR('',#13186,0.03);
#3659=VECTOR('',#13189,0.03);
#3660=VECTOR('',#13192,0.03);
#3661=VECTOR('',#13195,0.03);
#3662=VECTOR('',#13198,0.03);
#3663=VECTOR('',#13201,0.03);
#3664=VECTOR('',#13204,0.03);
#3665=VECTOR('',#13207,0.03);
#3666=VECTOR('',#13210,0.03);
#3667=VECTOR('',#13213,0.03);
#3668=VECTOR('',#13216,0.03);
#3669=VECTOR('',#13219,0.03);
#3670=VECTOR('',#13222,0.03);
#3671=VECTOR('',#13225,0.03);
#3672=VECTOR('',#13228,0.03);
#3673=VECTOR('',#13231,0.03);
#3674=VECTOR('',#13234,0.03);
#3675=VECTOR('',#13237,0.03);
#3676=VECTOR('',#13240,0.03);
#3677=VECTOR('',#13243,0.03);
#3678=VECTOR('',#13246,0.03);
#3679=VECTOR('',#13249,0.03);
#3680=VECTOR('',#13252,0.03);
#3681=VECTOR('',#13255,0.03);
#3682=VECTOR('',#13258,0.03);
#3683=VECTOR('',#13261,0.03);
#3684=VECTOR('',#13264,0.03);
#3685=VECTOR('',#13267,0.03);
#3686=VECTOR('',#13270,0.03);
#3687=VECTOR('',#13273,0.03);
#3688=VECTOR('',#13276,0.03);
#3689=VECTOR('',#13279,0.03);
#3690=VECTOR('',#13282,0.03);
#3691=VECTOR('',#13287,0.03);
#3692=VECTOR('',#13288,0.03);
#3693=VECTOR('',#13291,0.03);
#3694=VECTOR('',#13294,0.03);
#3695=VECTOR('',#13297,0.03);
#3696=VECTOR('',#13300,0.03);
#3697=VECTOR('',#13303,0.03);
#3698=VECTOR('',#13306,0.03);
#3699=VECTOR('',#13309,0.03);
#3700=VECTOR('',#13312,0.03);
#3701=VECTOR('',#13315,0.03);
#3702=VECTOR('',#13318,0.03);
#3703=VECTOR('',#13321,0.03);
#3704=VECTOR('',#13324,0.03);
#3705=VECTOR('',#13327,0.03);
#3706=VECTOR('',#13330,0.03);
#3707=VECTOR('',#13333,0.03);
#3708=VECTOR('',#13336,0.03);
#3709=VECTOR('',#13339,0.03);
#3710=VECTOR('',#13342,0.03);
#3711=VECTOR('',#13345,0.03);
#3712=VECTOR('',#13348,0.03);
#3713=VECTOR('',#13351,0.03);
#3714=VECTOR('',#13354,0.03);
#3715=VECTOR('',#13357,0.03);
#3716=VECTOR('',#13360,0.03);
#3717=VECTOR('',#13363,0.03);
#3718=VECTOR('',#13368,0.03);
#3719=VECTOR('',#13369,0.03);
#3720=VECTOR('',#13372,0.03);
#3721=VECTOR('',#13375,0.03);
#3722=VECTOR('',#13378,0.03);
#3723=VECTOR('',#13381,0.03);
#3724=VECTOR('',#13384,0.03);
#3725=VECTOR('',#13387,0.03);
#3726=VECTOR('',#13390,0.03);
#3727=VECTOR('',#13393,0.03);
#3728=VECTOR('',#13396,0.03);
#3729=VECTOR('',#13399,0.03);
#3730=VECTOR('',#13402,0.03);
#3731=VECTOR('',#13405,0.03);
#3732=VECTOR('',#13408,0.03);
#3733=VECTOR('',#13411,0.03);
#3734=VECTOR('',#13414,0.03);
#3735=VECTOR('',#13417,0.03);
#3736=VECTOR('',#13420,0.03);
#3737=VECTOR('',#13423,0.03);
#3738=VECTOR('',#13426,0.03);
#3739=VECTOR('',#13429,0.03);
#3740=VECTOR('',#13432,0.03);
#3741=VECTOR('',#13435,0.03);
#3742=VECTOR('',#13438,0.03);
#3743=VECTOR('',#13441,0.03);
#3744=VECTOR('',#13444,0.03);
#3745=VECTOR('',#13447,0.03);
#3746=VECTOR('',#13450,0.03);
#3747=VECTOR('',#13453,0.03);
#3748=VECTOR('',#13456,0.03);
#3749=VECTOR('',#13459,0.03);
#3750=VECTOR('',#13462,0.03);
#3751=VECTOR('',#13465,0.03);
#3752=VECTOR('',#13468,0.03);
#3753=VECTOR('',#13471,0.03);
#3754=VECTOR('',#13476,0.03);
#3755=VECTOR('',#13477,0.03);
#3756=VECTOR('',#13480,0.03);
#3757=VECTOR('',#13483,0.03);
#3758=VECTOR('',#13486,0.03);
#3759=VECTOR('',#13489,0.03);
#3760=VECTOR('',#13492,0.03);
#3761=VECTOR('',#13495,0.03);
#3762=VECTOR('',#13498,0.03);
#3763=VECTOR('',#13501,0.03);
#3764=VERTEX_POINT('',#13506);
#3765=VERTEX_POINT('',#13507);
#3766=VERTEX_POINT('',#13509);
#3767=VERTEX_POINT('',#13511);
#3768=VERTEX_POINT('',#13515);
#3769=VERTEX_POINT('',#13517);
#3770=VERTEX_POINT('',#13519);
#3771=VERTEX_POINT('',#13521);
#3772=VERTEX_POINT('',#13525);
#3773=VERTEX_POINT('',#13529);
#3774=VERTEX_POINT('',#13531);
#3775=VERTEX_POINT('',#13533);
#3776=VERTEX_POINT('',#13544);
#3777=VERTEX_POINT('',#13545);
#3778=VERTEX_POINT('',#13547);
#3779=VERTEX_POINT('',#13549);
#3780=VERTEX_POINT('',#13551);
#3781=VERTEX_POINT('',#13553);
#3782=VERTEX_POINT('',#13557);
#3783=VERTEX_POINT('',#13559);
#3784=VERTEX_POINT('',#13563);
#3785=VERTEX_POINT('',#13567);
#3786=VERTEX_POINT('',#13571);
#3787=VERTEX_POINT('',#13575);
#3788=VERTEX_POINT('',#13582);
#3789=VERTEX_POINT('',#13583);
#3790=VERTEX_POINT('',#13585);
#3791=VERTEX_POINT('',#13587);
#3792=VERTEX_POINT('',#13591);
#3793=VERTEX_POINT('',#13592);
#3794=VERTEX_POINT('',#13594);
#3795=VERTEX_POINT('',#13599);
#3796=VERTEX_POINT('',#13601);
#3797=VERTEX_POINT('',#13603);
#3798=VERTEX_POINT('',#13605);
#3799=VERTEX_POINT('',#13607);
#3800=VERTEX_POINT('',#13609);
#3801=VERTEX_POINT('',#13611);
#3802=VERTEX_POINT('',#13613);
#3803=VERTEX_POINT('',#13615);
#3804=VERTEX_POINT('',#13617);
#3805=VERTEX_POINT('',#13619);
#3806=VERTEX_POINT('',#13621);
#3807=VERTEX_POINT('',#13623);
#3808=VERTEX_POINT('',#13625);
#3809=VERTEX_POINT('',#13627);
#3810=VERTEX_POINT('',#13629);
#3811=VERTEX_POINT('',#13631);
#3812=VERTEX_POINT('',#13633);
#3813=VERTEX_POINT('',#13636);
#3814=VERTEX_POINT('',#13637);
#3815=VERTEX_POINT('',#13639);
#3816=VERTEX_POINT('',#13641);
#3817=VERTEX_POINT('',#13643);
#3818=VERTEX_POINT('',#13646);
#3819=VERTEX_POINT('',#13647);
#3820=VERTEX_POINT('',#13649);
#3821=VERTEX_POINT('',#13651);
#3822=VERTEX_POINT('',#13653);
#3823=VERTEX_POINT('',#13655);
#3824=VERTEX_POINT('',#13657);
#3825=VERTEX_POINT('',#13659);
#3826=VERTEX_POINT('',#13661);
#3827=VERTEX_POINT('',#13663);
#3828=VERTEX_POINT('',#13665);
#3829=VERTEX_POINT('',#13667);
#3830=VERTEX_POINT('',#13669);
#3831=VERTEX_POINT('',#13671);
#3832=VERTEX_POINT('',#13673);
#3833=VERTEX_POINT('',#13675);
#3834=VERTEX_POINT('',#13677);
#3835=VERTEX_POINT('',#13679);
#3836=VERTEX_POINT('',#13681);
#3837=VERTEX_POINT('',#13683);
#3838=VERTEX_POINT('',#13685);
#3839=VERTEX_POINT('',#13687);
#3840=VERTEX_POINT('',#13689);
#3841=VERTEX_POINT('',#13691);
#3842=VERTEX_POINT('',#13693);
#3843=VERTEX_POINT('',#13695);
#3844=VERTEX_POINT('',#13697);
#3845=VERTEX_POINT('',#13699);
#3846=VERTEX_POINT('',#13701);
#3847=VERTEX_POINT('',#13703);
#3848=VERTEX_POINT('',#13705);
#3849=VERTEX_POINT('',#13707);
#3850=VERTEX_POINT('',#13709);
#3851=VERTEX_POINT('',#13712);
#3852=VERTEX_POINT('',#13713);
#3853=VERTEX_POINT('',#13715);
#3854=VERTEX_POINT('',#13717);
#3855=VERTEX_POINT('',#13719);
#3856=VERTEX_POINT('',#13721);
#3857=VERTEX_POINT('',#13723);
#3858=VERTEX_POINT('',#13725);
#3859=VERTEX_POINT('',#13727);
#3860=VERTEX_POINT('',#13729);
#3861=VERTEX_POINT('',#13731);
#3862=VERTEX_POINT('',#13733);
#3863=VERTEX_POINT('',#13736);
#3864=VERTEX_POINT('',#13737);
#3865=VERTEX_POINT('',#13739);
#3866=VERTEX_POINT('',#13741);
#3867=VERTEX_POINT('',#13743);
#3868=VERTEX_POINT('',#13745);
#3869=VERTEX_POINT('',#13747);
#3870=VERTEX_POINT('',#13749);
#3871=VERTEX_POINT('',#13751);
#3872=VERTEX_POINT('',#13753);
#3873=VERTEX_POINT('',#13755);
#3874=VERTEX_POINT('',#13757);
#3875=VERTEX_POINT('',#13759);
#3876=VERTEX_POINT('',#13761);
#3877=VERTEX_POINT('',#13763);
#3878=VERTEX_POINT('',#13765);
#3879=VERTEX_POINT('',#13767);
#3880=VERTEX_POINT('',#13769);
#3881=VERTEX_POINT('',#13772);
#3882=VERTEX_POINT('',#13774);
#3883=VERTEX_POINT('',#13776);
#3884=VERTEX_POINT('',#13778);
#3885=VERTEX_POINT('',#13780);
#3886=VERTEX_POINT('',#13782);
#3887=VERTEX_POINT('',#13784);
#3888=VERTEX_POINT('',#13786);
#3889=VERTEX_POINT('',#13788);
#3890=VERTEX_POINT('',#13790);
#3891=VERTEX_POINT('',#13792);
#3892=VERTEX_POINT('',#13794);
#3893=VERTEX_POINT('',#13796);
#3894=VERTEX_POINT('',#13798);
#3895=VERTEX_POINT('',#13800);
#3896=VERTEX_POINT('',#13802);
#3897=VERTEX_POINT('',#13804);
#3898=VERTEX_POINT('',#13806);
#3899=VERTEX_POINT('',#13808);
#3900=VERTEX_POINT('',#13810);
#3901=VERTEX_POINT('',#13812);
#3902=VERTEX_POINT('',#13814);
#3903=VERTEX_POINT('',#13816);
#3904=VERTEX_POINT('',#13818);
#3905=VERTEX_POINT('',#13820);
#3906=VERTEX_POINT('',#13822);
#3907=VERTEX_POINT('',#13824);
#3908=VERTEX_POINT('',#13826);
#3909=VERTEX_POINT('',#13828);
#3910=VERTEX_POINT('',#13830);
#3911=VERTEX_POINT('',#13832);
#3912=VERTEX_POINT('',#13834);
#3913=VERTEX_POINT('',#13836);
#3914=VERTEX_POINT('',#13838);
#3915=VERTEX_POINT('',#13840);
#3916=VERTEX_POINT('',#13842);
#3917=VERTEX_POINT('',#13844);
#3918=VERTEX_POINT('',#13846);
#3919=VERTEX_POINT('',#13848);
#3920=VERTEX_POINT('',#13850);
#3921=VERTEX_POINT('',#13853);
#3922=VERTEX_POINT('',#13854);
#3923=VERTEX_POINT('',#13856);
#3924=VERTEX_POINT('',#13858);
#3925=VERTEX_POINT('',#13860);
#3926=VERTEX_POINT('',#13862);
#3927=VERTEX_POINT('',#13864);
#3928=VERTEX_POINT('',#13866);
#3929=VERTEX_POINT('',#13868);
#3930=VERTEX_POINT('',#13870);
#3931=VERTEX_POINT('',#13872);
#3932=VERTEX_POINT('',#13874);
#3933=VERTEX_POINT('',#13876);
#3934=VERTEX_POINT('',#13878);
#3935=VERTEX_POINT('',#13880);
#3936=VERTEX_POINT('',#13882);
#3937=VERTEX_POINT('',#13884);
#3938=VERTEX_POINT('',#13886);
#3939=VERTEX_POINT('',#13888);
#3940=VERTEX_POINT('',#13890);
#3941=VERTEX_POINT('',#13892);
#3942=VERTEX_POINT('',#13894);
#3943=VERTEX_POINT('',#13896);
#3944=VERTEX_POINT('',#13898);
#3945=VERTEX_POINT('',#13900);
#3946=VERTEX_POINT('',#13902);
#3947=VERTEX_POINT('',#13904);
#3948=VERTEX_POINT('',#13906);
#3949=VERTEX_POINT('',#13908);
#3950=VERTEX_POINT('',#13910);
#3951=VERTEX_POINT('',#13912);
#3952=VERTEX_POINT('',#13914);
#3953=VERTEX_POINT('',#13916);
#3954=VERTEX_POINT('',#13918);
#3955=VERTEX_POINT('',#13920);
#3956=VERTEX_POINT('',#13922);
#3957=VERTEX_POINT('',#13924);
#3958=VERTEX_POINT('',#13926);
#3959=VERTEX_POINT('',#13928);
#3960=VERTEX_POINT('',#13930);
#3961=VERTEX_POINT('',#13932);
#3962=VERTEX_POINT('',#13934);
#3963=VERTEX_POINT('',#13936);
#3964=VERTEX_POINT('',#13938);
#3965=VERTEX_POINT('',#13940);
#3966=VERTEX_POINT('',#13942);
#3967=VERTEX_POINT('',#13944);
#3968=VERTEX_POINT('',#13946);
#3969=VERTEX_POINT('',#13948);
#3970=VERTEX_POINT('',#13950);
#3971=VERTEX_POINT('',#13952);
#3972=VERTEX_POINT('',#13954);
#3973=VERTEX_POINT('',#13956);
#3974=VERTEX_POINT('',#13958);
#3975=VERTEX_POINT('',#13960);
#3976=VERTEX_POINT('',#13962);
#3977=VERTEX_POINT('',#13964);
#3978=VERTEX_POINT('',#13966);
#3979=VERTEX_POINT('',#13968);
#3980=VERTEX_POINT('',#13970);
#3981=VERTEX_POINT('',#13972);
#3982=VERTEX_POINT('',#13974);
#3983=VERTEX_POINT('',#13976);
#3984=VERTEX_POINT('',#13978);
#3985=VERTEX_POINT('',#13980);
#3986=VERTEX_POINT('',#13982);
#3987=VERTEX_POINT('',#13984);
#3988=VERTEX_POINT('',#13986);
#3989=VERTEX_POINT('',#13988);
#3990=VERTEX_POINT('',#13990);
#3991=VERTEX_POINT('',#13992);
#3992=VERTEX_POINT('',#13994);
#3993=VERTEX_POINT('',#13996);
#3994=VERTEX_POINT('',#13998);
#3995=VERTEX_POINT('',#14000);
#3996=VERTEX_POINT('',#14002);
#3997=VERTEX_POINT('',#14004);
#3998=VERTEX_POINT('',#14006);
#3999=VERTEX_POINT('',#14009);
#4000=VERTEX_POINT('',#14010);
#4001=VERTEX_POINT('',#14012);
#4002=VERTEX_POINT('',#14014);
#4003=VERTEX_POINT('',#14016);
#4004=VERTEX_POINT('',#14018);
#4005=VERTEX_POINT('',#14020);
#4006=VERTEX_POINT('',#14022);
#4007=VERTEX_POINT('',#14024);
#4008=VERTEX_POINT('',#14026);
#4009=VERTEX_POINT('',#14028);
#4010=VERTEX_POINT('',#14030);
#4011=VERTEX_POINT('',#14032);
#4012=VERTEX_POINT('',#14034);
#4013=VERTEX_POINT('',#14036);
#4014=VERTEX_POINT('',#14038);
#4015=VERTEX_POINT('',#14040);
#4016=VERTEX_POINT('',#14042);
#4017=VERTEX_POINT('',#14044);
#4018=VERTEX_POINT('',#14046);
#4019=VERTEX_POINT('',#14048);
#4020=VERTEX_POINT('',#14050);
#4021=VERTEX_POINT('',#14052);
#4022=VERTEX_POINT('',#14054);
#4023=VERTEX_POINT('',#14056);
#4024=VERTEX_POINT('',#14058);
#4025=VERTEX_POINT('',#14060);
#4026=VERTEX_POINT('',#14062);
#4027=VERTEX_POINT('',#14064);
#4028=VERTEX_POINT('',#14066);
#4029=VERTEX_POINT('',#14068);
#4030=VERTEX_POINT('',#14070);
#4031=VERTEX_POINT('',#14072);
#4032=VERTEX_POINT('',#14074);
#4033=VERTEX_POINT('',#14076);
#4034=VERTEX_POINT('',#14078);
#4035=VERTEX_POINT('',#14081);
#4036=VERTEX_POINT('',#14082);
#4037=VERTEX_POINT('',#14084);
#4038=VERTEX_POINT('',#14086);
#4039=VERTEX_POINT('',#14088);
#4040=VERTEX_POINT('',#14090);
#4041=VERTEX_POINT('',#14092);
#4042=VERTEX_POINT('',#14094);
#4043=VERTEX_POINT('',#14096);
#4044=VERTEX_POINT('',#14098);
#4045=VERTEX_POINT('',#14102);
#4046=VERTEX_POINT('',#14103);
#4047=VERTEX_POINT('',#14105);
#4048=VERTEX_POINT('',#14109);
#4049=VERTEX_POINT('',#14110);
#4050=VERTEX_POINT('',#14112);
#4051=VERTEX_POINT('',#14114);
#4052=VERTEX_POINT('',#14116);
#4053=VERTEX_POINT('',#14118);
#4054=VERTEX_POINT('',#14120);
#4055=VERTEX_POINT('',#14122);
#4056=VERTEX_POINT('',#14124);
#4057=VERTEX_POINT('',#14126);
#4058=VERTEX_POINT('',#14128);
#4059=VERTEX_POINT('',#14130);
#4060=VERTEX_POINT('',#14132);
#4061=VERTEX_POINT('',#14134);
#4062=VERTEX_POINT('',#14136);
#4063=VERTEX_POINT('',#14138);
#4064=VERTEX_POINT('',#14140);
#4065=VERTEX_POINT('',#14142);
#4066=VERTEX_POINT('',#14144);
#4067=VERTEX_POINT('',#14146);
#4068=VERTEX_POINT('',#14148);
#4069=VERTEX_POINT('',#14150);
#4070=VERTEX_POINT('',#14152);
#4071=VERTEX_POINT('',#14154);
#4072=VERTEX_POINT('',#14158);
#4073=VERTEX_POINT('',#14159);
#4074=VERTEX_POINT('',#14161);
#4075=VERTEX_POINT('',#14163);
#4076=VERTEX_POINT('',#14165);
#4077=VERTEX_POINT('',#14167);
#4078=VERTEX_POINT('',#14169);
#4079=VERTEX_POINT('',#14171);
#4080=VERTEX_POINT('',#14173);
#4081=VERTEX_POINT('',#14175);
#4082=VERTEX_POINT('',#14177);
#4083=VERTEX_POINT('',#14179);
#4084=VERTEX_POINT('',#14181);
#4085=VERTEX_POINT('',#14183);
#4086=VERTEX_POINT('',#14185);
#4087=VERTEX_POINT('',#14187);
#4088=VERTEX_POINT('',#14189);
#4089=VERTEX_POINT('',#14191);
#4090=VERTEX_POINT('',#14193);
#4091=VERTEX_POINT('',#14195);
#4092=VERTEX_POINT('',#14197);
#4093=VERTEX_POINT('',#14199);
#4094=VERTEX_POINT('',#14201);
#4095=VERTEX_POINT('',#14203);
#4096=VERTEX_POINT('',#14205);
#4097=VERTEX_POINT('',#14207);
#4098=VERTEX_POINT('',#14209);
#4099=VERTEX_POINT('',#14213);
#4100=VERTEX_POINT('',#14215);
#4101=VERTEX_POINT('',#14217);
#4102=VERTEX_POINT('',#14221);
#4103=VERTEX_POINT('',#14225);
#4104=VERTEX_POINT('',#14229);
#4105=VERTEX_POINT('',#14232);
#4106=VERTEX_POINT('',#14233);
#4107=VERTEX_POINT('',#14235);
#4108=VERTEX_POINT('',#14237);
#4109=VERTEX_POINT('',#14240);
#4110=VERTEX_POINT('',#14241);
#4111=VERTEX_POINT('',#14243);
#4112=VERTEX_POINT('',#14245);
#4113=VERTEX_POINT('',#14248);
#4114=VERTEX_POINT('',#14249);
#4115=VERTEX_POINT('',#14251);
#4116=VERTEX_POINT('',#14253);
#4117=VERTEX_POINT('',#14257);
#4118=VERTEX_POINT('',#14258);
#4119=VERTEX_POINT('',#14261);
#4120=VERTEX_POINT('',#14265);
#4121=VERTEX_POINT('',#14266);
#4122=VERTEX_POINT('',#14268);
#4123=VERTEX_POINT('',#14270);
#4124=VERTEX_POINT('',#14277);
#4125=VERTEX_POINT('',#14279);
#4126=VERTEX_POINT('',#14287);
#4127=VERTEX_POINT('',#14292);
#4128=VERTEX_POINT('',#14296);
#4129=VERTEX_POINT('',#14298);
#4130=VERTEX_POINT('',#14321);
#4131=VERTEX_POINT('',#14327);
#4132=VERTEX_POINT('',#14329);
#4133=VERTEX_POINT('',#14333);
#4134=VERTEX_POINT('',#14337);
#4135=VERTEX_POINT('',#14344);
#4136=VERTEX_POINT('',#14345);
#4137=VERTEX_POINT('',#14348);
#4138=VERTEX_POINT('',#14352);
#4139=VERTEX_POINT('',#14353);
#4140=VERTEX_POINT('',#14355);
#4141=VERTEX_POINT('',#14363);
#4142=VERTEX_POINT('',#14365);
#4143=VERTEX_POINT('',#14367);
#4144=VERTEX_POINT('',#14369);
#4145=VERTEX_POINT('',#14371);
#4146=VERTEX_POINT('',#14396);
#4147=VERTEX_POINT('',#14398);
#4148=VERTEX_POINT('',#14405);
#4149=VERTEX_POINT('',#14409);
#4150=VERTEX_POINT('',#14410);
#4151=VERTEX_POINT('',#14415);
#4152=VERTEX_POINT('',#14416);
#4153=VERTEX_POINT('',#14421);
#4154=VERTEX_POINT('',#14422);
#4155=VERTEX_POINT('',#14437);
#4156=VERTEX_POINT('',#14439);
#4157=VERTEX_POINT('',#14441);
#4158=VERTEX_POINT('',#14445);
#4159=VERTEX_POINT('',#14447);
#4160=VERTEX_POINT('',#14451);
#4161=VERTEX_POINT('',#14453);
#4162=VERTEX_POINT('',#14457);
#4163=VERTEX_POINT('',#14461);
#4164=VERTEX_POINT('',#14462);
#4165=VERTEX_POINT('',#14471);
#4166=VERTEX_POINT('',#14475);
#4167=VERTEX_POINT('',#14477);
#4168=VERTEX_POINT('',#14479);
#4169=VERTEX_POINT('',#14486);
#4170=VERTEX_POINT('',#14488);
#4171=VERTEX_POINT('',#14497);
#4172=VERTEX_POINT('',#14499);
#4173=VERTEX_POINT('',#14524);
#4174=VERTEX_POINT('',#14528);
#4175=VERTEX_POINT('',#14532);
#4176=VERTEX_POINT('',#14536);
#4177=VERTEX_POINT('',#14540);
#4178=VERTEX_POINT('',#14544);
#4179=VERTEX_POINT('',#14547);
#4180=VERTEX_POINT('',#14549);
#4181=VERTEX_POINT('',#14551);
#4182=VERTEX_POINT('',#14554);
#4183=VERTEX_POINT('',#14558);
#4184=VERTEX_POINT('',#14561);
#4185=VERTEX_POINT('',#14563);
#4186=VERTEX_POINT('',#14565);
#4187=VERTEX_POINT('',#14569);
#4188=VERTEX_POINT('',#14571);
#4189=VERTEX_POINT('',#14575);
#4190=VERTEX_POINT('',#14577);
#4191=VERTEX_POINT('',#14581);
#4192=VERTEX_POINT('',#14583);
#4193=VERTEX_POINT('',#14589);
#4194=VERTEX_POINT('',#14600);
#4195=VERTEX_POINT('',#14618);
#4196=VERTEX_POINT('',#14629);
#4197=VERTEX_POINT('',#14646);
#4198=VERTEX_POINT('',#14650);
#4199=VERTEX_POINT('',#14653);
#4200=VERTEX_POINT('',#14655);
#4201=VERTEX_POINT('',#14657);
#4202=VERTEX_POINT('',#14661);
#4203=VERTEX_POINT('',#14663);
#4204=VERTEX_POINT('',#14667);
#4205=VERTEX_POINT('',#14669);
#4206=VERTEX_POINT('',#14673);
#4207=VERTEX_POINT('',#14675);
#4208=VERTEX_POINT('',#14681);
#4209=VERTEX_POINT('',#14682);
#4210=VERTEX_POINT('',#14711);
#4211=VERTEX_POINT('',#14712);
#4212=VERTEX_POINT('',#14738);
#4213=VERTEX_POINT('',#14742);
#4214=VERTEX_POINT('',#14745);
#4215=VERTEX_POINT('',#14747);
#4216=VERTEX_POINT('',#14749);
#4217=VERTEX_POINT('',#14753);
#4218=VERTEX_POINT('',#14755);
#4219=VERTEX_POINT('',#14759);
#4220=VERTEX_POINT('',#14761);
#4221=VERTEX_POINT('',#14765);
#4222=VERTEX_POINT('',#14767);
#4223=VERTEX_POINT('',#14773);
#4224=VERTEX_POINT('',#14784);
#4225=VERTEX_POINT('',#14802);
#4226=VERTEX_POINT('',#14813);
#4227=VERTEX_POINT('',#14830);
#4228=VERTEX_POINT('',#14834);
#4229=VERTEX_POINT('',#14838);
#4230=VERTEX_POINT('',#14841);
#4231=VERTEX_POINT('',#14842);
#4232=VERTEX_POINT('',#14859);
#4233=VERTEX_POINT('',#14860);
#4234=VERTEX_POINT('',#14869);
#4235=VERTEX_POINT('',#14924);
#4236=VERTEX_POINT('',#14979);
#4237=VERTEX_POINT('',#14981);
#4238=VERTEX_POINT('',#14983);
#4239=VERTEX_POINT('',#14985);
#4240=VERTEX_POINT('',#14992);
#4241=VERTEX_POINT('',#14993);
#4242=VERTEX_POINT('',#14995);
#4243=VERTEX_POINT('',#14997);
#4244=VERTEX_POINT('',#14999);
#4245=VERTEX_POINT('',#15001);
#4246=VERTEX_POINT('',#15003);
#4247=VERTEX_POINT('',#15006);
#4248=VERTEX_POINT('',#15008);
#4249=VERTEX_POINT('',#15011);
#4250=VERTEX_POINT('',#15012);
#4251=VERTEX_POINT('',#15014);
#4252=VERTEX_POINT('',#15016);
#4253=VERTEX_POINT('',#15019);
#4254=VERTEX_POINT('',#15020);
#4255=VERTEX_POINT('',#15022);
#4256=VERTEX_POINT('',#15024);
#4257=VERTEX_POINT('',#15028);
#4258=VERTEX_POINT('',#15030);
#4259=VERTEX_POINT('',#15032);
#4260=VERTEX_POINT('',#15036);
#4261=VERTEX_POINT('',#15038);
#4262=VERTEX_POINT('',#15040);
#4263=VERTEX_POINT('',#15042);
#4264=VERTEX_POINT('',#15044);
#4265=VERTEX_POINT('',#15046);
#4266=VERTEX_POINT('',#15048);
#4267=VERTEX_POINT('',#15050);
#4268=VERTEX_POINT('',#15052);
#4269=VERTEX_POINT('',#15056);
#4270=VERTEX_POINT('',#15058);
#4271=VERTEX_POINT('',#15060);
#4272=VERTEX_POINT('',#15064);
#4273=VERTEX_POINT('',#15066);
#4274=VERTEX_POINT('',#15070);
#4275=VERTEX_POINT('',#15072);
#4276=VERTEX_POINT('',#15074);
#4277=VERTEX_POINT('',#15076);
#4278=VERTEX_POINT('',#15078);
#4279=VERTEX_POINT('',#15080);
#4280=VERTEX_POINT('',#15082);
#4281=VERTEX_POINT('',#15084);
#4282=VERTEX_POINT('',#15086);
#4283=VERTEX_POINT('',#15090);
#4284=VERTEX_POINT('',#15094);
#4285=VERTEX_POINT('',#15095);
#4286=VERTEX_POINT('',#15100);
#4287=VERTEX_POINT('',#15102);
#4288=VERTEX_POINT('',#15104);
#4289=VERTEX_POINT('',#15106);
#4290=VERTEX_POINT('',#15108);
#4291=VERTEX_POINT('',#15110);
#4292=VERTEX_POINT('',#15112);
#4293=VERTEX_POINT('',#15114);
#4294=VERTEX_POINT('',#15119);
#4295=VERTEX_POINT('',#15120);
#4296=VERTEX_POINT('',#15125);
#4297=VERTEX_POINT('',#15126);
#4298=VERTEX_POINT('',#15128);
#4299=VERTEX_POINT('',#15130);
#4300=VERTEX_POINT('',#15132);
#4301=VERTEX_POINT('',#15134);
#4302=VERTEX_POINT('',#15136);
#4303=VERTEX_POINT('',#15138);
#4304=VERTEX_POINT('',#15140);
#4305=VERTEX_POINT('',#15142);
#4306=VERTEX_POINT('',#15144);
#4307=VERTEX_POINT('',#15146);
#4308=VERTEX_POINT('',#15148);
#4309=VERTEX_POINT('',#15150);
#4310=VERTEX_POINT('',#15153);
#4311=VERTEX_POINT('',#15155);
#4312=VERTEX_POINT('',#15157);
#4313=VERTEX_POINT('',#15159);
#4314=VERTEX_POINT('',#15161);
#4315=VERTEX_POINT('',#15163);
#4316=VERTEX_POINT('',#15165);
#4317=VERTEX_POINT('',#15167);
#4318=VERTEX_POINT('',#15169);
#4319=VERTEX_POINT('',#15171);
#4320=VERTEX_POINT('',#15173);
#4321=VERTEX_POINT('',#15175);
#4322=VERTEX_POINT('',#15177);
#4323=VERTEX_POINT('',#15179);
#4324=VERTEX_POINT('',#15181);
#4325=VERTEX_POINT('',#15184);
#4326=VERTEX_POINT('',#15187);
#4327=VERTEX_POINT('',#15189);
#4328=VERTEX_POINT('',#15191);
#4329=VERTEX_POINT('',#15194);
#4330=VERTEX_POINT('',#15198);
#4331=VERTEX_POINT('',#15199);
#4332=VERTEX_POINT('',#15204);
#4333=VERTEX_POINT('',#15209);
#4334=VERTEX_POINT('',#15213);
#4335=VERTEX_POINT('',#15214);
#4336=VERTEX_POINT('',#15219);
#4337=VERTEX_POINT('',#15224);
#4338=VERTEX_POINT('',#15228);
#4339=VERTEX_POINT('',#15229);
#4340=VERTEX_POINT('',#15234);
#4341=VERTEX_POINT('',#15239);
#4342=VERTEX_POINT('',#15240);
#4343=VERTEX_POINT('',#15288);
#4344=VERTEX_POINT('',#15289);
#4345=VERTEX_POINT('',#15294);
#4346=VERTEX_POINT('',#15295);
#4347=VERTEX_POINT('',#15309);
#4348=VERTEX_POINT('',#15312);
#4349=VERTEX_POINT('',#15316);
#4350=VERTEX_POINT('',#15320);
#4351=VERTEX_POINT('',#15344);
#4352=VERTEX_POINT('',#15348);
#4353=VERTEX_POINT('',#15350);
#4354=VERTEX_POINT('',#15369);
#4355=VERTEX_POINT('',#15403);
#4356=VERTEX_POINT('',#15407);
#4357=VERTEX_POINT('',#15411);
#4358=VERTEX_POINT('',#15413);
#4359=VERTEX_POINT('',#15419);
#4360=VERTEX_POINT('',#15421);
#4361=VERTEX_POINT('',#15457);
#4362=VERTEX_POINT('',#15461);
#4363=VERTEX_POINT('',#15464);
#4364=VERTEX_POINT('',#15488);
#4365=VERTEX_POINT('',#15492);
#4366=VERTEX_POINT('',#15496);
#4367=VERTEX_POINT('',#15498);
#4368=VERTEX_POINT('',#15506);
#4369=VERTEX_POINT('',#15508);
#4370=VERTEX_POINT('',#15510);
#4371=VERTEX_POINT('',#15512);
#4372=VERTEX_POINT('',#15514);
#4373=VERTEX_POINT('',#15516);
#4374=VERTEX_POINT('',#15518);
#4375=VERTEX_POINT('',#15538);
#4376=VERTEX_POINT('',#15542);
#4377=VERTEX_POINT('',#15543);
#4378=VERTEX_POINT('',#15545);
#4379=VERTEX_POINT('',#15547);
#4380=VERTEX_POINT('',#15550);
#4381=VERTEX_POINT('',#15566);
#4382=VERTEX_POINT('',#15570);
#4383=VERTEX_POINT('',#15571);
#4384=VERTEX_POINT('',#15573);
#4385=VERTEX_POINT('',#15575);
#4386=VERTEX_POINT('',#15577);
#4387=VERTEX_POINT('',#15579);
#4388=VERTEX_POINT('',#15581);
#4389=VERTEX_POINT('',#15583);
#4390=VERTEX_POINT('',#15605);
#4391=VERTEX_POINT('',#15609);
#4392=VERTEX_POINT('',#15611);
#4393=VERTEX_POINT('',#15613);
#4394=VERTEX_POINT('',#15615);
#4395=VERTEX_POINT('',#15617);
#4396=VERTEX_POINT('',#15619);
#4397=VERTEX_POINT('',#15621);
#4398=VERTEX_POINT('',#15623);
#4399=VERTEX_POINT('',#15644);
#4400=VERTEX_POINT('',#15646);
#4401=VERTEX_POINT('',#15650);
#4402=VERTEX_POINT('',#15654);
#4403=VERTEX_POINT('',#15658);
#4404=VERTEX_POINT('',#15664);
#4405=VERTEX_POINT('',#15665);
#4406=VERTEX_POINT('',#15667);
#4407=VERTEX_POINT('',#15671);
#4408=VERTEX_POINT('',#15672);
#4409=VERTEX_POINT('',#15674);
#4410=VERTEX_POINT('',#15676);
#4411=VERTEX_POINT('',#15678);
#4412=VERTEX_POINT('',#15680);
#4413=VERTEX_POINT('',#15682);
#4414=VERTEX_POINT('',#15684);
#4415=VERTEX_POINT('',#15686);
#4416=VERTEX_POINT('',#15688);
#4417=VERTEX_POINT('',#15690);
#4418=VERTEX_POINT('',#15692);
#4419=VERTEX_POINT('',#15694);
#4420=VERTEX_POINT('',#15696);
#4421=VERTEX_POINT('',#15698);
#4422=VERTEX_POINT('',#15700);
#4423=VERTEX_POINT('',#15702);
#4424=VERTEX_POINT('',#15704);
#4425=VERTEX_POINT('',#15706);
#4426=VERTEX_POINT('',#15708);
#4427=VERTEX_POINT('',#15710);
#4428=VERTEX_POINT('',#15712);
#4429=VERTEX_POINT('',#15714);
#4430=VERTEX_POINT('',#15716);
#4431=VERTEX_POINT('',#15718);
#4432=VERTEX_POINT('',#15720);
#4433=VERTEX_POINT('',#15722);
#4434=VERTEX_POINT('',#15724);
#4435=VERTEX_POINT('',#15726);
#4436=VERTEX_POINT('',#15728);
#4437=VERTEX_POINT('',#15730);
#4438=VERTEX_POINT('',#15732);
#4439=VERTEX_POINT('',#15734);
#4440=VERTEX_POINT('',#15737);
#4441=VERTEX_POINT('',#15738);
#4442=VERTEX_POINT('',#15740);
#4443=VERTEX_POINT('',#15742);
#4444=VERTEX_POINT('',#15744);
#4445=VERTEX_POINT('',#15746);
#4446=VERTEX_POINT('',#15748);
#4447=VERTEX_POINT('',#15750);
#4448=VERTEX_POINT('',#15752);
#4449=VERTEX_POINT('',#15754);
#4450=VERTEX_POINT('',#15756);
#4451=VERTEX_POINT('',#15758);
#4452=VERTEX_POINT('',#15760);
#4453=VERTEX_POINT('',#15762);
#4454=VERTEX_POINT('',#15764);
#4455=VERTEX_POINT('',#15766);
#4456=VERTEX_POINT('',#15768);
#4457=VERTEX_POINT('',#15770);
#4458=VERTEX_POINT('',#15772);
#4459=VERTEX_POINT('',#15774);
#4460=VERTEX_POINT('',#15776);
#4461=VERTEX_POINT('',#15778);
#4462=VERTEX_POINT('',#15780);
#4463=VERTEX_POINT('',#15782);
#4464=VERTEX_POINT('',#15786);
#4465=VERTEX_POINT('',#15787);
#4466=VERTEX_POINT('',#15789);
#4467=VERTEX_POINT('',#15791);
#4468=VERTEX_POINT('',#15793);
#4469=VERTEX_POINT('',#15795);
#4470=VERTEX_POINT('',#15797);
#4471=VERTEX_POINT('',#15799);
#4472=VERTEX_POINT('',#15801);
#4473=VERTEX_POINT('',#15803);
#4474=VERTEX_POINT('',#15805);
#4475=VERTEX_POINT('',#15807);
#4476=VERTEX_POINT('',#15811);
#4477=VERTEX_POINT('',#15812);
#4478=VERTEX_POINT('',#15814);
#4479=VERTEX_POINT('',#15816);
#4480=VERTEX_POINT('',#15818);
#4481=VERTEX_POINT('',#15820);
#4482=VERTEX_POINT('',#15822);
#4483=VERTEX_POINT('',#15824);
#4484=VERTEX_POINT('',#15826);
#4485=VERTEX_POINT('',#15828);
#4486=VERTEX_POINT('',#15830);
#4487=VERTEX_POINT('',#15832);
#4488=VERTEX_POINT('',#15834);
#4489=VERTEX_POINT('',#15836);
#4490=VERTEX_POINT('',#15838);
#4491=VERTEX_POINT('',#15840);
#4492=VERTEX_POINT('',#15842);
#4493=VERTEX_POINT('',#15844);
#4494=VERTEX_POINT('',#15846);
#4495=VERTEX_POINT('',#15848);
#4496=VERTEX_POINT('',#15850);
#4497=VERTEX_POINT('',#15852);
#4498=VERTEX_POINT('',#15854);
#4499=VERTEX_POINT('',#15856);
#4500=VERTEX_POINT('',#15858);
#4501=VERTEX_POINT('',#15860);
#4502=VERTEX_POINT('',#15862);
#4503=VERTEX_POINT('',#15864);
#4504=VERTEX_POINT('',#15866);
#4505=VERTEX_POINT('',#15868);
#4506=VERTEX_POINT('',#15870);
#4507=VERTEX_POINT('',#15872);
#4508=VERTEX_POINT('',#15874);
#4509=VERTEX_POINT('',#15876);
#4510=VERTEX_POINT('',#15878);
#4511=VERTEX_POINT('',#15880);
#4512=VERTEX_POINT('',#15882);
#4513=VERTEX_POINT('',#15884);
#4514=VERTEX_POINT('',#15886);
#4515=VERTEX_POINT('',#15888);
#4516=VERTEX_POINT('',#15890);
#4517=VERTEX_POINT('',#15892);
#4518=VERTEX_POINT('',#15895);
#4519=VERTEX_POINT('',#15897);
#4520=VERTEX_POINT('',#15899);
#4521=VERTEX_POINT('',#15901);
#4522=VERTEX_POINT('',#15903);
#4523=VERTEX_POINT('',#15905);
#4524=VERTEX_POINT('',#15907);
#4525=VERTEX_POINT('',#15909);
#4526=VERTEX_POINT('',#15911);
#4527=VERTEX_POINT('',#15913);
#4528=VERTEX_POINT('',#15915);
#4529=VERTEX_POINT('',#15917);
#4530=VERTEX_POINT('',#15919);
#4531=VERTEX_POINT('',#15921);
#4532=VERTEX_POINT('',#15923);
#4533=VERTEX_POINT('',#15925);
#4534=VERTEX_POINT('',#15929);
#4535=VERTEX_POINT('',#15930);
#4536=VERTEX_POINT('',#15932);
#4537=VERTEX_POINT('',#15934);
#4538=VERTEX_POINT('',#15936);
#4539=VERTEX_POINT('',#15938);
#4540=VERTEX_POINT('',#15940);
#4541=VERTEX_POINT('',#15942);
#4542=VERTEX_POINT('',#15944);
#4543=VERTEX_POINT('',#15946);
#4544=VERTEX_POINT('',#15948);
#4545=VERTEX_POINT('',#15950);
#4546=VERTEX_POINT('',#15952);
#4547=VERTEX_POINT('',#15954);
#4548=VERTEX_POINT('',#15956);
#4549=VERTEX_POINT('',#15958);
#4550=VERTEX_POINT('',#15960);
#4551=VERTEX_POINT('',#15962);
#4552=VERTEX_POINT('',#15964);
#4553=VERTEX_POINT('',#15966);
#4554=VERTEX_POINT('',#15968);
#4555=VERTEX_POINT('',#15970);
#4556=VERTEX_POINT('',#15972);
#4557=VERTEX_POINT('',#15974);
#4558=VERTEX_POINT('',#15976);
#4559=VERTEX_POINT('',#15978);
#4560=VERTEX_POINT('',#15980);
#4561=VERTEX_POINT('',#15982);
#4562=VERTEX_POINT('',#15984);
#4563=VERTEX_POINT('',#15986);
#4564=VERTEX_POINT('',#15988);
#4565=VERTEX_POINT('',#15990);
#4566=VERTEX_POINT('',#15992);
#4567=VERTEX_POINT('',#15994);
#4568=VERTEX_POINT('',#15996);
#4569=VERTEX_POINT('',#15998);
#4570=VERTEX_POINT('',#16000);
#4571=VERTEX_POINT('',#16002);
#4572=VERTEX_POINT('',#16004);
#4573=VERTEX_POINT('',#16006);
#4574=VERTEX_POINT('',#16008);
#4575=VERTEX_POINT('',#16010);
#4576=VERTEX_POINT('',#16012);
#4577=VERTEX_POINT('',#16014);
#4578=VERTEX_POINT('',#16016);
#4579=VERTEX_POINT('',#16018);
#4580=VERTEX_POINT('',#16020);
#4581=VERTEX_POINT('',#16022);
#4582=VERTEX_POINT('',#16024);
#4583=VERTEX_POINT('',#16026);
#4584=VERTEX_POINT('',#16028);
#4585=VERTEX_POINT('',#16030);
#4586=VERTEX_POINT('',#16032);
#4587=VERTEX_POINT('',#16034);
#4588=VERTEX_POINT('',#16036);
#4589=VERTEX_POINT('',#16038);
#4590=VERTEX_POINT('',#16040);
#4591=VERTEX_POINT('',#16042);
#4592=VERTEX_POINT('',#16044);
#4593=VERTEX_POINT('',#16046);
#4594=VERTEX_POINT('',#16048);
#4595=VERTEX_POINT('',#16050);
#4596=VERTEX_POINT('',#16052);
#4597=VERTEX_POINT('',#16054);
#4598=VERTEX_POINT('',#16056);
#4599=VERTEX_POINT('',#16058);
#4600=VERTEX_POINT('',#16060);
#4601=VERTEX_POINT('',#16062);
#4602=VERTEX_POINT('',#16064);
#4603=VERTEX_POINT('',#16066);
#4604=VERTEX_POINT('',#16068);
#4605=VERTEX_POINT('',#16070);
#4606=VERTEX_POINT('',#16072);
#4607=VERTEX_POINT('',#16074);
#4608=VERTEX_POINT('',#16076);
#4609=VERTEX_POINT('',#16078);
#4610=VERTEX_POINT('',#16080);
#4611=VERTEX_POINT('',#16082);
#4612=VERTEX_POINT('',#16086);
#4613=VERTEX_POINT('',#16087);
#4614=VERTEX_POINT('',#16089);
#4615=VERTEX_POINT('',#16091);
#4616=VERTEX_POINT('',#16093);
#4617=VERTEX_POINT('',#16095);
#4618=VERTEX_POINT('',#16097);
#4619=VERTEX_POINT('',#16099);
#4620=VERTEX_POINT('',#16101);
#4621=VERTEX_POINT('',#16103);
#4622=VERTEX_POINT('',#16105);
#4623=VERTEX_POINT('',#16107);
#4624=VERTEX_POINT('',#16109);
#4625=VERTEX_POINT('',#16111);
#4626=VERTEX_POINT('',#16113);
#4627=VERTEX_POINT('',#16115);
#4628=VERTEX_POINT('',#16117);
#4629=VERTEX_POINT('',#16119);
#4630=VERTEX_POINT('',#16121);
#4631=VERTEX_POINT('',#16123);
#4632=VERTEX_POINT('',#16125);
#4633=VERTEX_POINT('',#16127);
#4634=VERTEX_POINT('',#16129);
#4635=VERTEX_POINT('',#16131);
#4636=VERTEX_POINT('',#16133);
#4637=VERTEX_POINT('',#16135);
#4638=VERTEX_POINT('',#16137);
#4639=VERTEX_POINT('',#16139);
#4640=VERTEX_POINT('',#16141);
#4641=VERTEX_POINT('',#16143);
#4642=VERTEX_POINT('',#16145);
#4643=VERTEX_POINT('',#16147);
#4644=VERTEX_POINT('',#16149);
#4645=VERTEX_POINT('',#16151);
#4646=VERTEX_POINT('',#16153);
#4647=VERTEX_POINT('',#16155);
#4648=VERTEX_POINT('',#16158);
#4649=VERTEX_POINT('',#16159);
#4650=VERTEX_POINT('',#16161);
#4651=VERTEX_POINT('',#16163);
#4652=VERTEX_POINT('',#16165);
#4653=VERTEX_POINT('',#16167);
#4654=VERTEX_POINT('',#16169);
#4655=VERTEX_POINT('',#16171);
#4656=VERTEX_POINT('',#16173);
#4657=VERTEX_POINT('',#16175);
#4658=VERTEX_POINT('',#16177);
#4659=VERTEX_POINT('',#16179);
#4660=VERTEX_POINT('',#16181);
#4661=VERTEX_POINT('',#16183);
#4662=VERTEX_POINT('',#16185);
#4663=VERTEX_POINT('',#16187);
#4664=VERTEX_POINT('',#16189);
#4665=VERTEX_POINT('',#16191);
#4666=VERTEX_POINT('',#16193);
#4667=VERTEX_POINT('',#16195);
#4668=VERTEX_POINT('',#16197);
#4669=VERTEX_POINT('',#16199);
#4670=VERTEX_POINT('',#16201);
#4671=VERTEX_POINT('',#16203);
#4672=VERTEX_POINT('',#16205);
#4673=VERTEX_POINT('',#16207);
#4674=VERTEX_POINT('',#16209);
#4675=VERTEX_POINT('',#16213);
#4676=VERTEX_POINT('',#16214);
#4677=VERTEX_POINT('',#16216);
#4678=VERTEX_POINT('',#16218);
#4679=VERTEX_POINT('',#16220);
#4680=VERTEX_POINT('',#16222);
#4681=VERTEX_POINT('',#16224);
#4682=VERTEX_POINT('',#16226);
#4683=VERTEX_POINT('',#16228);
#4684=VERTEX_POINT('',#16230);
#4685=EDGE_CURVE('',#3764,#3765,#1334,.T.);
#4686=EDGE_CURVE('',#3766,#3764,#1335,.T.);
#4687=EDGE_CURVE('',#3767,#3766,#1336,.T.);
#4688=EDGE_CURVE('',#3767,#3765,#1337,.T.);
#4689=EDGE_CURVE('',#3765,#3768,#1338,.T.);
#4690=EDGE_CURVE('',#3768,#3769,#1339,.T.);
#4691=EDGE_CURVE('',#3769,#3770,#1340,.T.);
#4692=EDGE_CURVE('',#3770,#3771,#1341,.T.);
#4693=EDGE_CURVE('',#3771,#3764,#1342,.T.);
#4694=EDGE_CURVE('',#3767,#3772,#1343,.T.);
#4695=EDGE_CURVE('',#3768,#3772,#1344,.T.);
#4696=EDGE_CURVE('',#3773,#3766,#1345,.T.);
#4697=EDGE_CURVE('',#3774,#3773,#1346,.T.);
#4698=EDGE_CURVE('',#3775,#3774,#1347,.T.);
#4699=EDGE_CURVE('',#3772,#3775,#1348,.T.);
#4700=EDGE_CURVE('',#3771,#3773,#1349,.T.);
#4701=EDGE_CURVE('',#3770,#3774,#1350,.T.);
#4702=EDGE_CURVE('',#3769,#3775,#1351,.T.);
#4703=EDGE_CURVE('',#3776,#3777,#1352,.T.);
#4704=EDGE_CURVE('',#3778,#3776,#1353,.T.);
#4705=EDGE_CURVE('',#3779,#3778,#1354,.T.);
#4706=EDGE_CURVE('',#3779,#3780,#1355,.T.);
#4707=EDGE_CURVE('',#3781,#3780,#1356,.T.);
#4708=EDGE_CURVE('',#3777,#3781,#1357,.T.);
#4709=EDGE_CURVE('',#3782,#3777,#1358,.T.);
#4710=EDGE_CURVE('',#3783,#3782,#1359,.T.);
#4711=EDGE_CURVE('',#3783,#3776,#1360,.T.);
#4712=EDGE_CURVE('',#3784,#3781,#1361,.T.);
#4713=EDGE_CURVE('',#3782,#3784,#1362,.T.);
#4714=EDGE_CURVE('',#3785,#3780,#1363,.T.);
#4715=EDGE_CURVE('',#3784,#3785,#1364,.T.);
#4716=EDGE_CURVE('',#3786,#3779,#1365,.T.);
#4717=EDGE_CURVE('',#3785,#3786,#1366,.T.);
#4718=EDGE_CURVE('',#3787,#3778,#1367,.T.);
#4719=EDGE_CURVE('',#3786,#3787,#1368,.T.);
#4720=EDGE_CURVE('',#3787,#3783,#1369,.T.);
#4721=EDGE_CURVE('',#3788,#3789,#1370,.T.);
#4722=EDGE_CURVE('',#3789,#3790,#1371,.T.);
#4723=EDGE_CURVE('',#3791,#3790,#1372,.T.);
#4724=EDGE_CURVE('',#3788,#3791,#1373,.T.);
#4725=EDGE_CURVE('',#3792,#3793,#1374,.T.);
#4726=EDGE_CURVE('',#3794,#3793,#262,.T.);
#4727=EDGE_CURVE('',#3794,#3795,#1375,.T.);
#4728=EDGE_CURVE('',#3796,#3795,#1376,.T.);
#4729=EDGE_CURVE('',#3796,#3797,#126,.T.);
#4730=EDGE_CURVE('',#3797,#3798,#1377,.T.);
#4731=EDGE_CURVE('',#3798,#3799,#1378,.T.);
#4732=EDGE_CURVE('',#3799,#3800,#1379,.T.);
#4733=EDGE_CURVE('',#3800,#3801,#1380,.T.);
#4734=EDGE_CURVE('',#3801,#3802,#1381,.T.);
#4735=EDGE_CURVE('',#3802,#3803,#1382,.T.);
#4736=EDGE_CURVE('',#3803,#3804,#127,.T.);
#4737=EDGE_CURVE('',#3804,#3805,#1383,.T.);
#4738=EDGE_CURVE('',#3805,#3806,#1384,.T.);
#4739=EDGE_CURVE('',#3806,#3807,#1385,.T.);
#4740=EDGE_CURVE('',#3807,#3808,#1386,.T.);
#4741=EDGE_CURVE('',#3808,#3809,#1387,.T.);
#4742=EDGE_CURVE('',#3809,#3810,#128,.T.);
#4743=EDGE_CURVE('',#3811,#3810,#1388,.T.);
#4744=EDGE_CURVE('',#3811,#3812,#1389,.T.);
#4745=EDGE_CURVE('',#3812,#3792,#129,.T.);
#4746=EDGE_CURVE('',#3813,#3814,#1390,.T.);
#4747=EDGE_CURVE('',#3815,#3813,#1391,.T.);
#4748=EDGE_CURVE('',#3816,#3815,#1392,.T.);
#4749=EDGE_CURVE('',#3817,#3816,#1393,.T.);
#4750=EDGE_CURVE('',#3814,#3817,#1394,.T.);
#4751=EDGE_CURVE('',#3818,#3819,#1395,.T.);
#4752=EDGE_CURVE('',#3820,#3818,#1396,.T.);
#4753=EDGE_CURVE('',#3821,#3820,#1397,.T.);
#4754=EDGE_CURVE('',#3822,#3821,#1398,.T.);
#4755=EDGE_CURVE('',#3823,#3822,#1399,.T.);
#4756=EDGE_CURVE('',#3824,#3823,#1400,.T.);
#4757=EDGE_CURVE('',#3825,#3824,#1401,.T.);
#4758=EDGE_CURVE('',#3826,#3825,#1402,.T.);
#4759=EDGE_CURVE('',#3827,#3826,#1403,.T.);
#4760=EDGE_CURVE('',#3828,#3827,#1404,.T.);
#4761=EDGE_CURVE('',#3829,#3828,#1405,.T.);
#4762=EDGE_CURVE('',#3830,#3829,#1406,.T.);
#4763=EDGE_CURVE('',#3831,#3830,#1407,.T.);
#4764=EDGE_CURVE('',#3832,#3831,#1408,.T.);
#4765=EDGE_CURVE('',#3833,#3832,#1409,.T.);
#4766=EDGE_CURVE('',#3834,#3833,#1410,.T.);
#4767=EDGE_CURVE('',#3835,#3834,#1411,.T.);
#4768=EDGE_CURVE('',#3836,#3835,#1412,.T.);
#4769=EDGE_CURVE('',#3837,#3836,#1413,.T.);
#4770=EDGE_CURVE('',#3838,#3837,#1414,.T.);
#4771=EDGE_CURVE('',#3839,#3838,#1415,.T.);
#4772=EDGE_CURVE('',#3840,#3839,#1416,.T.);
#4773=EDGE_CURVE('',#3841,#3840,#1417,.T.);
#4774=EDGE_CURVE('',#3842,#3841,#1418,.T.);
#4775=EDGE_CURVE('',#3843,#3842,#1419,.T.);
#4776=EDGE_CURVE('',#3844,#3843,#1420,.T.);
#4777=EDGE_CURVE('',#3845,#3844,#1421,.T.);
#4778=EDGE_CURVE('',#3846,#3845,#1422,.T.);
#4779=EDGE_CURVE('',#3847,#3846,#1423,.T.);
#4780=EDGE_CURVE('',#3848,#3847,#1424,.T.);
#4781=EDGE_CURVE('',#3849,#3848,#1425,.T.);
#4782=EDGE_CURVE('',#3850,#3849,#1426,.T.);
#4783=EDGE_CURVE('',#3819,#3850,#1427,.T.);
#4784=EDGE_CURVE('',#3851,#3852,#1428,.T.);
#4785=EDGE_CURVE('',#3853,#3851,#1429,.T.);
#4786=EDGE_CURVE('',#3854,#3853,#1430,.T.);
#4787=EDGE_CURVE('',#3855,#3854,#1431,.T.);
#4788=EDGE_CURVE('',#3856,#3855,#1432,.T.);
#4789=EDGE_CURVE('',#3857,#3856,#1433,.T.);
#4790=EDGE_CURVE('',#3858,#3857,#1434,.T.);
#4791=EDGE_CURVE('',#3859,#3858,#1435,.T.);
#4792=EDGE_CURVE('',#3860,#3859,#1436,.T.);
#4793=EDGE_CURVE('',#3861,#3860,#1437,.T.);
#4794=EDGE_CURVE('',#3862,#3861,#1438,.T.);
#4795=EDGE_CURVE('',#3852,#3862,#1439,.T.);
#4796=EDGE_CURVE('',#3863,#3864,#1440,.T.);
#4797=EDGE_CURVE('',#3865,#3863,#1441,.T.);
#4798=EDGE_CURVE('',#3866,#3865,#1442,.T.);
#4799=EDGE_CURVE('',#3867,#3866,#1443,.T.);
#4800=EDGE_CURVE('',#3868,#3867,#1444,.T.);
#4801=EDGE_CURVE('',#3869,#3868,#1445,.T.);
#4802=EDGE_CURVE('',#3870,#3869,#1446,.T.);
#4803=EDGE_CURVE('',#3871,#3870,#1447,.T.);
#4804=EDGE_CURVE('',#3872,#3871,#1448,.T.);
#4805=EDGE_CURVE('',#3873,#3872,#1449,.T.);
#4806=EDGE_CURVE('',#3874,#3873,#1450,.T.);
#4807=EDGE_CURVE('',#3875,#3874,#1451,.T.);
#4808=EDGE_CURVE('',#3876,#3875,#1452,.T.);
#4809=EDGE_CURVE('',#3877,#3876,#1453,.T.);
#4810=EDGE_CURVE('',#3878,#3877,#1454,.T.);
#4811=EDGE_CURVE('',#3879,#3878,#1455,.T.);
#4812=EDGE_CURVE('',#3880,#3879,#1456,.T.);
#4813=EDGE_CURVE('',#3789,#3880,#1457,.T.);
#4814=EDGE_CURVE('',#3881,#3788,#1458,.T.);
#4815=EDGE_CURVE('',#3882,#3881,#1459,.T.);
#4816=EDGE_CURVE('',#3883,#3882,#1460,.T.);
#4817=EDGE_CURVE('',#3884,#3883,#1461,.T.);
#4818=EDGE_CURVE('',#3885,#3884,#1462,.T.);
#4819=EDGE_CURVE('',#3886,#3885,#1463,.T.);
#4820=EDGE_CURVE('',#3887,#3886,#1464,.T.);
#4821=EDGE_CURVE('',#3888,#3887,#1465,.T.);
#4822=EDGE_CURVE('',#3889,#3888,#1466,.T.);
#4823=EDGE_CURVE('',#3890,#3889,#1467,.T.);
#4824=EDGE_CURVE('',#3891,#3890,#1468,.T.);
#4825=EDGE_CURVE('',#3892,#3891,#1469,.T.);
#4826=EDGE_CURVE('',#3893,#3892,#1470,.T.);
#4827=EDGE_CURVE('',#3894,#3893,#1471,.T.);
#4828=EDGE_CURVE('',#3895,#3894,#1472,.T.);
#4829=EDGE_CURVE('',#3896,#3895,#1473,.T.);
#4830=EDGE_CURVE('',#3897,#3896,#1474,.T.);
#4831=EDGE_CURVE('',#3898,#3897,#1475,.T.);
#4832=EDGE_CURVE('',#3899,#3898,#1476,.T.);
#4833=EDGE_CURVE('',#3900,#3899,#1477,.T.);
#4834=EDGE_CURVE('',#3901,#3900,#1478,.T.);
#4835=EDGE_CURVE('',#3902,#3901,#1479,.T.);
#4836=EDGE_CURVE('',#3903,#3902,#1480,.T.);
#4837=EDGE_CURVE('',#3904,#3903,#1481,.T.);
#4838=EDGE_CURVE('',#3905,#3904,#1482,.T.);
#4839=EDGE_CURVE('',#3906,#3905,#1483,.T.);
#4840=EDGE_CURVE('',#3907,#3906,#1484,.T.);
#4841=EDGE_CURVE('',#3908,#3907,#1485,.T.);
#4842=EDGE_CURVE('',#3909,#3908,#1486,.T.);
#4843=EDGE_CURVE('',#3910,#3909,#1487,.T.);
#4844=EDGE_CURVE('',#3911,#3910,#1488,.T.);
#4845=EDGE_CURVE('',#3912,#3911,#1489,.T.);
#4846=EDGE_CURVE('',#3913,#3912,#1490,.T.);
#4847=EDGE_CURVE('',#3914,#3913,#1491,.T.);
#4848=EDGE_CURVE('',#3915,#3914,#1492,.T.);
#4849=EDGE_CURVE('',#3916,#3915,#1493,.T.);
#4850=EDGE_CURVE('',#3917,#3916,#1494,.T.);
#4851=EDGE_CURVE('',#3918,#3917,#1495,.T.);
#4852=EDGE_CURVE('',#3919,#3918,#1496,.T.);
#4853=EDGE_CURVE('',#3920,#3919,#1497,.T.);
#4854=EDGE_CURVE('',#3864,#3920,#1498,.T.);
#4855=EDGE_CURVE('',#3921,#3922,#1499,.T.);
#4856=EDGE_CURVE('',#3923,#3921,#1500,.T.);
#4857=EDGE_CURVE('',#3924,#3923,#1501,.T.);
#4858=EDGE_CURVE('',#3925,#3924,#1502,.T.);
#4859=EDGE_CURVE('',#3926,#3925,#1503,.T.);
#4860=EDGE_CURVE('',#3927,#3926,#1504,.T.);
#4861=EDGE_CURVE('',#3928,#3927,#1505,.T.);
#4862=EDGE_CURVE('',#3929,#3928,#1506,.T.);
#4863=EDGE_CURVE('',#3930,#3929,#1507,.T.);
#4864=EDGE_CURVE('',#3931,#3930,#1508,.T.);
#4865=EDGE_CURVE('',#3932,#3931,#1509,.T.);
#4866=EDGE_CURVE('',#3933,#3932,#1510,.T.);
#4867=EDGE_CURVE('',#3934,#3933,#1511,.T.);
#4868=EDGE_CURVE('',#3935,#3934,#1512,.T.);
#4869=EDGE_CURVE('',#3936,#3935,#1513,.T.);
#4870=EDGE_CURVE('',#3937,#3936,#1514,.T.);
#4871=EDGE_CURVE('',#3938,#3937,#1515,.T.);
#4872=EDGE_CURVE('',#3939,#3938,#1516,.T.);
#4873=EDGE_CURVE('',#3940,#3939,#1517,.T.);
#4874=EDGE_CURVE('',#3941,#3940,#1518,.T.);
#4875=EDGE_CURVE('',#3942,#3941,#1519,.T.);
#4876=EDGE_CURVE('',#3943,#3942,#1520,.T.);
#4877=EDGE_CURVE('',#3944,#3943,#1521,.T.);
#4878=EDGE_CURVE('',#3945,#3944,#1522,.T.);
#4879=EDGE_CURVE('',#3946,#3945,#1523,.T.);
#4880=EDGE_CURVE('',#3947,#3946,#1524,.T.);
#4881=EDGE_CURVE('',#3948,#3947,#1525,.T.);
#4882=EDGE_CURVE('',#3949,#3948,#1526,.T.);
#4883=EDGE_CURVE('',#3950,#3949,#1527,.T.);
#4884=EDGE_CURVE('',#3951,#3950,#1528,.T.);
#4885=EDGE_CURVE('',#3952,#3951,#1529,.T.);
#4886=EDGE_CURVE('',#3953,#3952,#1530,.T.);
#4887=EDGE_CURVE('',#3954,#3953,#1531,.T.);
#4888=EDGE_CURVE('',#3955,#3954,#1532,.T.);
#4889=EDGE_CURVE('',#3956,#3955,#1533,.T.);
#4890=EDGE_CURVE('',#3957,#3956,#1534,.T.);
#4891=EDGE_CURVE('',#3958,#3957,#1535,.T.);
#4892=EDGE_CURVE('',#3958,#3959,#1536,.T.);
#4893=EDGE_CURVE('',#3960,#3959,#1537,.T.);
#4894=EDGE_CURVE('',#3961,#3960,#1538,.T.);
#4895=EDGE_CURVE('',#3962,#3961,#1539,.T.);
#4896=EDGE_CURVE('',#3963,#3962,#1540,.T.);
#4897=EDGE_CURVE('',#3964,#3963,#1541,.T.);
#4898=EDGE_CURVE('',#3965,#3964,#1542,.T.);
#4899=EDGE_CURVE('',#3966,#3965,#1543,.T.);
#4900=EDGE_CURVE('',#3967,#3966,#1544,.T.);
#4901=EDGE_CURVE('',#3968,#3967,#1545,.T.);
#4902=EDGE_CURVE('',#3969,#3968,#1546,.T.);
#4903=EDGE_CURVE('',#3970,#3969,#1547,.T.);
#4904=EDGE_CURVE('',#3971,#3970,#1548,.T.);
#4905=EDGE_CURVE('',#3972,#3971,#1549,.T.);
#4906=EDGE_CURVE('',#3973,#3972,#1550,.T.);
#4907=EDGE_CURVE('',#3974,#3973,#1551,.T.);
#4908=EDGE_CURVE('',#3975,#3974,#1552,.T.);
#4909=EDGE_CURVE('',#3976,#3975,#1553,.T.);
#4910=EDGE_CURVE('',#3977,#3976,#1554,.T.);
#4911=EDGE_CURVE('',#3978,#3977,#1555,.T.);
#4912=EDGE_CURVE('',#3979,#3978,#1556,.T.);
#4913=EDGE_CURVE('',#3980,#3979,#1557,.T.);
#4914=EDGE_CURVE('',#3981,#3980,#1558,.T.);
#4915=EDGE_CURVE('',#3982,#3981,#1559,.T.);
#4916=EDGE_CURVE('',#3983,#3982,#1560,.T.);
#4917=EDGE_CURVE('',#3984,#3983,#1561,.T.);
#4918=EDGE_CURVE('',#3985,#3984,#1562,.T.);
#4919=EDGE_CURVE('',#3986,#3985,#1563,.T.);
#4920=EDGE_CURVE('',#3987,#3986,#1564,.T.);
#4921=EDGE_CURVE('',#3988,#3987,#1565,.T.);
#4922=EDGE_CURVE('',#3989,#3988,#1566,.T.);
#4923=EDGE_CURVE('',#3990,#3989,#1567,.T.);
#4924=EDGE_CURVE('',#3991,#3990,#1568,.T.);
#4925=EDGE_CURVE('',#3992,#3991,#1569,.T.);
#4926=EDGE_CURVE('',#3993,#3992,#1570,.T.);
#4927=EDGE_CURVE('',#3994,#3993,#1571,.T.);
#4928=EDGE_CURVE('',#3995,#3994,#1572,.T.);
#4929=EDGE_CURVE('',#3996,#3995,#1573,.T.);
#4930=EDGE_CURVE('',#3997,#3996,#1574,.T.);
#4931=EDGE_CURVE('',#3997,#3998,#1575,.T.);
#4932=EDGE_CURVE('',#3922,#3998,#1576,.T.);
#4933=EDGE_CURVE('',#3999,#4000,#1577,.T.);
#4934=EDGE_CURVE('',#4001,#3999,#1578,.T.);
#4935=EDGE_CURVE('',#4002,#4001,#1579,.T.);
#4936=EDGE_CURVE('',#4003,#4002,#1580,.T.);
#4937=EDGE_CURVE('',#4004,#4003,#1581,.T.);
#4938=EDGE_CURVE('',#4005,#4004,#1582,.T.);
#4939=EDGE_CURVE('',#4006,#4005,#1583,.T.);
#4940=EDGE_CURVE('',#4007,#4006,#1584,.T.);
#4941=EDGE_CURVE('',#4008,#4007,#1585,.T.);
#4942=EDGE_CURVE('',#4009,#4008,#1586,.T.);
#4943=EDGE_CURVE('',#4010,#4009,#1587,.T.);
#4944=EDGE_CURVE('',#4011,#4010,#1588,.T.);
#4945=EDGE_CURVE('',#4012,#4011,#1589,.T.);
#4946=EDGE_CURVE('',#4013,#4012,#1590,.T.);
#4947=EDGE_CURVE('',#4014,#4013,#1591,.T.);
#4948=EDGE_CURVE('',#4015,#4014,#1592,.T.);
#4949=EDGE_CURVE('',#4016,#4015,#1593,.T.);
#4950=EDGE_CURVE('',#4017,#4016,#1594,.T.);
#4951=EDGE_CURVE('',#4018,#4017,#1595,.T.);
#4952=EDGE_CURVE('',#4019,#4018,#1596,.T.);
#4953=EDGE_CURVE('',#4020,#4019,#1597,.T.);
#4954=EDGE_CURVE('',#4021,#4020,#1598,.T.);
#4955=EDGE_CURVE('',#4022,#4021,#1599,.T.);
#4956=EDGE_CURVE('',#4023,#4022,#1600,.T.);
#4957=EDGE_CURVE('',#4024,#4023,#1601,.T.);
#4958=EDGE_CURVE('',#4025,#4024,#1602,.T.);
#4959=EDGE_CURVE('',#4026,#4025,#1603,.T.);
#4960=EDGE_CURVE('',#4027,#4026,#1604,.T.);
#4961=EDGE_CURVE('',#4028,#4027,#1605,.T.);
#4962=EDGE_CURVE('',#4029,#4028,#1606,.T.);
#4963=EDGE_CURVE('',#4030,#4029,#1607,.T.);
#4964=EDGE_CURVE('',#4031,#4030,#1608,.T.);
#4965=EDGE_CURVE('',#4032,#4031,#1609,.T.);
#4966=EDGE_CURVE('',#4033,#4032,#1610,.T.);
#4967=EDGE_CURVE('',#4034,#4033,#1611,.T.);
#4968=EDGE_CURVE('',#4000,#4034,#1612,.T.);
#4969=EDGE_CURVE('',#4035,#4036,#1613,.T.);
#4970=EDGE_CURVE('',#4037,#4035,#1614,.T.);
#4971=EDGE_CURVE('',#4038,#4037,#1615,.T.);
#4972=EDGE_CURVE('',#4039,#4038,#1616,.T.);
#4973=EDGE_CURVE('',#4040,#4039,#1617,.T.);
#4974=EDGE_CURVE('',#4041,#4040,#1618,.T.);
#4975=EDGE_CURVE('',#4042,#4041,#1619,.T.);
#4976=EDGE_CURVE('',#4043,#4042,#1620,.T.);
#4977=EDGE_CURVE('',#4044,#4043,#1621,.T.);
#4978=EDGE_CURVE('',#4036,#4044,#1622,.T.);
#4979=EDGE_CURVE('',#4045,#4046,#1623,.T.);
#4980=EDGE_CURVE('',#4047,#4045,#1624,.T.);
#4981=EDGE_CURVE('',#4046,#4047,#1625,.T.);
#4982=EDGE_CURVE('',#4048,#4049,#1626,.T.);
#4983=EDGE_CURVE('',#4050,#4048,#1627,.T.);
#4984=EDGE_CURVE('',#4051,#4050,#1628,.T.);
#4985=EDGE_CURVE('',#4052,#4051,#1629,.T.);
#4986=EDGE_CURVE('',#4053,#4052,#1630,.T.);
#4987=EDGE_CURVE('',#4054,#4053,#1631,.T.);
#4988=EDGE_CURVE('',#4055,#4054,#1632,.T.);
#4989=EDGE_CURVE('',#4056,#4055,#1633,.T.);
#4990=EDGE_CURVE('',#4057,#4056,#1634,.T.);
#4991=EDGE_CURVE('',#4058,#4057,#1635,.T.);
#4992=EDGE_CURVE('',#4059,#4058,#1636,.T.);
#4993=EDGE_CURVE('',#4060,#4059,#1637,.T.);
#4994=EDGE_CURVE('',#4061,#4060,#1638,.T.);
#4995=EDGE_CURVE('',#4062,#4061,#1639,.T.);
#4996=EDGE_CURVE('',#4063,#4062,#1640,.T.);
#4997=EDGE_CURVE('',#4064,#4063,#1641,.T.);
#4998=EDGE_CURVE('',#4065,#4064,#1642,.T.);
#4999=EDGE_CURVE('',#4066,#4065,#1643,.T.);
#5000=EDGE_CURVE('',#4067,#4066,#1644,.T.);
#5001=EDGE_CURVE('',#4068,#4067,#1645,.T.);
#5002=EDGE_CURVE('',#4069,#4068,#1646,.T.);
#5003=EDGE_CURVE('',#4070,#4069,#1647,.T.);
#5004=EDGE_CURVE('',#4071,#4070,#1648,.T.);
#5005=EDGE_CURVE('',#4049,#4071,#1649,.T.);
#5006=EDGE_CURVE('',#4072,#4073,#1650,.T.);
#5007=EDGE_CURVE('',#4074,#4072,#1651,.T.);
#5008=EDGE_CURVE('',#4075,#4074,#1652,.T.);
#5009=EDGE_CURVE('',#4076,#4075,#1653,.T.);
#5010=EDGE_CURVE('',#4077,#4076,#1654,.T.);
#5011=EDGE_CURVE('',#4078,#4077,#1655,.T.);
#5012=EDGE_CURVE('',#4079,#4078,#1656,.T.);
#5013=EDGE_CURVE('',#4080,#4079,#1657,.T.);
#5014=EDGE_CURVE('',#4081,#4080,#1658,.T.);
#5015=EDGE_CURVE('',#4082,#4081,#1659,.T.);
#5016=EDGE_CURVE('',#4083,#4082,#1660,.T.);
#5017=EDGE_CURVE('',#4084,#4083,#1661,.T.);
#5018=EDGE_CURVE('',#4085,#4084,#1662,.T.);
#5019=EDGE_CURVE('',#4086,#4085,#1663,.T.);
#5020=EDGE_CURVE('',#4087,#4086,#1664,.T.);
#5021=EDGE_CURVE('',#4088,#4087,#1665,.T.);
#5022=EDGE_CURVE('',#4089,#4088,#1666,.T.);
#5023=EDGE_CURVE('',#4090,#4089,#1667,.T.);
#5024=EDGE_CURVE('',#4091,#4090,#1668,.T.);
#5025=EDGE_CURVE('',#4092,#4091,#1669,.T.);
#5026=EDGE_CURVE('',#4093,#4092,#1670,.T.);
#5027=EDGE_CURVE('',#4094,#4093,#1671,.T.);
#5028=EDGE_CURVE('',#4095,#4094,#1672,.T.);
#5029=EDGE_CURVE('',#4096,#4095,#1673,.T.);
#5030=EDGE_CURVE('',#4097,#4096,#1674,.T.);
#5031=EDGE_CURVE('',#4098,#4097,#1675,.T.);
#5032=EDGE_CURVE('',#4073,#4098,#1676,.T.);
#5033=EDGE_CURVE('',#3792,#4099,#1677,.T.);
#5034=EDGE_CURVE('',#4099,#4100,#1678,.T.);
#5035=EDGE_CURVE('',#4100,#4101,#1679,.T.);
#5036=EDGE_CURVE('',#4101,#3793,#1680,.T.);
#5037=EDGE_CURVE('',#3812,#4102,#1681,.T.);
#5038=EDGE_CURVE('',#4099,#4102,#130,.T.);
#5039=EDGE_CURVE('',#3811,#4103,#1682,.T.);
#5040=EDGE_CURVE('',#4102,#4103,#1683,.T.);
#5041=EDGE_CURVE('',#4104,#3810,#1684,.T.);
#5042=EDGE_CURVE('',#4103,#4104,#1685,.T.);
#5043=EDGE_CURVE('',#4105,#4106,#1686,.T.);
#5044=EDGE_CURVE('',#4107,#4105,#1687,.T.);
#5045=EDGE_CURVE('',#4108,#4107,#1688,.T.);
#5046=EDGE_CURVE('',#4106,#4108,#1689,.T.);
#5047=EDGE_CURVE('',#4109,#4110,#1690,.T.);
#5048=EDGE_CURVE('',#4111,#4109,#1691,.T.);
#5049=EDGE_CURVE('',#4112,#4111,#1692,.T.);
#5050=EDGE_CURVE('',#4110,#4112,#1693,.T.);
#5051=EDGE_CURVE('',#4113,#4114,#1694,.T.);
#5052=EDGE_CURVE('',#4115,#4113,#1695,.T.);
#5053=EDGE_CURVE('',#4116,#4115,#1696,.T.);
#5054=EDGE_CURVE('',#4114,#4116,#1697,.T.);
#5055=EDGE_CURVE('',#4117,#4118,#1698,.T.);
#5056=EDGE_CURVE('',#4113,#4118,#1699,.T.);
#5057=EDGE_CURVE('',#4114,#4119,#1700,.T.);
#5058=EDGE_CURVE('',#4119,#4117,#1701,.T.);
#5059=EDGE_CURVE('',#4120,#4121,#1702,.T.);
#5060=EDGE_CURVE('',#4121,#4122,#1703,.T.);
#5061=EDGE_CURVE('',#4123,#4122,#263,.T.);
#5062=EDGE_CURVE('',#4124,#4123,#47,.T.);
#5063=EDGE_CURVE('',#4125,#4124,#264,.T.);
#5064=EDGE_CURVE('',#4125,#4118,#1704,.T.);
#5065=EDGE_CURVE('',#4117,#4126,#1705,.T.);
#5066=EDGE_CURVE('',#4126,#4120,#1706,.T.);
#5067=EDGE_CURVE('',#4121,#4115,#1707,.T.);
#5068=EDGE_CURVE('',#4120,#4127,#1708,.T.);
#5069=EDGE_CURVE('',#4127,#4116,#1709,.T.);
#5070=EDGE_CURVE('',#4125,#4128,#131,.T.);
#5071=EDGE_CURVE('',#4129,#4128,#1710,.T.);
#5072=EDGE_CURVE('',#4129,#4122,#132,.T.);
#5073=EDGE_CURVE('',#4128,#4129,#133,.T.);
#5074=EDGE_CURVE('',#4124,#4123,#134,.T.);
#5075=EDGE_CURVE('',#4119,#4130,#1711,.T.);
#5076=EDGE_CURVE('',#4130,#4127,#1712,.T.);
#5077=EDGE_CURVE('',#4130,#4126,#1713,.T.);
#5078=EDGE_CURVE('',#4131,#4126,#1714,.T.);
#5079=EDGE_CURVE('',#4130,#4132,#1715,.T.);
#5080=EDGE_CURVE('',#4132,#4131,#1716,.T.);
#5081=EDGE_CURVE('',#4133,#4120,#1717,.T.);
#5082=EDGE_CURVE('',#4131,#4133,#1718,.T.);
#5083=EDGE_CURVE('',#4134,#4127,#1719,.T.);
#5084=EDGE_CURVE('',#4133,#4134,#1720,.T.);
#5085=EDGE_CURVE('',#4134,#4132,#1721,.T.);
#5086=EDGE_CURVE('',#4135,#4136,#1722,.T.);
#5087=EDGE_CURVE('',#4105,#4136,#1723,.T.);
#5088=EDGE_CURVE('',#4106,#4137,#1724,.T.);
#5089=EDGE_CURVE('',#4135,#4137,#1725,.T.);
#5090=EDGE_CURVE('',#4138,#4139,#48,.T.);
#5091=EDGE_CURVE('',#4140,#4138,#265,.T.);
#5092=EDGE_CURVE('',#4140,#4136,#1726,.T.);
#5093=EDGE_CURVE('',#4135,#4141,#1727,.T.);
#5094=EDGE_CURVE('',#4141,#4142,#1728,.T.);
#5095=EDGE_CURVE('',#4142,#4143,#1729,.T.);
#5096=EDGE_CURVE('',#4144,#4143,#1730,.T.);
#5097=EDGE_CURVE('',#4144,#4145,#1731,.T.);
#5098=EDGE_CURVE('',#4139,#4145,#266,.T.);
#5099=EDGE_CURVE('',#4139,#4138,#135,.T.);
#5100=EDGE_CURVE('',#4146,#4145,#136,.T.);
#5101=EDGE_CURVE('',#4147,#4146,#137,.T.);
#5102=EDGE_CURVE('',#4140,#4147,#138,.T.);
#5103=EDGE_CURVE('',#4146,#4147,#1732,.F.);
#5104=EDGE_CURVE('',#4107,#4144,#1733,.T.);
#5105=EDGE_CURVE('',#4148,#4108,#1734,.T.);
#5106=EDGE_CURVE('',#4148,#4143,#1735,.T.);
#5107=EDGE_CURVE('',#4149,#4150,#1736,.T.);
#5108=EDGE_CURVE('',#4137,#4149,#1737,.T.);
#5109=EDGE_CURVE('',#4150,#4148,#1738,.T.);
#5110=EDGE_CURVE('',#4151,#4152,#1739,.T.);
#5111=EDGE_CURVE('',#4152,#4149,#1740,.T.);
#5112=EDGE_CURVE('',#4151,#4150,#1741,.T.);
#5113=EDGE_CURVE('',#4153,#4154,#1742,.T.);
#5114=EDGE_CURVE('',#4152,#4153,#1743,.T.);
#5115=EDGE_CURVE('',#4154,#4151,#1744,.T.);
#5116=EDGE_CURVE('',#4153,#4141,#1745,.T.);
#5117=EDGE_CURVE('',#4154,#4142,#1746,.T.);
#5118=EDGE_CURVE('',#4142,#4150,#1747,.T.);
#5119=EDGE_CURVE('',#4141,#4149,#1748,.T.);
#5120=EDGE_CURVE('',#4110,#4155,#1749,.T.);
#5121=EDGE_CURVE('',#4155,#4156,#1750,.T.);
#5122=EDGE_CURVE('',#4157,#4156,#1751,.T.);
#5123=EDGE_CURVE('',#4109,#4157,#1752,.T.);
#5124=EDGE_CURVE('',#4158,#4112,#1753,.T.);
#5125=EDGE_CURVE('',#4159,#4158,#1754,.T.);
#5126=EDGE_CURVE('',#4155,#4159,#1755,.T.);
#5127=EDGE_CURVE('',#4155,#4160,#1756,.T.);
#5128=EDGE_CURVE('',#4161,#4159,#1757,.T.);
#5129=EDGE_CURVE('',#4161,#4160,#1758,.T.);
#5130=EDGE_CURVE('',#4162,#4156,#1759,.T.);
#5131=EDGE_CURVE('',#4160,#4162,#1760,.T.);
#5132=EDGE_CURVE('',#4163,#4164,#1761,.T.);
#5133=EDGE_CURVE('',#4156,#4164,#1762,.T.);
#5134=EDGE_CURVE('',#4162,#4163,#1763,.T.);
#5135=EDGE_CURVE('',#4164,#4159,#1764,.T.);
#5136=EDGE_CURVE('',#4163,#4161,#1765,.T.);
#5137=EDGE_CURVE('',#4164,#4165,#1766,.T.);
#5138=EDGE_CURVE('',#4158,#4165,#1767,.T.);
#5139=EDGE_CURVE('',#4166,#4165,#1768,.T.);
#5140=EDGE_CURVE('',#4166,#4167,#1769,.T.);
#5141=EDGE_CURVE('',#4168,#4167,#267,.T.);
#5142=EDGE_CURVE('',#4169,#4168,#49,.T.);
#5143=EDGE_CURVE('',#4170,#4169,#268,.T.);
#5144=EDGE_CURVE('',#4170,#4157,#1770,.T.);
#5145=EDGE_CURVE('',#4170,#4171,#139,.T.);
#5146=EDGE_CURVE('',#4172,#4171,#1771,.T.);
#5147=EDGE_CURVE('',#4172,#4167,#140,.T.);
#5148=EDGE_CURVE('',#4111,#4166,#1772,.T.);
#5149=EDGE_CURVE('',#4169,#4168,#141,.T.);
#5150=EDGE_CURVE('',#4171,#4172,#142,.T.);
#5151=EDGE_CURVE('',#4173,#3809,#1773,.T.);
#5152=EDGE_CURVE('',#4104,#4173,#143,.T.);
#5153=EDGE_CURVE('',#4174,#3808,#1774,.T.);
#5154=EDGE_CURVE('',#4173,#4174,#1775,.T.);
#5155=EDGE_CURVE('',#4175,#3807,#1776,.T.);
#5156=EDGE_CURVE('',#4174,#4175,#1777,.T.);
#5157=EDGE_CURVE('',#4176,#3806,#1778,.T.);
#5158=EDGE_CURVE('',#4175,#4176,#1779,.T.);
#5159=EDGE_CURVE('',#4177,#3805,#1780,.T.);
#5160=EDGE_CURVE('',#4176,#4177,#1781,.T.);
#5161=EDGE_CURVE('',#3804,#4178,#1782,.T.);
#5162=EDGE_CURVE('',#4177,#4178,#1783,.T.);
#5163=EDGE_CURVE('',#4179,#4179,#144,.T.);
#5164=EDGE_CURVE('',#4180,#4180,#145,.T.);
#5165=EDGE_CURVE('',#4181,#4181,#146,.T.);
#5166=EDGE_CURVE('',#4182,#4182,#147,.T.);
#5167=EDGE_CURVE('',#4182,#4181,#1784,.T.);
#5168=EDGE_CURVE('',#4183,#4183,#148,.T.);
#5169=EDGE_CURVE('',#4183,#4184,#1785,.T.);
#5170=EDGE_CURVE('',#4185,#4184,#149,.T.);
#5171=EDGE_CURVE('',#4185,#4186,#23,.T.);
#5172=EDGE_CURVE('',#4187,#4186,#150,.T.);
#5173=EDGE_CURVE('',#4187,#4188,#24,.T.);
#5174=EDGE_CURVE('',#4189,#4188,#151,.T.);
#5175=EDGE_CURVE('',#4189,#4190,#25,.T.);
#5176=EDGE_CURVE('',#4191,#4190,#152,.T.);
#5177=EDGE_CURVE('',#4191,#4192,#26,.T.);
#5178=EDGE_CURVE('',#4184,#4192,#153,.T.);
#5179=EDGE_CURVE('',#4193,#4185,#269,.T.);
#5180=EDGE_CURVE('',#4194,#4192,#270,.T.);
#5181=EDGE_CURVE('',#4193,#4194,#154,.T.);
#5182=EDGE_CURVE('',#4193,#4194,#1786,.T.);
#5183=EDGE_CURVE('',#4186,#4191,#1787,.T.);
#5184=EDGE_CURVE('',#4190,#4187,#1788,.T.);
#5185=EDGE_CURVE('',#4195,#4189,#271,.T.);
#5186=EDGE_CURVE('',#4196,#4195,#1789,.T.);
#5187=EDGE_CURVE('',#4188,#4196,#272,.T.);
#5188=EDGE_CURVE('',#4195,#4196,#155,.T.);
#5189=EDGE_CURVE('',#4197,#4197,#156,.T.);
#5190=EDGE_CURVE('',#4197,#4179,#1790,.T.);
#5191=EDGE_CURVE('',#4198,#4198,#157,.T.);
#5192=EDGE_CURVE('',#4198,#4199,#1791,.T.);
#5193=EDGE_CURVE('',#4200,#4199,#158,.T.);
#5194=EDGE_CURVE('',#4200,#4201,#27,.T.);
#5195=EDGE_CURVE('',#4202,#4201,#159,.T.);
#5196=EDGE_CURVE('',#4202,#4203,#28,.T.);
#5197=EDGE_CURVE('',#4204,#4203,#160,.T.);
#5198=EDGE_CURVE('',#4204,#4205,#29,.T.);
#5199=EDGE_CURVE('',#4206,#4205,#161,.T.);
#5200=EDGE_CURVE('',#4206,#4207,#30,.T.);
#5201=EDGE_CURVE('',#4199,#4207,#162,.T.);
#5202=EDGE_CURVE('',#4208,#4209,#163,.T.);
#5203=EDGE_CURVE('',#4208,#4204,#273,.T.);
#5204=EDGE_CURVE('',#4203,#4209,#274,.T.);
#5205=EDGE_CURVE('',#4209,#4208,#1792,.T.);
#5206=EDGE_CURVE('',#4205,#4202,#1793,.T.);
#5207=EDGE_CURVE('',#4201,#4206,#1794,.T.);
#5208=EDGE_CURVE('',#4210,#4211,#1795,.T.);
#5209=EDGE_CURVE('',#4207,#4211,#275,.T.);
#5210=EDGE_CURVE('',#4210,#4200,#276,.T.);
#5211=EDGE_CURVE('',#4210,#4211,#164,.T.);
#5212=EDGE_CURVE('',#4212,#4212,#165,.T.);
#5213=EDGE_CURVE('',#4212,#4180,#1796,.T.);
#5214=EDGE_CURVE('',#4213,#4213,#166,.T.);
#5215=EDGE_CURVE('',#4213,#4214,#1797,.T.);
#5216=EDGE_CURVE('',#4215,#4214,#167,.T.);
#5217=EDGE_CURVE('',#4215,#4216,#31,.T.);
#5218=EDGE_CURVE('',#4217,#4216,#168,.T.);
#5219=EDGE_CURVE('',#4217,#4218,#32,.T.);
#5220=EDGE_CURVE('',#4219,#4218,#169,.T.);
#5221=EDGE_CURVE('',#4219,#4220,#33,.T.);
#5222=EDGE_CURVE('',#4221,#4220,#170,.T.);
#5223=EDGE_CURVE('',#4221,#4222,#34,.T.);
#5224=EDGE_CURVE('',#4214,#4222,#171,.T.);
#5225=EDGE_CURVE('',#4223,#4215,#277,.T.);
#5226=EDGE_CURVE('',#4224,#4222,#278,.T.);
#5227=EDGE_CURVE('',#4223,#4224,#172,.T.);
#5228=EDGE_CURVE('',#4223,#4224,#1798,.T.);
#5229=EDGE_CURVE('',#4216,#4221,#1799,.T.);
#5230=EDGE_CURVE('',#4220,#4217,#1800,.T.);
#5231=EDGE_CURVE('',#4225,#4219,#279,.T.);
#5232=EDGE_CURVE('',#4226,#4225,#1801,.T.);
#5233=EDGE_CURVE('',#4218,#4226,#280,.T.);
#5234=EDGE_CURVE('',#4225,#4226,#173,.T.);
#5235=EDGE_CURVE('',#4227,#3803,#1802,.T.);
#5236=EDGE_CURVE('',#4178,#4227,#174,.T.);
#5237=EDGE_CURVE('',#4228,#3802,#1803,.T.);
#5238=EDGE_CURVE('',#4227,#4228,#1804,.T.);
#5239=EDGE_CURVE('',#4229,#3801,#1805,.T.);
#5240=EDGE_CURVE('',#4228,#4229,#1806,.T.);
#5241=EDGE_CURVE('',#4230,#4231,#281,.T.);
#5242=EDGE_CURVE('',#4231,#4230,#50,.T.);
#5243=EDGE_CURVE('',#4232,#4233,#282,.F.);
#5244=EDGE_CURVE('',#4234,#4232,#51,.T.);
#5245=EDGE_CURVE('',#4233,#4234,#283,.F.);
#5246=EDGE_CURVE('',#4235,#4235,#175,.T.);
#5247=EDGE_CURVE('',#4235,#4233,#35,.T.);
#5248=EDGE_CURVE('',#4234,#4232,#176,.T.);
#5249=EDGE_CURVE('',#4231,#4236,#177,.T.);
#5250=EDGE_CURVE('',#4236,#4237,#178,.T.);
#5251=EDGE_CURVE('',#4238,#4237,#179,.T.);
#5252=EDGE_CURVE('',#4239,#4238,#180,.T.);
#5253=EDGE_CURVE('',#4237,#4239,#181,.T.);
#5254=EDGE_CURVE('',#4236,#4230,#182,.T.);
#5255=EDGE_CURVE('',#4240,#4241,#1807,.T.);
#5256=EDGE_CURVE('',#4240,#4242,#1808,.T.);
#5257=EDGE_CURVE('',#4242,#4243,#1809,.T.);
#5258=EDGE_CURVE('',#4244,#4243,#1810,.T.);
#5259=EDGE_CURVE('',#4245,#4244,#1811,.T.);
#5260=EDGE_CURVE('',#4246,#4245,#1812,.T.);
#5261=EDGE_CURVE('',#4229,#4246,#1813,.T.);
#5262=EDGE_CURVE('',#4247,#3800,#1814,.T.);
#5263=EDGE_CURVE('',#4248,#4247,#1815,.T.);
#5264=EDGE_CURVE('',#4241,#4248,#1816,.T.);
#5265=EDGE_CURVE('',#4249,#4250,#1817,.T.);
#5266=EDGE_CURVE('',#4251,#4249,#1818,.T.);
#5267=EDGE_CURVE('',#4252,#4251,#1819,.T.);
#5268=EDGE_CURVE('',#4252,#4250,#1820,.T.);
#5269=EDGE_CURVE('',#4253,#4254,#1821,.T.);
#5270=EDGE_CURVE('',#4255,#4253,#1822,.T.);
#5271=EDGE_CURVE('',#4256,#4255,#1823,.T.);
#5272=EDGE_CURVE('',#4254,#4256,#1824,.T.);
#5273=EDGE_CURVE('',#4241,#4257,#183,.T.);
#5274=EDGE_CURVE('',#4257,#4258,#1825,.T.);
#5275=EDGE_CURVE('',#4259,#4258,#1826,.T.);
#5276=EDGE_CURVE('',#4259,#4240,#1827,.T.);
#5277=EDGE_CURVE('',#4254,#4260,#184,.T.);
#5278=EDGE_CURVE('',#4260,#4261,#1828,.T.);
#5279=EDGE_CURVE('',#4261,#4262,#185,.T.);
#5280=EDGE_CURVE('',#4262,#4263,#1829,.T.);
#5281=EDGE_CURVE('',#4263,#4264,#186,.T.);
#5282=EDGE_CURVE('',#4264,#4265,#1830,.T.);
#5283=EDGE_CURVE('',#4266,#4265,#187,.T.);
#5284=EDGE_CURVE('',#4266,#4267,#1831,.T.);
#5285=EDGE_CURVE('',#4268,#4267,#1832,.T.);
#5286=EDGE_CURVE('',#4268,#4253,#188,.T.);
#5287=EDGE_CURVE('',#4269,#4259,#1833,.T.);
#5288=EDGE_CURVE('',#4270,#4269,#1834,.T.);
#5289=EDGE_CURVE('',#4271,#4270,#1835,.T.);
#5290=EDGE_CURVE('',#4271,#4242,#1836,.T.);
#5291=EDGE_CURVE('',#4271,#4272,#1837,.T.);
#5292=EDGE_CURVE('',#4272,#4273,#1838,.T.);
#5293=EDGE_CURVE('',#4273,#4243,#189,.T.);
#5294=EDGE_CURVE('',#4252,#4274,#190,.T.);
#5295=EDGE_CURVE('',#4275,#4274,#1839,.T.);
#5296=EDGE_CURVE('',#4275,#4276,#1840,.T.);
#5297=EDGE_CURVE('',#4277,#4276,#191,.T.);
#5298=EDGE_CURVE('',#4277,#4278,#1841,.T.);
#5299=EDGE_CURVE('',#4278,#4279,#192,.T.);
#5300=EDGE_CURVE('',#4279,#4280,#1842,.T.);
#5301=EDGE_CURVE('',#4280,#4281,#193,.T.);
#5302=EDGE_CURVE('',#4281,#4282,#1843,.T.);
#5303=EDGE_CURVE('',#4282,#4250,#194,.T.);
#5304=EDGE_CURVE('',#4273,#4283,#1844,.T.);
#5305=EDGE_CURVE('',#4244,#4283,#195,.T.);
#5306=EDGE_CURVE('',#4284,#4285,#1845,.T.);
#5307=EDGE_CURVE('',#4285,#4245,#1846,.T.);
#5308=EDGE_CURVE('',#4283,#4284,#1847,.T.);
#5309=EDGE_CURVE('',#4286,#4271,#1848,.T.);
#5310=EDGE_CURVE('',#4286,#4287,#196,.T.);
#5311=EDGE_CURVE('',#4287,#4288,#1849,.T.);
#5312=EDGE_CURVE('',#4288,#4289,#197,.T.);
#5313=EDGE_CURVE('',#4290,#4289,#1850,.T.);
#5314=EDGE_CURVE('',#4290,#4291,#198,.T.);
#5315=EDGE_CURVE('',#4291,#4292,#1851,.T.);
#5316=EDGE_CURVE('',#4292,#4293,#199,.T.);
#5317=EDGE_CURVE('',#4285,#4293,#1852,.T.);
#5318=EDGE_CURVE('',#4272,#4284,#1853,.T.);
#5319=EDGE_CURVE('',#4294,#4295,#1854,.T.);
#5320=EDGE_CURVE('',#4286,#4294,#1855,.T.);
#5321=EDGE_CURVE('',#4295,#4270,#1856,.T.);
#5322=EDGE_CURVE('',#4296,#4297,#1857,.T.);
#5323=EDGE_CURVE('',#4297,#4298,#200,.T.);
#5324=EDGE_CURVE('',#4298,#4299,#1858,.T.);
#5325=EDGE_CURVE('',#4299,#4300,#201,.T.);
#5326=EDGE_CURVE('',#4301,#4300,#1859,.T.);
#5327=EDGE_CURVE('',#4302,#4301,#1860,.T.);
#5328=EDGE_CURVE('',#4303,#4302,#1861,.T.);
#5329=EDGE_CURVE('',#4304,#4303,#202,.T.);
#5330=EDGE_CURVE('',#4304,#4305,#1862,.T.);
#5331=EDGE_CURVE('',#4306,#4305,#203,.T.);
#5332=EDGE_CURVE('',#4307,#4306,#1863,.T.);
#5333=EDGE_CURVE('',#4308,#4307,#204,.T.);
#5334=EDGE_CURVE('',#4308,#4309,#1864,.T.);
#5335=EDGE_CURVE('',#4294,#4309,#205,.T.);
#5336=EDGE_CURVE('',#4310,#4295,#206,.T.);
#5337=EDGE_CURVE('',#4310,#4311,#1865,.T.);
#5338=EDGE_CURVE('',#4312,#4311,#207,.T.);
#5339=EDGE_CURVE('',#4313,#4312,#1866,.T.);
#5340=EDGE_CURVE('',#4314,#4313,#208,.T.);
#5341=EDGE_CURVE('',#4314,#4315,#1867,.T.);
#5342=EDGE_CURVE('',#4316,#4315,#209,.T.);
#5343=EDGE_CURVE('',#4316,#4317,#1868,.T.);
#5344=EDGE_CURVE('',#4318,#4317,#210,.T.);
#5345=EDGE_CURVE('',#4318,#4319,#1869,.T.);
#5346=EDGE_CURVE('',#4320,#4319,#211,.T.);
#5347=EDGE_CURVE('',#4321,#4320,#1870,.T.);
#5348=EDGE_CURVE('',#4322,#4321,#212,.T.);
#5349=EDGE_CURVE('',#4322,#4323,#1871,.T.);
#5350=EDGE_CURVE('',#4324,#4323,#213,.T.);
#5351=EDGE_CURVE('',#3798,#4324,#1872,.T.);
#5352=EDGE_CURVE('',#4325,#3797,#1873,.T.);
#5353=EDGE_CURVE('',#4325,#4296,#214,.T.);
#5354=EDGE_CURVE('',#4326,#4326,#215,.T.);
#5355=EDGE_CURVE('',#4327,#4327,#216,.T.);
#5356=EDGE_CURVE('',#4328,#4328,#217,.T.);
#5357=EDGE_CURVE('',#4329,#4329,#218,.T.);
#5358=EDGE_CURVE('',#4329,#4328,#1874,.T.);
#5359=EDGE_CURVE('',#4330,#4331,#219,.T.);
#5360=EDGE_CURVE('',#4331,#4330,#220,.T.);
#5361=EDGE_CURVE('',#4331,#4329,#1875,.T.);
#5362=EDGE_CURVE('',#4332,#4332,#221,.T.);
#5363=EDGE_CURVE('',#4332,#4330,#1876,.T.);
#5364=EDGE_CURVE('',#4333,#4333,#222,.T.);
#5365=EDGE_CURVE('',#4333,#4326,#1877,.T.);
#5366=EDGE_CURVE('',#4334,#4335,#223,.T.);
#5367=EDGE_CURVE('',#4334,#4333,#1878,.T.);
#5368=EDGE_CURVE('',#4335,#4334,#224,.T.);
#5369=EDGE_CURVE('',#4336,#4336,#225,.T.);
#5370=EDGE_CURVE('',#4336,#4335,#1879,.T.);
#5371=EDGE_CURVE('',#4337,#4337,#226,.T.);
#5372=EDGE_CURVE('',#4337,#4327,#1880,.T.);
#5373=EDGE_CURVE('',#4338,#4339,#227,.T.);
#5374=EDGE_CURVE('',#4339,#4338,#228,.T.);
#5375=EDGE_CURVE('',#4339,#4337,#1881,.T.);
#5376=EDGE_CURVE('',#4340,#4340,#229,.T.);
#5377=EDGE_CURVE('',#4340,#4338,#1882,.T.);
#5378=EDGE_CURVE('',#4341,#4342,#1883,.T.);
#5379=EDGE_CURVE('',#4297,#4342,#284,.T.);
#5380=EDGE_CURVE('',#4296,#4341,#285,.T.);
#5381=EDGE_CURVE('',#4343,#4344,#1884,.T.);
#5382=EDGE_CURVE('',#4342,#4343,#1885,.T.);
#5383=EDGE_CURVE('',#4344,#4341,#1886,.T.);
#5384=EDGE_CURVE('',#4345,#4346,#1887,.T.);
#5385=EDGE_CURVE('',#4345,#4343,#230,.T.);
#5386=EDGE_CURVE('',#4344,#4346,#231,.T.);
#5387=EDGE_CURVE('',#4101,#4347,#1888,.T.);
#5388=EDGE_CURVE('',#4347,#4345,#1889,.T.);
#5389=EDGE_CURVE('',#4346,#4348,#1890,.T.);
#5390=EDGE_CURVE('',#4348,#3794,#1891,.T.);
#5391=EDGE_CURVE('',#4348,#4349,#232,.T.);
#5392=EDGE_CURVE('',#3795,#4349,#1892,.T.);
#5393=EDGE_CURVE('',#4350,#4349,#1893,.T.);
#5394=EDGE_CURVE('',#3796,#4350,#1894,.T.);
#5395=EDGE_CURVE('',#4325,#4350,#286,.T.);
#5396=EDGE_CURVE('',#4350,#4341,#233,.T.);
#5397=EDGE_CURVE('',#4346,#4348,#234,.T.);
#5398=EDGE_CURVE('',#4347,#4351,#1895,.T.);
#5399=EDGE_CURVE('',#4351,#4345,#235,.T.);
#5400=EDGE_CURVE('',#4352,#4351,#236,.T.);
#5401=EDGE_CURVE('',#4352,#4353,#1896,.T.);
#5402=EDGE_CURVE('',#4342,#4353,#237,.T.);
#5403=EDGE_CURVE('',#4353,#4298,#287,.T.);
#5404=EDGE_CURVE('',#4353,#4354,#1897,.T.);
#5405=EDGE_CURVE('',#4354,#4299,#288,.T.);
#5406=EDGE_CURVE('',#4355,#4352,#1898,.T.);
#5407=EDGE_CURVE('',#4354,#4355,#1899,.T.);
#5408=EDGE_CURVE('',#4356,#4351,#1900,.T.);
#5409=EDGE_CURVE('',#4356,#4355,#238,.T.);
#5410=EDGE_CURVE('',#4357,#4100,#1901,.T.);
#5411=EDGE_CURVE('',#4358,#4357,#1902,.T.);
#5412=EDGE_CURVE('',#4356,#4358,#1903,.T.);
#5413=EDGE_CURVE('',#4358,#4356,#239,.T.);
#5414=EDGE_CURVE('',#4359,#4358,#240,.T.);
#5415=EDGE_CURVE('',#4359,#4360,#1904,.T.);
#5416=EDGE_CURVE('',#4354,#4360,#241,.T.);
#5417=EDGE_CURVE('',#4300,#4360,#289,.T.);
#5418=EDGE_CURVE('',#4360,#4361,#1905,.T.);
#5419=EDGE_CURVE('',#4301,#4361,#242,.T.);
#5420=EDGE_CURVE('',#4246,#4362,#1906,.T.);
#5421=EDGE_CURVE('',#4302,#4362,#1907,.T.);
#5422=EDGE_CURVE('',#4363,#4361,#1908,.T.);
#5423=EDGE_CURVE('',#4363,#4357,#1909,.T.);
#5424=EDGE_CURVE('',#4359,#4363,#1910,.T.);
#5425=EDGE_CURVE('',#4293,#4362,#1911,.T.);
#5426=EDGE_CURVE('',#4303,#4293,#1912,.T.);
#5427=EDGE_CURVE('',#4292,#4304,#1913,.T.);
#5428=EDGE_CURVE('',#4305,#4291,#1914,.T.);
#5429=EDGE_CURVE('',#4290,#4306,#1915,.T.);
#5430=EDGE_CURVE('',#4307,#4289,#1916,.T.);
#5431=EDGE_CURVE('',#4288,#4308,#1917,.T.);
#5432=EDGE_CURVE('',#4309,#4287,#1918,.T.);
#5433=EDGE_CURVE('',#4364,#4324,#1919,.T.);
#5434=EDGE_CURVE('',#4364,#3799,#1920,.T.);
#5435=EDGE_CURVE('',#4365,#4364,#1921,.T.);
#5436=EDGE_CURVE('',#4247,#4365,#1922,.T.);
#5437=EDGE_CURVE('',#4366,#4365,#1923,.T.);
#5438=EDGE_CURVE('',#4366,#4367,#1924,.T.);
#5439=EDGE_CURVE('',#4367,#4248,#243,.T.);
#5440=EDGE_CURVE('',#4367,#4257,#1925,.T.);
#5441=EDGE_CURVE('',#4258,#4366,#1926,.T.);
#5442=EDGE_CURVE('',#4364,#4368,#244,.T.);
#5443=EDGE_CURVE('',#4368,#4369,#1927,.T.);
#5444=EDGE_CURVE('',#4369,#4370,#245,.T.);
#5445=EDGE_CURVE('',#4371,#4370,#1928,.T.);
#5446=EDGE_CURVE('',#4371,#4372,#246,.T.);
#5447=EDGE_CURVE('',#4372,#4373,#1929,.T.);
#5448=EDGE_CURVE('',#4373,#4374,#247,.T.);
#5449=EDGE_CURVE('',#4259,#4374,#1930,.T.);
#5450=EDGE_CURVE('',#4269,#4316,#1931,.T.);
#5451=EDGE_CURVE('',#4317,#4374,#1932,.T.);
#5452=EDGE_CURVE('',#4373,#4318,#1933,.T.);
#5453=EDGE_CURVE('',#4319,#4372,#1934,.T.);
#5454=EDGE_CURVE('',#4371,#4320,#1935,.T.);
#5455=EDGE_CURVE('',#4321,#4370,#1936,.T.);
#5456=EDGE_CURVE('',#4369,#4322,#1937,.T.);
#5457=EDGE_CURVE('',#4323,#4368,#1938,.T.);
#5458=EDGE_CURVE('',#4315,#4375,#1939,.T.);
#5459=EDGE_CURVE('',#4269,#4375,#248,.T.);
#5460=EDGE_CURVE('',#4376,#4377,#1940,.T.);
#5461=EDGE_CURVE('',#4376,#4378,#249,.T.);
#5462=EDGE_CURVE('',#4378,#4379,#1941,.T.);
#5463=EDGE_CURVE('',#4379,#4270,#250,.T.);
#5464=EDGE_CURVE('',#4375,#4380,#1942,.T.);
#5465=EDGE_CURVE('',#4380,#4377,#251,.T.);
#5466=EDGE_CURVE('',#4376,#4312,#1943,.T.);
#5467=EDGE_CURVE('',#4313,#4377,#1944,.T.);
#5468=EDGE_CURVE('',#4380,#4314,#1945,.T.);
#5469=EDGE_CURVE('',#4311,#4378,#1946,.T.);
#5470=EDGE_CURVE('',#4379,#4310,#1947,.T.);
#5471=EDGE_CURVE('',#4282,#4381,#1948,.T.);
#5472=EDGE_CURVE('',#4249,#4381,#252,.T.);
#5473=EDGE_CURVE('',#4382,#4383,#253,.T.);
#5474=EDGE_CURVE('',#4383,#4384,#1949,.T.);
#5475=EDGE_CURVE('',#4384,#4385,#254,.T.);
#5476=EDGE_CURVE('',#4385,#4386,#1950,.T.);
#5477=EDGE_CURVE('',#4386,#4387,#255,.T.);
#5478=EDGE_CURVE('',#4387,#4388,#1951,.T.);
#5479=EDGE_CURVE('',#4389,#4388,#1952,.T.);
#5480=EDGE_CURVE('',#4389,#4251,#256,.T.);
#5481=EDGE_CURVE('',#4381,#4382,#1953,.T.);
#5482=EDGE_CURVE('',#4280,#4383,#1954,.T.);
#5483=EDGE_CURVE('',#4382,#4281,#1955,.T.);
#5484=EDGE_CURVE('',#4384,#4279,#1956,.T.);
#5485=EDGE_CURVE('',#4278,#4385,#1957,.T.);
#5486=EDGE_CURVE('',#4386,#4277,#1958,.T.);
#5487=EDGE_CURVE('',#4276,#4387,#1959,.T.);
#5488=EDGE_CURVE('',#4388,#4275,#1960,.T.);
#5489=EDGE_CURVE('',#4389,#4274,#1961,.T.);
#5490=EDGE_CURVE('',#4268,#4390,#1962,.T.);
#5491=EDGE_CURVE('',#4255,#4390,#257,.T.);
#5492=EDGE_CURVE('',#4390,#4391,#1963,.T.);
#5493=EDGE_CURVE('',#4391,#4392,#1964,.T.);
#5494=EDGE_CURVE('',#4392,#4393,#258,.T.);
#5495=EDGE_CURVE('',#4393,#4394,#1965,.T.);
#5496=EDGE_CURVE('',#4394,#4395,#259,.T.);
#5497=EDGE_CURVE('',#4395,#4396,#1966,.T.);
#5498=EDGE_CURVE('',#4396,#4397,#260,.T.);
#5499=EDGE_CURVE('',#4397,#4398,#1967,.T.);
#5500=EDGE_CURVE('',#4398,#4256,#261,.T.);
#5501=EDGE_CURVE('',#4398,#4260,#1968,.T.);
#5502=EDGE_CURVE('',#4261,#4397,#1969,.T.);
#5503=EDGE_CURVE('',#4396,#4262,#1970,.T.);
#5504=EDGE_CURVE('',#4263,#4395,#1971,.T.);
#5505=EDGE_CURVE('',#4394,#4264,#1972,.T.);
#5506=EDGE_CURVE('',#4265,#4393,#1973,.T.);
#5507=EDGE_CURVE('',#4392,#4266,#1974,.T.);
#5508=EDGE_CURVE('',#4267,#4391,#1975,.T.);
#5509=EDGE_CURVE('',#3814,#4399,#1976,.T.);
#5510=EDGE_CURVE('',#4400,#4399,#1977,.T.);
#5511=EDGE_CURVE('',#3813,#4400,#1978,.T.);
#5512=EDGE_CURVE('',#4401,#4400,#1979,.T.);
#5513=EDGE_CURVE('',#3815,#4401,#1980,.T.);
#5514=EDGE_CURVE('',#4402,#4401,#1981,.T.);
#5515=EDGE_CURVE('',#3816,#4402,#1982,.T.);
#5516=EDGE_CURVE('',#4403,#4402,#1983,.T.);
#5517=EDGE_CURVE('',#3817,#4403,#1984,.T.);
#5518=EDGE_CURVE('',#4399,#4403,#1985,.T.);
#5519=EDGE_CURVE('',#4404,#4405,#1986,.T.);
#5520=EDGE_CURVE('',#4405,#4406,#1987,.T.);
#5521=EDGE_CURVE('',#4406,#4404,#1988,.T.);
#5522=EDGE_CURVE('',#4407,#4408,#1989,.T.);
#5523=EDGE_CURVE('',#4408,#4409,#1990,.T.);
#5524=EDGE_CURVE('',#4409,#4410,#1991,.T.);
#5525=EDGE_CURVE('',#4410,#4411,#1992,.T.);
#5526=EDGE_CURVE('',#4411,#4412,#1993,.T.);
#5527=EDGE_CURVE('',#4412,#4413,#1994,.T.);
#5528=EDGE_CURVE('',#4413,#4414,#1995,.T.);
#5529=EDGE_CURVE('',#4414,#4415,#1996,.T.);
#5530=EDGE_CURVE('',#4415,#4416,#1997,.T.);
#5531=EDGE_CURVE('',#4416,#4417,#1998,.T.);
#5532=EDGE_CURVE('',#4417,#4418,#1999,.T.);
#5533=EDGE_CURVE('',#4418,#4419,#2000,.T.);
#5534=EDGE_CURVE('',#4419,#4420,#2001,.T.);
#5535=EDGE_CURVE('',#4420,#4421,#2002,.T.);
#5536=EDGE_CURVE('',#4421,#4422,#2003,.T.);
#5537=EDGE_CURVE('',#4422,#4423,#2004,.T.);
#5538=EDGE_CURVE('',#4423,#4424,#2005,.T.);
#5539=EDGE_CURVE('',#4424,#4425,#2006,.T.);
#5540=EDGE_CURVE('',#4425,#4426,#2007,.T.);
#5541=EDGE_CURVE('',#4426,#4427,#2008,.T.);
#5542=EDGE_CURVE('',#4427,#4428,#2009,.T.);
#5543=EDGE_CURVE('',#4428,#4429,#2010,.T.);
#5544=EDGE_CURVE('',#4429,#4430,#2011,.T.);
#5545=EDGE_CURVE('',#4430,#4431,#2012,.T.);
#5546=EDGE_CURVE('',#4431,#4432,#2013,.T.);
#5547=EDGE_CURVE('',#4432,#4433,#2014,.T.);
#5548=EDGE_CURVE('',#4433,#4434,#2015,.T.);
#5549=EDGE_CURVE('',#4434,#4435,#2016,.T.);
#5550=EDGE_CURVE('',#4435,#4436,#2017,.T.);
#5551=EDGE_CURVE('',#4436,#4437,#2018,.T.);
#5552=EDGE_CURVE('',#4437,#4438,#2019,.T.);
#5553=EDGE_CURVE('',#4438,#4439,#2020,.T.);
#5554=EDGE_CURVE('',#4439,#4407,#2021,.T.);
#5555=EDGE_CURVE('',#4440,#4441,#2022,.T.);
#5556=EDGE_CURVE('',#4441,#4442,#2023,.T.);
#5557=EDGE_CURVE('',#4442,#4443,#2024,.T.);
#5558=EDGE_CURVE('',#4443,#4444,#2025,.T.);
#5559=EDGE_CURVE('',#4444,#4445,#2026,.T.);
#5560=EDGE_CURVE('',#4445,#4446,#2027,.T.);
#5561=EDGE_CURVE('',#4446,#4447,#2028,.T.);
#5562=EDGE_CURVE('',#4447,#4448,#2029,.T.);
#5563=EDGE_CURVE('',#4448,#4449,#2030,.T.);
#5564=EDGE_CURVE('',#4449,#4450,#2031,.T.);
#5565=EDGE_CURVE('',#4450,#4451,#2032,.T.);
#5566=EDGE_CURVE('',#4451,#4452,#2033,.T.);
#5567=EDGE_CURVE('',#4452,#4453,#2034,.T.);
#5568=EDGE_CURVE('',#4453,#4454,#2035,.T.);
#5569=EDGE_CURVE('',#4454,#4455,#2036,.T.);
#5570=EDGE_CURVE('',#4455,#4456,#2037,.T.);
#5571=EDGE_CURVE('',#4456,#4457,#2038,.T.);
#5572=EDGE_CURVE('',#4457,#4458,#2039,.T.);
#5573=EDGE_CURVE('',#4458,#4459,#2040,.T.);
#5574=EDGE_CURVE('',#4459,#4460,#2041,.T.);
#5575=EDGE_CURVE('',#4460,#4461,#2042,.T.);
#5576=EDGE_CURVE('',#4461,#4462,#2043,.T.);
#5577=EDGE_CURVE('',#4462,#4463,#2044,.T.);
#5578=EDGE_CURVE('',#4463,#4440,#2045,.T.);
#5579=EDGE_CURVE('',#4464,#4465,#2046,.T.);
#5580=EDGE_CURVE('',#4465,#4466,#2047,.T.);
#5581=EDGE_CURVE('',#4466,#4467,#2048,.T.);
#5582=EDGE_CURVE('',#4467,#4468,#2049,.T.);
#5583=EDGE_CURVE('',#4468,#4469,#2050,.T.);
#5584=EDGE_CURVE('',#4469,#4470,#2051,.T.);
#5585=EDGE_CURVE('',#4470,#4471,#2052,.T.);
#5586=EDGE_CURVE('',#4471,#4472,#2053,.T.);
#5587=EDGE_CURVE('',#4472,#4473,#2054,.T.);
#5588=EDGE_CURVE('',#4473,#4474,#2055,.T.);
#5589=EDGE_CURVE('',#4474,#4475,#2056,.T.);
#5590=EDGE_CURVE('',#4475,#4464,#2057,.T.);
#5591=EDGE_CURVE('',#4476,#4477,#2058,.T.);
#5592=EDGE_CURVE('',#4477,#4478,#2059,.T.);
#5593=EDGE_CURVE('',#4478,#4479,#2060,.T.);
#5594=EDGE_CURVE('',#4479,#4480,#2061,.T.);
#5595=EDGE_CURVE('',#4480,#4481,#2062,.T.);
#5596=EDGE_CURVE('',#4481,#4482,#2063,.T.);
#5597=EDGE_CURVE('',#4482,#4483,#2064,.T.);
#5598=EDGE_CURVE('',#4483,#4484,#2065,.T.);
#5599=EDGE_CURVE('',#4484,#4485,#2066,.T.);
#5600=EDGE_CURVE('',#4485,#4486,#2067,.T.);
#5601=EDGE_CURVE('',#4486,#4487,#2068,.T.);
#5602=EDGE_CURVE('',#4487,#4488,#2069,.T.);
#5603=EDGE_CURVE('',#4488,#4489,#2070,.T.);
#5604=EDGE_CURVE('',#4489,#4490,#2071,.T.);
#5605=EDGE_CURVE('',#4490,#4491,#2072,.T.);
#5606=EDGE_CURVE('',#4491,#4492,#2073,.T.);
#5607=EDGE_CURVE('',#4492,#4493,#2074,.T.);
#5608=EDGE_CURVE('',#4493,#4494,#2075,.T.);
#5609=EDGE_CURVE('',#4494,#4495,#2076,.T.);
#5610=EDGE_CURVE('',#4495,#4496,#2077,.T.);
#5611=EDGE_CURVE('',#4496,#4497,#2078,.T.);
#5612=EDGE_CURVE('',#4497,#4498,#2079,.T.);
#5613=EDGE_CURVE('',#4498,#4499,#2080,.T.);
#5614=EDGE_CURVE('',#4499,#4500,#2081,.T.);
#5615=EDGE_CURVE('',#4500,#4501,#2082,.T.);
#5616=EDGE_CURVE('',#4501,#4502,#2083,.T.);
#5617=EDGE_CURVE('',#4502,#4503,#2084,.T.);
#5618=EDGE_CURVE('',#4503,#4504,#2085,.T.);
#5619=EDGE_CURVE('',#4504,#4505,#2086,.T.);
#5620=EDGE_CURVE('',#4505,#4506,#2087,.T.);
#5621=EDGE_CURVE('',#4506,#4507,#2088,.T.);
#5622=EDGE_CURVE('',#4507,#4508,#2089,.T.);
#5623=EDGE_CURVE('',#4508,#4509,#2090,.T.);
#5624=EDGE_CURVE('',#4509,#4510,#2091,.T.);
#5625=EDGE_CURVE('',#4510,#4511,#2092,.T.);
#5626=EDGE_CURVE('',#4511,#4512,#2093,.T.);
#5627=EDGE_CURVE('',#4512,#4513,#2094,.T.);
#5628=EDGE_CURVE('',#4513,#4514,#2095,.T.);
#5629=EDGE_CURVE('',#4514,#4515,#2096,.T.);
#5630=EDGE_CURVE('',#4515,#4516,#2097,.T.);
#5631=EDGE_CURVE('',#4516,#4517,#2098,.T.);
#5632=EDGE_CURVE('',#4517,#3791,#2099,.T.);
#5633=EDGE_CURVE('',#3790,#4518,#2100,.T.);
#5634=EDGE_CURVE('',#4518,#4519,#2101,.T.);
#5635=EDGE_CURVE('',#4519,#4520,#2102,.T.);
#5636=EDGE_CURVE('',#4520,#4521,#2103,.T.);
#5637=EDGE_CURVE('',#4521,#4522,#2104,.T.);
#5638=EDGE_CURVE('',#4522,#4523,#2105,.T.);
#5639=EDGE_CURVE('',#4523,#4524,#2106,.T.);
#5640=EDGE_CURVE('',#4524,#4525,#2107,.T.);
#5641=EDGE_CURVE('',#4525,#4526,#2108,.T.);
#5642=EDGE_CURVE('',#4526,#4527,#2109,.T.);
#5643=EDGE_CURVE('',#4527,#4528,#2110,.T.);
#5644=EDGE_CURVE('',#4528,#4529,#2111,.T.);
#5645=EDGE_CURVE('',#4529,#4530,#2112,.T.);
#5646=EDGE_CURVE('',#4530,#4531,#2113,.T.);
#5647=EDGE_CURVE('',#4531,#4532,#2114,.T.);
#5648=EDGE_CURVE('',#4532,#4533,#2115,.T.);
#5649=EDGE_CURVE('',#4533,#4476,#2116,.T.);
#5650=EDGE_CURVE('',#4534,#4535,#2117,.T.);
#5651=EDGE_CURVE('',#4535,#4536,#2118,.T.);
#5652=EDGE_CURVE('',#4536,#4537,#2119,.T.);
#5653=EDGE_CURVE('',#4537,#4538,#2120,.T.);
#5654=EDGE_CURVE('',#4538,#4539,#2121,.T.);
#5655=EDGE_CURVE('',#4539,#4540,#2122,.T.);
#5656=EDGE_CURVE('',#4540,#4541,#2123,.T.);
#5657=EDGE_CURVE('',#4541,#4542,#2124,.T.);
#5658=EDGE_CURVE('',#4542,#4543,#2125,.T.);
#5659=EDGE_CURVE('',#4543,#4544,#2126,.T.);
#5660=EDGE_CURVE('',#4544,#4545,#2127,.T.);
#5661=EDGE_CURVE('',#4545,#4546,#2128,.T.);
#5662=EDGE_CURVE('',#4546,#4547,#2129,.T.);
#5663=EDGE_CURVE('',#4547,#4548,#2130,.T.);
#5664=EDGE_CURVE('',#4548,#4549,#2131,.T.);
#5665=EDGE_CURVE('',#4549,#4550,#2132,.T.);
#5666=EDGE_CURVE('',#4550,#4551,#2133,.T.);
#5667=EDGE_CURVE('',#4551,#4552,#2134,.T.);
#5668=EDGE_CURVE('',#4552,#4553,#2135,.T.);
#5669=EDGE_CURVE('',#4553,#4554,#2136,.T.);
#5670=EDGE_CURVE('',#4554,#4555,#2137,.T.);
#5671=EDGE_CURVE('',#4555,#4556,#2138,.T.);
#5672=EDGE_CURVE('',#4556,#4557,#2139,.T.);
#5673=EDGE_CURVE('',#4557,#4558,#2140,.T.);
#5674=EDGE_CURVE('',#4558,#4559,#2141,.T.);
#5675=EDGE_CURVE('',#4559,#4560,#2142,.T.);
#5676=EDGE_CURVE('',#4560,#4561,#2143,.T.);
#5677=EDGE_CURVE('',#4561,#4562,#2144,.T.);
#5678=EDGE_CURVE('',#4562,#4563,#2145,.T.);
#5679=EDGE_CURVE('',#4563,#4564,#2146,.T.);
#5680=EDGE_CURVE('',#4564,#4565,#2147,.T.);
#5681=EDGE_CURVE('',#4565,#4566,#2148,.T.);
#5682=EDGE_CURVE('',#4566,#4567,#2149,.T.);
#5683=EDGE_CURVE('',#4567,#4568,#2150,.T.);
#5684=EDGE_CURVE('',#4568,#4569,#2151,.T.);
#5685=EDGE_CURVE('',#4569,#4570,#2152,.T.);
#5686=EDGE_CURVE('',#4570,#4571,#2153,.T.);
#5687=EDGE_CURVE('',#4571,#4572,#2154,.T.);
#5688=EDGE_CURVE('',#4572,#4573,#2155,.T.);
#5689=EDGE_CURVE('',#4573,#4574,#2156,.T.);
#5690=EDGE_CURVE('',#4574,#4575,#2157,.T.);
#5691=EDGE_CURVE('',#4575,#4576,#2158,.T.);
#5692=EDGE_CURVE('',#4576,#4577,#2159,.T.);
#5693=EDGE_CURVE('',#4577,#4578,#2160,.T.);
#5694=EDGE_CURVE('',#4578,#4579,#2161,.T.);
#5695=EDGE_CURVE('',#4579,#4580,#2162,.T.);
#5696=EDGE_CURVE('',#4580,#4581,#2163,.T.);
#5697=EDGE_CURVE('',#4581,#4582,#2164,.T.);
#5698=EDGE_CURVE('',#4582,#4583,#2165,.T.);
#5699=EDGE_CURVE('',#4583,#4584,#2166,.T.);
#5700=EDGE_CURVE('',#4584,#4585,#2167,.T.);
#5701=EDGE_CURVE('',#4585,#4586,#2168,.T.);
#5702=EDGE_CURVE('',#4586,#4587,#2169,.T.);
#5703=EDGE_CURVE('',#4587,#4588,#2170,.T.);
#5704=EDGE_CURVE('',#4588,#4589,#2171,.T.);
#5705=EDGE_CURVE('',#4589,#4590,#2172,.T.);
#5706=EDGE_CURVE('',#4590,#4591,#2173,.T.);
#5707=EDGE_CURVE('',#4591,#4592,#2174,.T.);
#5708=EDGE_CURVE('',#4592,#4593,#2175,.T.);
#5709=EDGE_CURVE('',#4593,#4594,#2176,.T.);
#5710=EDGE_CURVE('',#4594,#4595,#2177,.T.);
#5711=EDGE_CURVE('',#4595,#4596,#2178,.T.);
#5712=EDGE_CURVE('',#4596,#4597,#2179,.T.);
#5713=EDGE_CURVE('',#4597,#4598,#2180,.T.);
#5714=EDGE_CURVE('',#4598,#4599,#2181,.T.);
#5715=EDGE_CURVE('',#4599,#4600,#2182,.T.);
#5716=EDGE_CURVE('',#4600,#4601,#2183,.T.);
#5717=EDGE_CURVE('',#4601,#4602,#2184,.T.);
#5718=EDGE_CURVE('',#4602,#4603,#2185,.T.);
#5719=EDGE_CURVE('',#4603,#4604,#2186,.T.);
#5720=EDGE_CURVE('',#4604,#4605,#2187,.T.);
#5721=EDGE_CURVE('',#4605,#4606,#2188,.T.);
#5722=EDGE_CURVE('',#4606,#4607,#2189,.T.);
#5723=EDGE_CURVE('',#4607,#4608,#2190,.T.);
#5724=EDGE_CURVE('',#4608,#4609,#2191,.T.);
#5725=EDGE_CURVE('',#4609,#4610,#2192,.T.);
#5726=EDGE_CURVE('',#4610,#4611,#2193,.T.);
#5727=EDGE_CURVE('',#4611,#4534,#2194,.T.);
#5728=EDGE_CURVE('',#4612,#4613,#2195,.T.);
#5729=EDGE_CURVE('',#4613,#4614,#2196,.T.);
#5730=EDGE_CURVE('',#4614,#4615,#2197,.T.);
#5731=EDGE_CURVE('',#4615,#4616,#2198,.T.);
#5732=EDGE_CURVE('',#4616,#4617,#2199,.T.);
#5733=EDGE_CURVE('',#4617,#4618,#2200,.T.);
#5734=EDGE_CURVE('',#4618,#4619,#2201,.T.);
#5735=EDGE_CURVE('',#4619,#4620,#2202,.T.);
#5736=EDGE_CURVE('',#4620,#4621,#2203,.T.);
#5737=EDGE_CURVE('',#4621,#4622,#2204,.T.);
#5738=EDGE_CURVE('',#4622,#4623,#2205,.T.);
#5739=EDGE_CURVE('',#4623,#4624,#2206,.T.);
#5740=EDGE_CURVE('',#4624,#4625,#2207,.T.);
#5741=EDGE_CURVE('',#4625,#4626,#2208,.T.);
#5742=EDGE_CURVE('',#4626,#4627,#2209,.T.);
#5743=EDGE_CURVE('',#4627,#4628,#2210,.T.);
#5744=EDGE_CURVE('',#4628,#4629,#2211,.T.);
#5745=EDGE_CURVE('',#4629,#4630,#2212,.T.);
#5746=EDGE_CURVE('',#4630,#4631,#2213,.T.);
#5747=EDGE_CURVE('',#4631,#4632,#2214,.T.);
#5748=EDGE_CURVE('',#4632,#4633,#2215,.T.);
#5749=EDGE_CURVE('',#4633,#4634,#2216,.T.);
#5750=EDGE_CURVE('',#4634,#4635,#2217,.T.);
#5751=EDGE_CURVE('',#4635,#4636,#2218,.T.);
#5752=EDGE_CURVE('',#4636,#4637,#2219,.T.);
#5753=EDGE_CURVE('',#4637,#4638,#2220,.T.);
#5754=EDGE_CURVE('',#4638,#4639,#2221,.T.);
#5755=EDGE_CURVE('',#4639,#4640,#2222,.T.);
#5756=EDGE_CURVE('',#4640,#4641,#2223,.T.);
#5757=EDGE_CURVE('',#4641,#4642,#2224,.T.);
#5758=EDGE_CURVE('',#4642,#4643,#2225,.T.);
#5759=EDGE_CURVE('',#4643,#4644,#2226,.T.);
#5760=EDGE_CURVE('',#4644,#4645,#2227,.T.);
#5761=EDGE_CURVE('',#4645,#4646,#2228,.T.);
#5762=EDGE_CURVE('',#4646,#4647,#2229,.T.);
#5763=EDGE_CURVE('',#4647,#4612,#2230,.T.);
#5764=EDGE_CURVE('',#4648,#4649,#2231,.T.);
#5765=EDGE_CURVE('',#4649,#4650,#2232,.T.);
#5766=EDGE_CURVE('',#4650,#4651,#2233,.T.);
#5767=EDGE_CURVE('',#4651,#4652,#2234,.T.);
#5768=EDGE_CURVE('',#4652,#4653,#2235,.T.);
#5769=EDGE_CURVE('',#4653,#4654,#2236,.T.);
#5770=EDGE_CURVE('',#4654,#4655,#2237,.T.);
#5771=EDGE_CURVE('',#4655,#4656,#2238,.T.);
#5772=EDGE_CURVE('',#4656,#4657,#2239,.T.);
#5773=EDGE_CURVE('',#4657,#4658,#2240,.T.);
#5774=EDGE_CURVE('',#4658,#4659,#2241,.T.);
#5775=EDGE_CURVE('',#4659,#4660,#2242,.T.);
#5776=EDGE_CURVE('',#4660,#4661,#2243,.T.);
#5777=EDGE_CURVE('',#4661,#4662,#2244,.T.);
#5778=EDGE_CURVE('',#4662,#4663,#2245,.T.);
#5779=EDGE_CURVE('',#4663,#4664,#2246,.T.);
#5780=EDGE_CURVE('',#4664,#4665,#2247,.T.);
#5781=EDGE_CURVE('',#4665,#4666,#2248,.T.);
#5782=EDGE_CURVE('',#4666,#4667,#2249,.T.);
#5783=EDGE_CURVE('',#4667,#4668,#2250,.T.);
#5784=EDGE_CURVE('',#4668,#4669,#2251,.T.);
#5785=EDGE_CURVE('',#4669,#4670,#2252,.T.);
#5786=EDGE_CURVE('',#4670,#4671,#2253,.T.);
#5787=EDGE_CURVE('',#4671,#4672,#2254,.T.);
#5788=EDGE_CURVE('',#4672,#4673,#2255,.T.);
#5789=EDGE_CURVE('',#4673,#4674,#2256,.T.);
#5790=EDGE_CURVE('',#4674,#4648,#2257,.T.);
#5791=EDGE_CURVE('',#4675,#4676,#2258,.T.);
#5792=EDGE_CURVE('',#4676,#4677,#2259,.T.);
#5793=EDGE_CURVE('',#4677,#4678,#2260,.T.);
#5794=EDGE_CURVE('',#4678,#4679,#2261,.T.);
#5795=EDGE_CURVE('',#4679,#4680,#2262,.T.);
#5796=EDGE_CURVE('',#4680,#4681,#2263,.T.);
#5797=EDGE_CURVE('',#4681,#4682,#2264,.T.);
#5798=EDGE_CURVE('',#4682,#4683,#2265,.T.);
#5799=EDGE_CURVE('',#4683,#4684,#2266,.T.);
#5800=EDGE_CURVE('',#4684,#4675,#2267,.T.);
#5801=EDGE_CURVE('',#4046,#4405,#2268,.T.);
#5802=EDGE_CURVE('',#4045,#4404,#2269,.T.);
#5803=EDGE_CURVE('',#4047,#4406,#2270,.T.);
#5804=EDGE_CURVE('',#3819,#4408,#2271,.T.);
#5805=EDGE_CURVE('',#3818,#4407,#2272,.T.);
#5806=EDGE_CURVE('',#3820,#4439,#2273,.T.);
#5807=EDGE_CURVE('',#3821,#4438,#2274,.T.);
#5808=EDGE_CURVE('',#3822,#4437,#2275,.T.);
#5809=EDGE_CURVE('',#3823,#4436,#2276,.T.);
#5810=EDGE_CURVE('',#3824,#4435,#2277,.T.);
#5811=EDGE_CURVE('',#3825,#4434,#2278,.T.);
#5812=EDGE_CURVE('',#3826,#4433,#2279,.T.);
#5813=EDGE_CURVE('',#3827,#4432,#2280,.T.);
#5814=EDGE_CURVE('',#3828,#4431,#2281,.T.);
#5815=EDGE_CURVE('',#3829,#4430,#2282,.T.);
#5816=EDGE_CURVE('',#3830,#4429,#2283,.T.);
#5817=EDGE_CURVE('',#3831,#4428,#2284,.T.);
#5818=EDGE_CURVE('',#3832,#4427,#2285,.T.);
#5819=EDGE_CURVE('',#3833,#4426,#2286,.T.);
#5820=EDGE_CURVE('',#3834,#4425,#2287,.T.);
#5821=EDGE_CURVE('',#3835,#4424,#2288,.T.);
#5822=EDGE_CURVE('',#3836,#4423,#2289,.T.);
#5823=EDGE_CURVE('',#3837,#4422,#2290,.T.);
#5824=EDGE_CURVE('',#3838,#4421,#2291,.T.);
#5825=EDGE_CURVE('',#3839,#4420,#2292,.T.);
#5826=EDGE_CURVE('',#3840,#4419,#2293,.T.);
#5827=EDGE_CURVE('',#3841,#4418,#2294,.T.);
#5828=EDGE_CURVE('',#3842,#4417,#2295,.T.);
#5829=EDGE_CURVE('',#3843,#4416,#2296,.T.);
#5830=EDGE_CURVE('',#3844,#4415,#2297,.T.);
#5831=EDGE_CURVE('',#3845,#4414,#2298,.T.);
#5832=EDGE_CURVE('',#3846,#4413,#2299,.T.);
#5833=EDGE_CURVE('',#3847,#4412,#2300,.T.);
#5834=EDGE_CURVE('',#3848,#4411,#2301,.T.);
#5835=EDGE_CURVE('',#3849,#4410,#2302,.T.);
#5836=EDGE_CURVE('',#3850,#4409,#2303,.T.);
#5837=EDGE_CURVE('',#4049,#4441,#2304,.T.);
#5838=EDGE_CURVE('',#4048,#4440,#2305,.T.);
#5839=EDGE_CURVE('',#4050,#4463,#2306,.T.);
#5840=EDGE_CURVE('',#4051,#4462,#2307,.T.);
#5841=EDGE_CURVE('',#4052,#4461,#2308,.T.);
#5842=EDGE_CURVE('',#4053,#4460,#2309,.T.);
#5843=EDGE_CURVE('',#4054,#4459,#2310,.T.);
#5844=EDGE_CURVE('',#4055,#4458,#2311,.T.);
#5845=EDGE_CURVE('',#4056,#4457,#2312,.T.);
#5846=EDGE_CURVE('',#4057,#4456,#2313,.T.);
#5847=EDGE_CURVE('',#4058,#4455,#2314,.T.);
#5848=EDGE_CURVE('',#4059,#4454,#2315,.T.);
#5849=EDGE_CURVE('',#4060,#4453,#2316,.T.);
#5850=EDGE_CURVE('',#4061,#4452,#2317,.T.);
#5851=EDGE_CURVE('',#4062,#4451,#2318,.T.);
#5852=EDGE_CURVE('',#4063,#4450,#2319,.T.);
#5853=EDGE_CURVE('',#4064,#4449,#2320,.T.);
#5854=EDGE_CURVE('',#4065,#4448,#2321,.T.);
#5855=EDGE_CURVE('',#4066,#4447,#2322,.T.);
#5856=EDGE_CURVE('',#4067,#4446,#2323,.T.);
#5857=EDGE_CURVE('',#4068,#4445,#2324,.T.);
#5858=EDGE_CURVE('',#4069,#4444,#2325,.T.);
#5859=EDGE_CURVE('',#4070,#4443,#2326,.T.);
#5860=EDGE_CURVE('',#4071,#4442,#2327,.T.);
#5861=EDGE_CURVE('',#3852,#4465,#2328,.T.);
#5862=EDGE_CURVE('',#3851,#4464,#2329,.T.);
#5863=EDGE_CURVE('',#3853,#4475,#2330,.T.);
#5864=EDGE_CURVE('',#3854,#4474,#2331,.T.);
#5865=EDGE_CURVE('',#3855,#4473,#2332,.T.);
#5866=EDGE_CURVE('',#3856,#4472,#2333,.T.);
#5867=EDGE_CURVE('',#3857,#4471,#2334,.T.);
#5868=EDGE_CURVE('',#3858,#4470,#2335,.T.);
#5869=EDGE_CURVE('',#3859,#4469,#2336,.T.);
#5870=EDGE_CURVE('',#3860,#4468,#2337,.T.);
#5871=EDGE_CURVE('',#3861,#4467,#2338,.T.);
#5872=EDGE_CURVE('',#3862,#4466,#2339,.T.);
#5873=EDGE_CURVE('',#3864,#4477,#2340,.T.);
#5874=EDGE_CURVE('',#3863,#4476,#2341,.T.);
#5875=EDGE_CURVE('',#3865,#4533,#2342,.T.);
#5876=EDGE_CURVE('',#3866,#4532,#2343,.T.);
#5877=EDGE_CURVE('',#3867,#4531,#2344,.T.);
#5878=EDGE_CURVE('',#3868,#4530,#2345,.T.);
#5879=EDGE_CURVE('',#3869,#4529,#2346,.T.);
#5880=EDGE_CURVE('',#3870,#4528,#2347,.T.);
#5881=EDGE_CURVE('',#3871,#4527,#2348,.T.);
#5882=EDGE_CURVE('',#3872,#4526,#2349,.T.);
#5883=EDGE_CURVE('',#3873,#4525,#2350,.T.);
#5884=EDGE_CURVE('',#3874,#4524,#2351,.T.);
#5885=EDGE_CURVE('',#3875,#4523,#2352,.T.);
#5886=EDGE_CURVE('',#3876,#4522,#2353,.T.);
#5887=EDGE_CURVE('',#3877,#4521,#2354,.T.);
#5888=EDGE_CURVE('',#3878,#4520,#2355,.T.);
#5889=EDGE_CURVE('',#3879,#4519,#2356,.T.);
#5890=EDGE_CURVE('',#3880,#4518,#2357,.T.);
#5891=EDGE_CURVE('',#3920,#4478,#2358,.T.);
#5892=EDGE_CURVE('',#3919,#4479,#2359,.T.);
#5893=EDGE_CURVE('',#3918,#4480,#2360,.T.);
#5894=EDGE_CURVE('',#3917,#4481,#2361,.T.);
#5895=EDGE_CURVE('',#3916,#4482,#2362,.T.);
#5896=EDGE_CURVE('',#3915,#4483,#2363,.T.);
#5897=EDGE_CURVE('',#3914,#4484,#2364,.T.);
#5898=EDGE_CURVE('',#3913,#4485,#2365,.T.);
#5899=EDGE_CURVE('',#3912,#4486,#2366,.T.);
#5900=EDGE_CURVE('',#3911,#4487,#2367,.T.);
#5901=EDGE_CURVE('',#3910,#4488,#2368,.T.);
#5902=EDGE_CURVE('',#3909,#4489,#2369,.T.);
#5903=EDGE_CURVE('',#3908,#4490,#2370,.T.);
#5904=EDGE_CURVE('',#3907,#4491,#2371,.T.);
#5905=EDGE_CURVE('',#3906,#4492,#2372,.T.);
#5906=EDGE_CURVE('',#3905,#4493,#2373,.T.);
#5907=EDGE_CURVE('',#3904,#4494,#2374,.T.);
#5908=EDGE_CURVE('',#3903,#4495,#2375,.T.);
#5909=EDGE_CURVE('',#3902,#4496,#2376,.T.);
#5910=EDGE_CURVE('',#3901,#4497,#2377,.T.);
#5911=EDGE_CURVE('',#3900,#4498,#2378,.T.);
#5912=EDGE_CURVE('',#3899,#4499,#2379,.T.);
#5913=EDGE_CURVE('',#3898,#4500,#2380,.T.);
#5914=EDGE_CURVE('',#3897,#4501,#2381,.T.);
#5915=EDGE_CURVE('',#3896,#4502,#2382,.T.);
#5916=EDGE_CURVE('',#3895,#4503,#2383,.T.);
#5917=EDGE_CURVE('',#3894,#4504,#2384,.T.);
#5918=EDGE_CURVE('',#3893,#4505,#2385,.T.);
#5919=EDGE_CURVE('',#3892,#4506,#2386,.T.);
#5920=EDGE_CURVE('',#3891,#4507,#2387,.T.);
#5921=EDGE_CURVE('',#3890,#4508,#2388,.T.);
#5922=EDGE_CURVE('',#3889,#4509,#2389,.T.);
#5923=EDGE_CURVE('',#3888,#4510,#2390,.T.);
#5924=EDGE_CURVE('',#3887,#4511,#2391,.T.);
#5925=EDGE_CURVE('',#3886,#4512,#2392,.T.);
#5926=EDGE_CURVE('',#3885,#4513,#2393,.T.);
#5927=EDGE_CURVE('',#3884,#4514,#2394,.T.);
#5928=EDGE_CURVE('',#3883,#4515,#2395,.T.);
#5929=EDGE_CURVE('',#3882,#4516,#2396,.T.);
#5930=EDGE_CURVE('',#3881,#4517,#2397,.T.);
#5931=EDGE_CURVE('',#3922,#4535,#2398,.T.);
#5932=EDGE_CURVE('',#3921,#4534,#2399,.T.);
#5933=EDGE_CURVE('',#3923,#4611,#2400,.T.);
#5934=EDGE_CURVE('',#3924,#4610,#2401,.T.);
#5935=EDGE_CURVE('',#3925,#4609,#2402,.T.);
#5936=EDGE_CURVE('',#3926,#4608,#2403,.T.);
#5937=EDGE_CURVE('',#3927,#4607,#2404,.T.);
#5938=EDGE_CURVE('',#3928,#4606,#2405,.T.);
#5939=EDGE_CURVE('',#3929,#4605,#2406,.T.);
#5940=EDGE_CURVE('',#3930,#4604,#2407,.T.);
#5941=EDGE_CURVE('',#3931,#4603,#2408,.T.);
#5942=EDGE_CURVE('',#3932,#4602,#2409,.T.);
#5943=EDGE_CURVE('',#3933,#4601,#2410,.T.);
#5944=EDGE_CURVE('',#3934,#4600,#2411,.T.);
#5945=EDGE_CURVE('',#3935,#4599,#2412,.T.);
#5946=EDGE_CURVE('',#3936,#4598,#2413,.T.);
#5947=EDGE_CURVE('',#3937,#4597,#2414,.T.);
#5948=EDGE_CURVE('',#3938,#4596,#2415,.T.);
#5949=EDGE_CURVE('',#3939,#4595,#2416,.T.);
#5950=EDGE_CURVE('',#3940,#4594,#2417,.T.);
#5951=EDGE_CURVE('',#3941,#4593,#2418,.T.);
#5952=EDGE_CURVE('',#3942,#4592,#2419,.T.);
#5953=EDGE_CURVE('',#3943,#4591,#2420,.T.);
#5954=EDGE_CURVE('',#3944,#4590,#2421,.T.);
#5955=EDGE_CURVE('',#3945,#4589,#2422,.T.);
#5956=EDGE_CURVE('',#3946,#4588,#2423,.T.);
#5957=EDGE_CURVE('',#3947,#4587,#2424,.T.);
#5958=EDGE_CURVE('',#3948,#4586,#2425,.T.);
#5959=EDGE_CURVE('',#3949,#4585,#2426,.T.);
#5960=EDGE_CURVE('',#3950,#4584,#2427,.T.);
#5961=EDGE_CURVE('',#3951,#4583,#2428,.T.);
#5962=EDGE_CURVE('',#3952,#4582,#2429,.T.);
#5963=EDGE_CURVE('',#3953,#4581,#2430,.T.);
#5964=EDGE_CURVE('',#3954,#4580,#2431,.T.);
#5965=EDGE_CURVE('',#3955,#4579,#2432,.T.);
#5966=EDGE_CURVE('',#3956,#4578,#2433,.T.);
#5967=EDGE_CURVE('',#3957,#4577,#2434,.T.);
#5968=EDGE_CURVE('',#3958,#4576,#2435,.T.);
#5969=EDGE_CURVE('',#3959,#4575,#2436,.T.);
#5970=EDGE_CURVE('',#3960,#4574,#2437,.T.);
#5971=EDGE_CURVE('',#3961,#4573,#2438,.T.);
#5972=EDGE_CURVE('',#3962,#4572,#2439,.T.);
#5973=EDGE_CURVE('',#3963,#4571,#2440,.T.);
#5974=EDGE_CURVE('',#3964,#4570,#2441,.T.);
#5975=EDGE_CURVE('',#3965,#4569,#2442,.T.);
#5976=EDGE_CURVE('',#3966,#4568,#2443,.T.);
#5977=EDGE_CURVE('',#3967,#4567,#2444,.T.);
#5978=EDGE_CURVE('',#3968,#4566,#2445,.T.);
#5979=EDGE_CURVE('',#3969,#4565,#2446,.T.);
#5980=EDGE_CURVE('',#3970,#4564,#2447,.T.);
#5981=EDGE_CURVE('',#3971,#4563,#2448,.T.);
#5982=EDGE_CURVE('',#3972,#4562,#2449,.T.);
#5983=EDGE_CURVE('',#3973,#4561,#2450,.T.);
#5984=EDGE_CURVE('',#3974,#4560,#2451,.T.);
#5985=EDGE_CURVE('',#3975,#4559,#2452,.T.);
#5986=EDGE_CURVE('',#3976,#4558,#2453,.T.);
#5987=EDGE_CURVE('',#3977,#4557,#2454,.T.);
#5988=EDGE_CURVE('',#3978,#4556,#2455,.T.);
#5989=EDGE_CURVE('',#3979,#4555,#2456,.T.);
#5990=EDGE_CURVE('',#3980,#4554,#2457,.T.);
#5991=EDGE_CURVE('',#3981,#4553,#2458,.T.);
#5992=EDGE_CURVE('',#3982,#4552,#2459,.T.);
#5993=EDGE_CURVE('',#3983,#4551,#2460,.T.);
#5994=EDGE_CURVE('',#3984,#4550,#2461,.T.);
#5995=EDGE_CURVE('',#3985,#4549,#2462,.T.);
#5996=EDGE_CURVE('',#3986,#4548,#2463,.T.);
#5997=EDGE_CURVE('',#3987,#4547,#2464,.T.);
#5998=EDGE_CURVE('',#3988,#4546,#2465,.T.);
#5999=EDGE_CURVE('',#3989,#4545,#2466,.T.);
#6000=EDGE_CURVE('',#3990,#4544,#2467,.T.);
#6001=EDGE_CURVE('',#3991,#4543,#2468,.T.);
#6002=EDGE_CURVE('',#3992,#4542,#2469,.T.);
#6003=EDGE_CURVE('',#3993,#4541,#2470,.T.);
#6004=EDGE_CURVE('',#3994,#4540,#2471,.T.);
#6005=EDGE_CURVE('',#3995,#4539,#2472,.T.);
#6006=EDGE_CURVE('',#3996,#4538,#2473,.T.);
#6007=EDGE_CURVE('',#3997,#4537,#2474,.T.);
#6008=EDGE_CURVE('',#3998,#4536,#2475,.T.);
#6009=EDGE_CURVE('',#4073,#4649,#2476,.T.);
#6010=EDGE_CURVE('',#4072,#4648,#2477,.T.);
#6011=EDGE_CURVE('',#4074,#4674,#2478,.T.);
#6012=EDGE_CURVE('',#4075,#4673,#2479,.T.);
#6013=EDGE_CURVE('',#4076,#4672,#2480,.T.);
#6014=EDGE_CURVE('',#4077,#4671,#2481,.T.);
#6015=EDGE_CURVE('',#4078,#4670,#2482,.T.);
#6016=EDGE_CURVE('',#4079,#4669,#2483,.T.);
#6017=EDGE_CURVE('',#4080,#4668,#2484,.T.);
#6018=EDGE_CURVE('',#4081,#4667,#2485,.T.);
#6019=EDGE_CURVE('',#4082,#4666,#2486,.T.);
#6020=EDGE_CURVE('',#4083,#4665,#2487,.T.);
#6021=EDGE_CURVE('',#4084,#4664,#2488,.T.);
#6022=EDGE_CURVE('',#4085,#4663,#2489,.T.);
#6023=EDGE_CURVE('',#4086,#4662,#2490,.T.);
#6024=EDGE_CURVE('',#4087,#4661,#2491,.T.);
#6025=EDGE_CURVE('',#4088,#4660,#2492,.T.);
#6026=EDGE_CURVE('',#4089,#4659,#2493,.T.);
#6027=EDGE_CURVE('',#4090,#4658,#2494,.T.);
#6028=EDGE_CURVE('',#4091,#4657,#2495,.T.);
#6029=EDGE_CURVE('',#4092,#4656,#2496,.T.);
#6030=EDGE_CURVE('',#4093,#4655,#2497,.T.);
#6031=EDGE_CURVE('',#4094,#4654,#2498,.T.);
#6032=EDGE_CURVE('',#4095,#4653,#2499,.T.);
#6033=EDGE_CURVE('',#4096,#4652,#2500,.T.);
#6034=EDGE_CURVE('',#4097,#4651,#2501,.T.);
#6035=EDGE_CURVE('',#4098,#4650,#2502,.T.);
#6036=EDGE_CURVE('',#4000,#4613,#2503,.T.);
#6037=EDGE_CURVE('',#3999,#4612,#2504,.T.);
#6038=EDGE_CURVE('',#4001,#4647,#2505,.T.);
#6039=EDGE_CURVE('',#4002,#4646,#2506,.T.);
#6040=EDGE_CURVE('',#4003,#4645,#2507,.T.);
#6041=EDGE_CURVE('',#4004,#4644,#2508,.T.);
#6042=EDGE_CURVE('',#4005,#4643,#2509,.T.);
#6043=EDGE_CURVE('',#4006,#4642,#2510,.T.);
#6044=EDGE_CURVE('',#4007,#4641,#2511,.T.);
#6045=EDGE_CURVE('',#4008,#4640,#2512,.T.);
#6046=EDGE_CURVE('',#4009,#4639,#2513,.T.);
#6047=EDGE_CURVE('',#4010,#4638,#2514,.T.);
#6048=EDGE_CURVE('',#4011,#4637,#2515,.T.);
#6049=EDGE_CURVE('',#4012,#4636,#2516,.T.);
#6050=EDGE_CURVE('',#4013,#4635,#2517,.T.);
#6051=EDGE_CURVE('',#4014,#4634,#2518,.T.);
#6052=EDGE_CURVE('',#4015,#4633,#2519,.T.);
#6053=EDGE_CURVE('',#4016,#4632,#2520,.T.);
#6054=EDGE_CURVE('',#4017,#4631,#2521,.T.);
#6055=EDGE_CURVE('',#4018,#4630,#2522,.T.);
#6056=EDGE_CURVE('',#4019,#4629,#2523,.T.);
#6057=EDGE_CURVE('',#4020,#4628,#2524,.T.);
#6058=EDGE_CURVE('',#4021,#4627,#2525,.T.);
#6059=EDGE_CURVE('',#4022,#4626,#2526,.T.);
#6060=EDGE_CURVE('',#4023,#4625,#2527,.T.);
#6061=EDGE_CURVE('',#4024,#4624,#2528,.T.);
#6062=EDGE_CURVE('',#4025,#4623,#2529,.T.);
#6063=EDGE_CURVE('',#4026,#4622,#2530,.T.);
#6064=EDGE_CURVE('',#4027,#4621,#2531,.T.);
#6065=EDGE_CURVE('',#4028,#4620,#2532,.T.);
#6066=EDGE_CURVE('',#4029,#4619,#2533,.T.);
#6067=EDGE_CURVE('',#4030,#4618,#2534,.T.);
#6068=EDGE_CURVE('',#4031,#4617,#2535,.T.);
#6069=EDGE_CURVE('',#4032,#4616,#2536,.T.);
#6070=EDGE_CURVE('',#4033,#4615,#2537,.T.);
#6071=EDGE_CURVE('',#4034,#4614,#2538,.T.);
#6072=EDGE_CURVE('',#4036,#4676,#2539,.T.);
#6073=EDGE_CURVE('',#4035,#4675,#2540,.T.);
#6074=EDGE_CURVE('',#4037,#4684,#2541,.T.);
#6075=EDGE_CURVE('',#4038,#4683,#2542,.T.);
#6076=EDGE_CURVE('',#4039,#4682,#2543,.T.);
#6077=EDGE_CURVE('',#4040,#4681,#2544,.T.);
#6078=EDGE_CURVE('',#4041,#4680,#2545,.T.);
#6079=EDGE_CURVE('',#4042,#4679,#2546,.T.);
#6080=EDGE_CURVE('',#4043,#4678,#2547,.T.);
#6081=EDGE_CURVE('',#4044,#4677,#2548,.T.);
#6082=ORIENTED_EDGE('',*,*,#4685,.F.);
#6083=ORIENTED_EDGE('',*,*,#4686,.F.);
#6084=ORIENTED_EDGE('',*,*,#4687,.F.);
#6085=ORIENTED_EDGE('',*,*,#4688,.T.);
#6086=ORIENTED_EDGE('',*,*,#4685,.T.);
#6087=ORIENTED_EDGE('',*,*,#4689,.T.);
#6088=ORIENTED_EDGE('',*,*,#4690,.T.);
#6089=ORIENTED_EDGE('',*,*,#4691,.T.);
#6090=ORIENTED_EDGE('',*,*,#4692,.T.);
#6091=ORIENTED_EDGE('',*,*,#4693,.T.);
#6092=ORIENTED_EDGE('',*,*,#4688,.F.);
#6093=ORIENTED_EDGE('',*,*,#4694,.T.);
#6094=ORIENTED_EDGE('',*,*,#4695,.F.);
#6095=ORIENTED_EDGE('',*,*,#4689,.F.);
#6096=ORIENTED_EDGE('',*,*,#4687,.T.);
#6097=ORIENTED_EDGE('',*,*,#4696,.F.);
#6098=ORIENTED_EDGE('',*,*,#4697,.F.);
#6099=ORIENTED_EDGE('',*,*,#4698,.F.);
#6100=ORIENTED_EDGE('',*,*,#4699,.F.);
#6101=ORIENTED_EDGE('',*,*,#4694,.F.);
#6102=ORIENTED_EDGE('',*,*,#4686,.T.);
#6103=ORIENTED_EDGE('',*,*,#4693,.F.);
#6104=ORIENTED_EDGE('',*,*,#4700,.T.);
#6105=ORIENTED_EDGE('',*,*,#4696,.T.);
#6106=ORIENTED_EDGE('',*,*,#4692,.F.);
#6107=ORIENTED_EDGE('',*,*,#4701,.T.);
#6108=ORIENTED_EDGE('',*,*,#4697,.T.);
#6109=ORIENTED_EDGE('',*,*,#4700,.F.);
#6110=ORIENTED_EDGE('',*,*,#4691,.F.);
#6111=ORIENTED_EDGE('',*,*,#4702,.T.);
#6112=ORIENTED_EDGE('',*,*,#4698,.T.);
#6113=ORIENTED_EDGE('',*,*,#4701,.F.);
#6114=ORIENTED_EDGE('',*,*,#4690,.F.);
#6115=ORIENTED_EDGE('',*,*,#4695,.T.);
#6116=ORIENTED_EDGE('',*,*,#4699,.T.);
#6117=ORIENTED_EDGE('',*,*,#4702,.F.);
#6118=ORIENTED_EDGE('',*,*,#4703,.F.);
#6119=ORIENTED_EDGE('',*,*,#4704,.F.);
#6120=ORIENTED_EDGE('',*,*,#4705,.F.);
#6121=ORIENTED_EDGE('',*,*,#4706,.T.);
#6122=ORIENTED_EDGE('',*,*,#4707,.F.);
#6123=ORIENTED_EDGE('',*,*,#4708,.F.);
#6124=ORIENTED_EDGE('',*,*,#4703,.T.);
#6125=ORIENTED_EDGE('',*,*,#4709,.F.);
#6126=ORIENTED_EDGE('',*,*,#4710,.F.);
#6127=ORIENTED_EDGE('',*,*,#4711,.T.);
#6128=ORIENTED_EDGE('',*,*,#4709,.T.);
#6129=ORIENTED_EDGE('',*,*,#4708,.T.);
#6130=ORIENTED_EDGE('',*,*,#4712,.F.);
#6131=ORIENTED_EDGE('',*,*,#4713,.F.);
#6132=ORIENTED_EDGE('',*,*,#4707,.T.);
#6133=ORIENTED_EDGE('',*,*,#4714,.F.);
#6134=ORIENTED_EDGE('',*,*,#4715,.F.);
#6135=ORIENTED_EDGE('',*,*,#4712,.T.);
#6136=ORIENTED_EDGE('',*,*,#4714,.T.);
#6137=ORIENTED_EDGE('',*,*,#4706,.F.);
#6138=ORIENTED_EDGE('',*,*,#4716,.F.);
#6139=ORIENTED_EDGE('',*,*,#4717,.F.);
#6140=ORIENTED_EDGE('',*,*,#4705,.T.);
#6141=ORIENTED_EDGE('',*,*,#4718,.F.);
#6142=ORIENTED_EDGE('',*,*,#4719,.F.);
#6143=ORIENTED_EDGE('',*,*,#4716,.T.);
#6144=ORIENTED_EDGE('',*,*,#4711,.F.);
#6145=ORIENTED_EDGE('',*,*,#4720,.F.);
#6146=ORIENTED_EDGE('',*,*,#4718,.T.);
#6147=ORIENTED_EDGE('',*,*,#4704,.T.);
#6148=ORIENTED_EDGE('',*,*,#4710,.T.);
#6149=ORIENTED_EDGE('',*,*,#4713,.T.);
#6150=ORIENTED_EDGE('',*,*,#4715,.T.);
#6151=ORIENTED_EDGE('',*,*,#4717,.T.);
#6152=ORIENTED_EDGE('',*,*,#4719,.T.);
#6153=ORIENTED_EDGE('',*,*,#4720,.T.);
#6154=ORIENTED_EDGE('',*,*,#4721,.T.);
#6155=ORIENTED_EDGE('',*,*,#4722,.T.);
#6156=ORIENTED_EDGE('',*,*,#4723,.F.);
#6157=ORIENTED_EDGE('',*,*,#4724,.F.);
#6158=ORIENTED_EDGE('',*,*,#4725,.T.);
#6159=ORIENTED_EDGE('',*,*,#4726,.F.);
#6160=ORIENTED_EDGE('',*,*,#4727,.T.);
#6161=ORIENTED_EDGE('',*,*,#4728,.F.);
#6162=ORIENTED_EDGE('',*,*,#4729,.T.);
#6163=ORIENTED_EDGE('',*,*,#4730,.T.);
#6164=ORIENTED_EDGE('',*,*,#4731,.T.);
#6165=ORIENTED_EDGE('',*,*,#4732,.T.);
#6166=ORIENTED_EDGE('',*,*,#4733,.T.);
#6167=ORIENTED_EDGE('',*,*,#4734,.T.);
#6168=ORIENTED_EDGE('',*,*,#4735,.T.);
#6169=ORIENTED_EDGE('',*,*,#4736,.T.);
#6170=ORIENTED_EDGE('',*,*,#4737,.T.);
#6171=ORIENTED_EDGE('',*,*,#4738,.T.);
#6172=ORIENTED_EDGE('',*,*,#4739,.T.);
#6173=ORIENTED_EDGE('',*,*,#4740,.T.);
#6174=ORIENTED_EDGE('',*,*,#4741,.T.);
#6175=ORIENTED_EDGE('',*,*,#4742,.T.);
#6176=ORIENTED_EDGE('',*,*,#4743,.F.);
#6177=ORIENTED_EDGE('',*,*,#4744,.T.);
#6178=ORIENTED_EDGE('',*,*,#4745,.T.);
#6179=ORIENTED_EDGE('',*,*,#4746,.F.);
#6180=ORIENTED_EDGE('',*,*,#4747,.F.);
#6181=ORIENTED_EDGE('',*,*,#4748,.F.);
#6182=ORIENTED_EDGE('',*,*,#4749,.F.);
#6183=ORIENTED_EDGE('',*,*,#4750,.F.);
#6184=ORIENTED_EDGE('',*,*,#4751,.F.);
#6185=ORIENTED_EDGE('',*,*,#4752,.F.);
#6186=ORIENTED_EDGE('',*,*,#4753,.F.);
#6187=ORIENTED_EDGE('',*,*,#4754,.F.);
#6188=ORIENTED_EDGE('',*,*,#4755,.F.);
#6189=ORIENTED_EDGE('',*,*,#4756,.F.);
#6190=ORIENTED_EDGE('',*,*,#4757,.F.);
#6191=ORIENTED_EDGE('',*,*,#4758,.F.);
#6192=ORIENTED_EDGE('',*,*,#4759,.F.);
#6193=ORIENTED_EDGE('',*,*,#4760,.F.);
#6194=ORIENTED_EDGE('',*,*,#4761,.F.);
#6195=ORIENTED_EDGE('',*,*,#4762,.F.);
#6196=ORIENTED_EDGE('',*,*,#4763,.F.);
#6197=ORIENTED_EDGE('',*,*,#4764,.F.);
#6198=ORIENTED_EDGE('',*,*,#4765,.F.);
#6199=ORIENTED_EDGE('',*,*,#4766,.F.);
#6200=ORIENTED_EDGE('',*,*,#4767,.F.);
#6201=ORIENTED_EDGE('',*,*,#4768,.F.);
#6202=ORIENTED_EDGE('',*,*,#4769,.F.);
#6203=ORIENTED_EDGE('',*,*,#4770,.F.);
#6204=ORIENTED_EDGE('',*,*,#4771,.F.);
#6205=ORIENTED_EDGE('',*,*,#4772,.F.);
#6206=ORIENTED_EDGE('',*,*,#4773,.F.);
#6207=ORIENTED_EDGE('',*,*,#4774,.F.);
#6208=ORIENTED_EDGE('',*,*,#4775,.F.);
#6209=ORIENTED_EDGE('',*,*,#4776,.F.);
#6210=ORIENTED_EDGE('',*,*,#4777,.F.);
#6211=ORIENTED_EDGE('',*,*,#4778,.F.);
#6212=ORIENTED_EDGE('',*,*,#4779,.F.);
#6213=ORIENTED_EDGE('',*,*,#4780,.F.);
#6214=ORIENTED_EDGE('',*,*,#4781,.F.);
#6215=ORIENTED_EDGE('',*,*,#4782,.F.);
#6216=ORIENTED_EDGE('',*,*,#4783,.F.);
#6217=ORIENTED_EDGE('',*,*,#4784,.F.);
#6218=ORIENTED_EDGE('',*,*,#4785,.F.);
#6219=ORIENTED_EDGE('',*,*,#4786,.F.);
#6220=ORIENTED_EDGE('',*,*,#4787,.F.);
#6221=ORIENTED_EDGE('',*,*,#4788,.F.);
#6222=ORIENTED_EDGE('',*,*,#4789,.F.);
#6223=ORIENTED_EDGE('',*,*,#4790,.F.);
#6224=ORIENTED_EDGE('',*,*,#4791,.F.);
#6225=ORIENTED_EDGE('',*,*,#4792,.F.);
#6226=ORIENTED_EDGE('',*,*,#4793,.F.);
#6227=ORIENTED_EDGE('',*,*,#4794,.F.);
#6228=ORIENTED_EDGE('',*,*,#4795,.F.);
#6229=ORIENTED_EDGE('',*,*,#4796,.F.);
#6230=ORIENTED_EDGE('',*,*,#4797,.F.);
#6231=ORIENTED_EDGE('',*,*,#4798,.F.);
#6232=ORIENTED_EDGE('',*,*,#4799,.F.);
#6233=ORIENTED_EDGE('',*,*,#4800,.F.);
#6234=ORIENTED_EDGE('',*,*,#4801,.F.);
#6235=ORIENTED_EDGE('',*,*,#4802,.F.);
#6236=ORIENTED_EDGE('',*,*,#4803,.F.);
#6237=ORIENTED_EDGE('',*,*,#4804,.F.);
#6238=ORIENTED_EDGE('',*,*,#4805,.F.);
#6239=ORIENTED_EDGE('',*,*,#4806,.F.);
#6240=ORIENTED_EDGE('',*,*,#4807,.F.);
#6241=ORIENTED_EDGE('',*,*,#4808,.F.);
#6242=ORIENTED_EDGE('',*,*,#4809,.F.);
#6243=ORIENTED_EDGE('',*,*,#4810,.F.);
#6244=ORIENTED_EDGE('',*,*,#4811,.F.);
#6245=ORIENTED_EDGE('',*,*,#4812,.F.);
#6246=ORIENTED_EDGE('',*,*,#4813,.F.);
#6247=ORIENTED_EDGE('',*,*,#4721,.F.);
#6248=ORIENTED_EDGE('',*,*,#4814,.F.);
#6249=ORIENTED_EDGE('',*,*,#4815,.F.);
#6250=ORIENTED_EDGE('',*,*,#4816,.F.);
#6251=ORIENTED_EDGE('',*,*,#4817,.F.);
#6252=ORIENTED_EDGE('',*,*,#4818,.F.);
#6253=ORIENTED_EDGE('',*,*,#4819,.F.);
#6254=ORIENTED_EDGE('',*,*,#4820,.F.);
#6255=ORIENTED_EDGE('',*,*,#4821,.F.);
#6256=ORIENTED_EDGE('',*,*,#4822,.F.);
#6257=ORIENTED_EDGE('',*,*,#4823,.F.);
#6258=ORIENTED_EDGE('',*,*,#4824,.F.);
#6259=ORIENTED_EDGE('',*,*,#4825,.F.);
#6260=ORIENTED_EDGE('',*,*,#4826,.F.);
#6261=ORIENTED_EDGE('',*,*,#4827,.F.);
#6262=ORIENTED_EDGE('',*,*,#4828,.F.);
#6263=ORIENTED_EDGE('',*,*,#4829,.F.);
#6264=ORIENTED_EDGE('',*,*,#4830,.F.);
#6265=ORIENTED_EDGE('',*,*,#4831,.F.);
#6266=ORIENTED_EDGE('',*,*,#4832,.F.);
#6267=ORIENTED_EDGE('',*,*,#4833,.F.);
#6268=ORIENTED_EDGE('',*,*,#4834,.F.);
#6269=ORIENTED_EDGE('',*,*,#4835,.F.);
#6270=ORIENTED_EDGE('',*,*,#4836,.F.);
#6271=ORIENTED_EDGE('',*,*,#4837,.F.);
#6272=ORIENTED_EDGE('',*,*,#4838,.F.);
#6273=ORIENTED_EDGE('',*,*,#4839,.F.);
#6274=ORIENTED_EDGE('',*,*,#4840,.F.);
#6275=ORIENTED_EDGE('',*,*,#4841,.F.);
#6276=ORIENTED_EDGE('',*,*,#4842,.F.);
#6277=ORIENTED_EDGE('',*,*,#4843,.F.);
#6278=ORIENTED_EDGE('',*,*,#4844,.F.);
#6279=ORIENTED_EDGE('',*,*,#4845,.F.);
#6280=ORIENTED_EDGE('',*,*,#4846,.F.);
#6281=ORIENTED_EDGE('',*,*,#4847,.F.);
#6282=ORIENTED_EDGE('',*,*,#4848,.F.);
#6283=ORIENTED_EDGE('',*,*,#4849,.F.);
#6284=ORIENTED_EDGE('',*,*,#4850,.F.);
#6285=ORIENTED_EDGE('',*,*,#4851,.F.);
#6286=ORIENTED_EDGE('',*,*,#4852,.F.);
#6287=ORIENTED_EDGE('',*,*,#4853,.F.);
#6288=ORIENTED_EDGE('',*,*,#4854,.F.);
#6289=ORIENTED_EDGE('',*,*,#4855,.F.);
#6290=ORIENTED_EDGE('',*,*,#4856,.F.);
#6291=ORIENTED_EDGE('',*,*,#4857,.F.);
#6292=ORIENTED_EDGE('',*,*,#4858,.F.);
#6293=ORIENTED_EDGE('',*,*,#4859,.F.);
#6294=ORIENTED_EDGE('',*,*,#4860,.F.);
#6295=ORIENTED_EDGE('',*,*,#4861,.F.);
#6296=ORIENTED_EDGE('',*,*,#4862,.F.);
#6297=ORIENTED_EDGE('',*,*,#4863,.F.);
#6298=ORIENTED_EDGE('',*,*,#4864,.F.);
#6299=ORIENTED_EDGE('',*,*,#4865,.F.);
#6300=ORIENTED_EDGE('',*,*,#4866,.F.);
#6301=ORIENTED_EDGE('',*,*,#4867,.F.);
#6302=ORIENTED_EDGE('',*,*,#4868,.F.);
#6303=ORIENTED_EDGE('',*,*,#4869,.F.);
#6304=ORIENTED_EDGE('',*,*,#4870,.F.);
#6305=ORIENTED_EDGE('',*,*,#4871,.F.);
#6306=ORIENTED_EDGE('',*,*,#4872,.F.);
#6307=ORIENTED_EDGE('',*,*,#4873,.F.);
#6308=ORIENTED_EDGE('',*,*,#4874,.F.);
#6309=ORIENTED_EDGE('',*,*,#4875,.F.);
#6310=ORIENTED_EDGE('',*,*,#4876,.F.);
#6311=ORIENTED_EDGE('',*,*,#4877,.F.);
#6312=ORIENTED_EDGE('',*,*,#4878,.F.);
#6313=ORIENTED_EDGE('',*,*,#4879,.F.);
#6314=ORIENTED_EDGE('',*,*,#4880,.F.);
#6315=ORIENTED_EDGE('',*,*,#4881,.F.);
#6316=ORIENTED_EDGE('',*,*,#4882,.F.);
#6317=ORIENTED_EDGE('',*,*,#4883,.F.);
#6318=ORIENTED_EDGE('',*,*,#4884,.F.);
#6319=ORIENTED_EDGE('',*,*,#4885,.F.);
#6320=ORIENTED_EDGE('',*,*,#4886,.F.);
#6321=ORIENTED_EDGE('',*,*,#4887,.F.);
#6322=ORIENTED_EDGE('',*,*,#4888,.F.);
#6323=ORIENTED_EDGE('',*,*,#4889,.F.);
#6324=ORIENTED_EDGE('',*,*,#4890,.F.);
#6325=ORIENTED_EDGE('',*,*,#4891,.F.);
#6326=ORIENTED_EDGE('',*,*,#4892,.T.);
#6327=ORIENTED_EDGE('',*,*,#4893,.F.);
#6328=ORIENTED_EDGE('',*,*,#4894,.F.);
#6329=ORIENTED_EDGE('',*,*,#4895,.F.);
#6330=ORIENTED_EDGE('',*,*,#4896,.F.);
#6331=ORIENTED_EDGE('',*,*,#4897,.F.);
#6332=ORIENTED_EDGE('',*,*,#4898,.F.);
#6333=ORIENTED_EDGE('',*,*,#4899,.F.);
#6334=ORIENTED_EDGE('',*,*,#4900,.F.);
#6335=ORIENTED_EDGE('',*,*,#4901,.F.);
#6336=ORIENTED_EDGE('',*,*,#4902,.F.);
#6337=ORIENTED_EDGE('',*,*,#4903,.F.);
#6338=ORIENTED_EDGE('',*,*,#4904,.F.);
#6339=ORIENTED_EDGE('',*,*,#4905,.F.);
#6340=ORIENTED_EDGE('',*,*,#4906,.F.);
#6341=ORIENTED_EDGE('',*,*,#4907,.F.);
#6342=ORIENTED_EDGE('',*,*,#4908,.F.);
#6343=ORIENTED_EDGE('',*,*,#4909,.F.);
#6344=ORIENTED_EDGE('',*,*,#4910,.F.);
#6345=ORIENTED_EDGE('',*,*,#4911,.F.);
#6346=ORIENTED_EDGE('',*,*,#4912,.F.);
#6347=ORIENTED_EDGE('',*,*,#4913,.F.);
#6348=ORIENTED_EDGE('',*,*,#4914,.F.);
#6349=ORIENTED_EDGE('',*,*,#4915,.F.);
#6350=ORIENTED_EDGE('',*,*,#4916,.F.);
#6351=ORIENTED_EDGE('',*,*,#4917,.F.);
#6352=ORIENTED_EDGE('',*,*,#4918,.F.);
#6353=ORIENTED_EDGE('',*,*,#4919,.F.);
#6354=ORIENTED_EDGE('',*,*,#4920,.F.);
#6355=ORIENTED_EDGE('',*,*,#4921,.F.);
#6356=ORIENTED_EDGE('',*,*,#4922,.F.);
#6357=ORIENTED_EDGE('',*,*,#4923,.F.);
#6358=ORIENTED_EDGE('',*,*,#4924,.F.);
#6359=ORIENTED_EDGE('',*,*,#4925,.F.);
#6360=ORIENTED_EDGE('',*,*,#4926,.F.);
#6361=ORIENTED_EDGE('',*,*,#4927,.F.);
#6362=ORIENTED_EDGE('',*,*,#4928,.F.);
#6363=ORIENTED_EDGE('',*,*,#4929,.F.);
#6364=ORIENTED_EDGE('',*,*,#4930,.F.);
#6365=ORIENTED_EDGE('',*,*,#4931,.T.);
#6366=ORIENTED_EDGE('',*,*,#4932,.F.);
#6367=ORIENTED_EDGE('',*,*,#4933,.F.);
#6368=ORIENTED_EDGE('',*,*,#4934,.F.);
#6369=ORIENTED_EDGE('',*,*,#4935,.F.);
#6370=ORIENTED_EDGE('',*,*,#4936,.F.);
#6371=ORIENTED_EDGE('',*,*,#4937,.F.);
#6372=ORIENTED_EDGE('',*,*,#4938,.F.);
#6373=ORIENTED_EDGE('',*,*,#4939,.F.);
#6374=ORIENTED_EDGE('',*,*,#4940,.F.);
#6375=ORIENTED_EDGE('',*,*,#4941,.F.);
#6376=ORIENTED_EDGE('',*,*,#4942,.F.);
#6377=ORIENTED_EDGE('',*,*,#4943,.F.);
#6378=ORIENTED_EDGE('',*,*,#4944,.F.);
#6379=ORIENTED_EDGE('',*,*,#4945,.F.);
#6380=ORIENTED_EDGE('',*,*,#4946,.F.);
#6381=ORIENTED_EDGE('',*,*,#4947,.F.);
#6382=ORIENTED_EDGE('',*,*,#4948,.F.);
#6383=ORIENTED_EDGE('',*,*,#4949,.F.);
#6384=ORIENTED_EDGE('',*,*,#4950,.F.);
#6385=ORIENTED_EDGE('',*,*,#4951,.F.);
#6386=ORIENTED_EDGE('',*,*,#4952,.F.);
#6387=ORIENTED_EDGE('',*,*,#4953,.F.);
#6388=ORIENTED_EDGE('',*,*,#4954,.F.);
#6389=ORIENTED_EDGE('',*,*,#4955,.F.);
#6390=ORIENTED_EDGE('',*,*,#4956,.F.);
#6391=ORIENTED_EDGE('',*,*,#4957,.F.);
#6392=ORIENTED_EDGE('',*,*,#4958,.F.);
#6393=ORIENTED_EDGE('',*,*,#4959,.F.);
#6394=ORIENTED_EDGE('',*,*,#4960,.F.);
#6395=ORIENTED_EDGE('',*,*,#4961,.F.);
#6396=ORIENTED_EDGE('',*,*,#4962,.F.);
#6397=ORIENTED_EDGE('',*,*,#4963,.F.);
#6398=ORIENTED_EDGE('',*,*,#4964,.F.);
#6399=ORIENTED_EDGE('',*,*,#4965,.F.);
#6400=ORIENTED_EDGE('',*,*,#4966,.F.);
#6401=ORIENTED_EDGE('',*,*,#4967,.F.);
#6402=ORIENTED_EDGE('',*,*,#4968,.F.);
#6403=ORIENTED_EDGE('',*,*,#4969,.F.);
#6404=ORIENTED_EDGE('',*,*,#4970,.F.);
#6405=ORIENTED_EDGE('',*,*,#4971,.F.);
#6406=ORIENTED_EDGE('',*,*,#4972,.F.);
#6407=ORIENTED_EDGE('',*,*,#4973,.F.);
#6408=ORIENTED_EDGE('',*,*,#4974,.F.);
#6409=ORIENTED_EDGE('',*,*,#4975,.F.);
#6410=ORIENTED_EDGE('',*,*,#4976,.F.);
#6411=ORIENTED_EDGE('',*,*,#4977,.F.);
#6412=ORIENTED_EDGE('',*,*,#4978,.F.);
#6413=ORIENTED_EDGE('',*,*,#4979,.F.);
#6414=ORIENTED_EDGE('',*,*,#4980,.F.);
#6415=ORIENTED_EDGE('',*,*,#4981,.F.);
#6416=ORIENTED_EDGE('',*,*,#4982,.F.);
#6417=ORIENTED_EDGE('',*,*,#4983,.F.);
#6418=ORIENTED_EDGE('',*,*,#4984,.F.);
#6419=ORIENTED_EDGE('',*,*,#4985,.F.);
#6420=ORIENTED_EDGE('',*,*,#4986,.F.);
#6421=ORIENTED_EDGE('',*,*,#4987,.F.);
#6422=ORIENTED_EDGE('',*,*,#4988,.F.);
#6423=ORIENTED_EDGE('',*,*,#4989,.F.);
#6424=ORIENTED_EDGE('',*,*,#4990,.F.);
#6425=ORIENTED_EDGE('',*,*,#4991,.F.);
#6426=ORIENTED_EDGE('',*,*,#4992,.F.);
#6427=ORIENTED_EDGE('',*,*,#4993,.F.);
#6428=ORIENTED_EDGE('',*,*,#4994,.F.);
#6429=ORIENTED_EDGE('',*,*,#4995,.F.);
#6430=ORIENTED_EDGE('',*,*,#4996,.F.);
#6431=ORIENTED_EDGE('',*,*,#4997,.F.);
#6432=ORIENTED_EDGE('',*,*,#4998,.F.);
#6433=ORIENTED_EDGE('',*,*,#4999,.F.);
#6434=ORIENTED_EDGE('',*,*,#5000,.F.);
#6435=ORIENTED_EDGE('',*,*,#5001,.F.);
#6436=ORIENTED_EDGE('',*,*,#5002,.F.);
#6437=ORIENTED_EDGE('',*,*,#5003,.F.);
#6438=ORIENTED_EDGE('',*,*,#5004,.F.);
#6439=ORIENTED_EDGE('',*,*,#5005,.F.);
#6440=ORIENTED_EDGE('',*,*,#5006,.F.);
#6441=ORIENTED_EDGE('',*,*,#5007,.F.);
#6442=ORIENTED_EDGE('',*,*,#5008,.F.);
#6443=ORIENTED_EDGE('',*,*,#5009,.F.);
#6444=ORIENTED_EDGE('',*,*,#5010,.F.);
#6445=ORIENTED_EDGE('',*,*,#5011,.F.);
#6446=ORIENTED_EDGE('',*,*,#5012,.F.);
#6447=ORIENTED_EDGE('',*,*,#5013,.F.);
#6448=ORIENTED_EDGE('',*,*,#5014,.F.);
#6449=ORIENTED_EDGE('',*,*,#5015,.F.);
#6450=ORIENTED_EDGE('',*,*,#5016,.F.);
#6451=ORIENTED_EDGE('',*,*,#5017,.F.);
#6452=ORIENTED_EDGE('',*,*,#5018,.F.);
#6453=ORIENTED_EDGE('',*,*,#5019,.F.);
#6454=ORIENTED_EDGE('',*,*,#5020,.F.);
#6455=ORIENTED_EDGE('',*,*,#5021,.F.);
#6456=ORIENTED_EDGE('',*,*,#5022,.F.);
#6457=ORIENTED_EDGE('',*,*,#5023,.F.);
#6458=ORIENTED_EDGE('',*,*,#5024,.F.);
#6459=ORIENTED_EDGE('',*,*,#5025,.F.);
#6460=ORIENTED_EDGE('',*,*,#5026,.F.);
#6461=ORIENTED_EDGE('',*,*,#5027,.F.);
#6462=ORIENTED_EDGE('',*,*,#5028,.F.);
#6463=ORIENTED_EDGE('',*,*,#5029,.F.);
#6464=ORIENTED_EDGE('',*,*,#5030,.F.);
#6465=ORIENTED_EDGE('',*,*,#5031,.F.);
#6466=ORIENTED_EDGE('',*,*,#5032,.F.);
#6467=ORIENTED_EDGE('',*,*,#5033,.T.);
#6468=ORIENTED_EDGE('',*,*,#5034,.T.);
#6469=ORIENTED_EDGE('',*,*,#5035,.T.);
#6470=ORIENTED_EDGE('',*,*,#5036,.T.);
#6471=ORIENTED_EDGE('',*,*,#4725,.F.);
#6472=ORIENTED_EDGE('',*,*,#5037,.T.);
#6473=ORIENTED_EDGE('',*,*,#5038,.F.);
#6474=ORIENTED_EDGE('',*,*,#5033,.F.);
#6475=ORIENTED_EDGE('',*,*,#4745,.F.);
#6476=ORIENTED_EDGE('',*,*,#5039,.T.);
#6477=ORIENTED_EDGE('',*,*,#5040,.F.);
#6478=ORIENTED_EDGE('',*,*,#5037,.F.);
#6479=ORIENTED_EDGE('',*,*,#4744,.F.);
#6480=ORIENTED_EDGE('',*,*,#5041,.F.);
#6481=ORIENTED_EDGE('',*,*,#5042,.F.);
#6482=ORIENTED_EDGE('',*,*,#5039,.F.);
#6483=ORIENTED_EDGE('',*,*,#4743,.T.);
#6484=ORIENTED_EDGE('',*,*,#5043,.F.);
#6485=ORIENTED_EDGE('',*,*,#5044,.F.);
#6486=ORIENTED_EDGE('',*,*,#5045,.F.);
#6487=ORIENTED_EDGE('',*,*,#5046,.F.);
#6488=ORIENTED_EDGE('',*,*,#5047,.F.);
#6489=ORIENTED_EDGE('',*,*,#5048,.F.);
#6490=ORIENTED_EDGE('',*,*,#5049,.F.);
#6491=ORIENTED_EDGE('',*,*,#5050,.F.);
#6492=ORIENTED_EDGE('',*,*,#5051,.F.);
#6493=ORIENTED_EDGE('',*,*,#5052,.F.);
#6494=ORIENTED_EDGE('',*,*,#5053,.F.);
#6495=ORIENTED_EDGE('',*,*,#5054,.F.);
#6496=ORIENTED_EDGE('',*,*,#5055,.T.);
#6497=ORIENTED_EDGE('',*,*,#5056,.F.);
#6498=ORIENTED_EDGE('',*,*,#5051,.T.);
#6499=ORIENTED_EDGE('',*,*,#5057,.T.);
#6500=ORIENTED_EDGE('',*,*,#5058,.T.);
#6501=ORIENTED_EDGE('',*,*,#5059,.T.);
#6502=ORIENTED_EDGE('',*,*,#5060,.T.);
#6503=ORIENTED_EDGE('',*,*,#5061,.F.);
#6504=ORIENTED_EDGE('',*,*,#5062,.F.);
#6505=ORIENTED_EDGE('',*,*,#5063,.F.);
#6506=ORIENTED_EDGE('',*,*,#5064,.T.);
#6507=ORIENTED_EDGE('',*,*,#5055,.F.);
#6508=ORIENTED_EDGE('',*,*,#5065,.T.);
#6509=ORIENTED_EDGE('',*,*,#5066,.T.);
#6510=ORIENTED_EDGE('',*,*,#5067,.F.);
#6511=ORIENTED_EDGE('',*,*,#5059,.F.);
#6512=ORIENTED_EDGE('',*,*,#5068,.T.);
#6513=ORIENTED_EDGE('',*,*,#5069,.T.);
#6514=ORIENTED_EDGE('',*,*,#5053,.T.);
#6515=ORIENTED_EDGE('',*,*,#5052,.T.);
#6516=ORIENTED_EDGE('',*,*,#5056,.T.);
#6517=ORIENTED_EDGE('',*,*,#5064,.F.);
#6518=ORIENTED_EDGE('',*,*,#5070,.T.);
#6519=ORIENTED_EDGE('',*,*,#5071,.F.);
#6520=ORIENTED_EDGE('',*,*,#5072,.T.);
#6521=ORIENTED_EDGE('',*,*,#5060,.F.);
#6522=ORIENTED_EDGE('',*,*,#5067,.T.);
#6523=ORIENTED_EDGE('',*,*,#5072,.F.);
#6524=ORIENTED_EDGE('',*,*,#5073,.F.);
#6525=ORIENTED_EDGE('',*,*,#5070,.F.);
#6526=ORIENTED_EDGE('',*,*,#5063,.T.);
#6527=ORIENTED_EDGE('',*,*,#5074,.T.);
#6528=ORIENTED_EDGE('',*,*,#5061,.T.);
#6529=ORIENTED_EDGE('',*,*,#5062,.T.);
#6530=ORIENTED_EDGE('',*,*,#5074,.F.);
#6531=ORIENTED_EDGE('',*,*,#5071,.T.);
#6532=ORIENTED_EDGE('',*,*,#5073,.T.);
#6533=ORIENTED_EDGE('',*,*,#5075,.F.);
#6534=ORIENTED_EDGE('',*,*,#5057,.F.);
#6535=ORIENTED_EDGE('',*,*,#5054,.T.);
#6536=ORIENTED_EDGE('',*,*,#5069,.F.);
#6537=ORIENTED_EDGE('',*,*,#5076,.F.);
#6538=ORIENTED_EDGE('',*,*,#5075,.T.);
#6539=ORIENTED_EDGE('',*,*,#5077,.T.);
#6540=ORIENTED_EDGE('',*,*,#5065,.F.);
#6541=ORIENTED_EDGE('',*,*,#5058,.F.);
#6542=ORIENTED_EDGE('',*,*,#5078,.T.);
#6543=ORIENTED_EDGE('',*,*,#5077,.F.);
#6544=ORIENTED_EDGE('',*,*,#5079,.T.);
#6545=ORIENTED_EDGE('',*,*,#5080,.T.);
#6546=ORIENTED_EDGE('',*,*,#5081,.T.);
#6547=ORIENTED_EDGE('',*,*,#5066,.F.);
#6548=ORIENTED_EDGE('',*,*,#5078,.F.);
#6549=ORIENTED_EDGE('',*,*,#5082,.T.);
#6550=ORIENTED_EDGE('',*,*,#5083,.T.);
#6551=ORIENTED_EDGE('',*,*,#5068,.F.);
#6552=ORIENTED_EDGE('',*,*,#5081,.F.);
#6553=ORIENTED_EDGE('',*,*,#5084,.T.);
#6554=ORIENTED_EDGE('',*,*,#5079,.F.);
#6555=ORIENTED_EDGE('',*,*,#5076,.T.);
#6556=ORIENTED_EDGE('',*,*,#5083,.F.);
#6557=ORIENTED_EDGE('',*,*,#5085,.T.);
#6558=ORIENTED_EDGE('',*,*,#5080,.F.);
#6559=ORIENTED_EDGE('',*,*,#5085,.F.);
#6560=ORIENTED_EDGE('',*,*,#5084,.F.);
#6561=ORIENTED_EDGE('',*,*,#5082,.F.);
#6562=ORIENTED_EDGE('',*,*,#5086,.T.);
#6563=ORIENTED_EDGE('',*,*,#5087,.F.);
#6564=ORIENTED_EDGE('',*,*,#5043,.T.);
#6565=ORIENTED_EDGE('',*,*,#5088,.T.);
#6566=ORIENTED_EDGE('',*,*,#5089,.F.);
#6567=ORIENTED_EDGE('',*,*,#5090,.F.);
#6568=ORIENTED_EDGE('',*,*,#5091,.F.);
#6569=ORIENTED_EDGE('',*,*,#5092,.T.);
#6570=ORIENTED_EDGE('',*,*,#5086,.F.);
#6571=ORIENTED_EDGE('',*,*,#5093,.T.);
#6572=ORIENTED_EDGE('',*,*,#5094,.T.);
#6573=ORIENTED_EDGE('',*,*,#5095,.T.);
#6574=ORIENTED_EDGE('',*,*,#5096,.F.);
#6575=ORIENTED_EDGE('',*,*,#5097,.T.);
#6576=ORIENTED_EDGE('',*,*,#5098,.F.);
#6577=ORIENTED_EDGE('',*,*,#5099,.T.);
#6578=ORIENTED_EDGE('',*,*,#5090,.T.);
#6579=ORIENTED_EDGE('',*,*,#5099,.F.);
#6580=ORIENTED_EDGE('',*,*,#5098,.T.);
#6581=ORIENTED_EDGE('',*,*,#5100,.F.);
#6582=ORIENTED_EDGE('',*,*,#5101,.F.);
#6583=ORIENTED_EDGE('',*,*,#5102,.F.);
#6584=ORIENTED_EDGE('',*,*,#5091,.T.);
#6585=ORIENTED_EDGE('',*,*,#5044,.T.);
#6586=ORIENTED_EDGE('',*,*,#5087,.T.);
#6587=ORIENTED_EDGE('',*,*,#5092,.F.);
#6588=ORIENTED_EDGE('',*,*,#5102,.T.);
#6589=ORIENTED_EDGE('',*,*,#5103,.F.);
#6590=ORIENTED_EDGE('',*,*,#5100,.T.);
#6591=ORIENTED_EDGE('',*,*,#5097,.F.);
#6592=ORIENTED_EDGE('',*,*,#5104,.F.);
#6593=ORIENTED_EDGE('',*,*,#5105,.T.);
#6594=ORIENTED_EDGE('',*,*,#5045,.T.);
#6595=ORIENTED_EDGE('',*,*,#5104,.T.);
#6596=ORIENTED_EDGE('',*,*,#5096,.T.);
#6597=ORIENTED_EDGE('',*,*,#5106,.F.);
#6598=ORIENTED_EDGE('',*,*,#5107,.F.);
#6599=ORIENTED_EDGE('',*,*,#5108,.F.);
#6600=ORIENTED_EDGE('',*,*,#5088,.F.);
#6601=ORIENTED_EDGE('',*,*,#5046,.T.);
#6602=ORIENTED_EDGE('',*,*,#5105,.F.);
#6603=ORIENTED_EDGE('',*,*,#5109,.F.);
#6604=ORIENTED_EDGE('',*,*,#5110,.T.);
#6605=ORIENTED_EDGE('',*,*,#5111,.T.);
#6606=ORIENTED_EDGE('',*,*,#5107,.T.);
#6607=ORIENTED_EDGE('',*,*,#5112,.F.);
#6608=ORIENTED_EDGE('',*,*,#5113,.F.);
#6609=ORIENTED_EDGE('',*,*,#5114,.F.);
#6610=ORIENTED_EDGE('',*,*,#5110,.F.);
#6611=ORIENTED_EDGE('',*,*,#5115,.F.);
#6612=ORIENTED_EDGE('',*,*,#5094,.F.);
#6613=ORIENTED_EDGE('',*,*,#5116,.F.);
#6614=ORIENTED_EDGE('',*,*,#5113,.T.);
#6615=ORIENTED_EDGE('',*,*,#5117,.T.);
#6616=ORIENTED_EDGE('',*,*,#5112,.T.);
#6617=ORIENTED_EDGE('',*,*,#5118,.F.);
#6618=ORIENTED_EDGE('',*,*,#5117,.F.);
#6619=ORIENTED_EDGE('',*,*,#5115,.T.);
#6620=ORIENTED_EDGE('',*,*,#5095,.F.);
#6621=ORIENTED_EDGE('',*,*,#5118,.T.);
#6622=ORIENTED_EDGE('',*,*,#5109,.T.);
#6623=ORIENTED_EDGE('',*,*,#5106,.T.);
#6624=ORIENTED_EDGE('',*,*,#5116,.T.);
#6625=ORIENTED_EDGE('',*,*,#5119,.T.);
#6626=ORIENTED_EDGE('',*,*,#5111,.F.);
#6627=ORIENTED_EDGE('',*,*,#5114,.T.);
#6628=ORIENTED_EDGE('',*,*,#5108,.T.);
#6629=ORIENTED_EDGE('',*,*,#5119,.F.);
#6630=ORIENTED_EDGE('',*,*,#5093,.F.);
#6631=ORIENTED_EDGE('',*,*,#5089,.T.);
#6632=ORIENTED_EDGE('',*,*,#5103,.T.);
#6633=ORIENTED_EDGE('',*,*,#5101,.T.);
#6634=ORIENTED_EDGE('',*,*,#5120,.T.);
#6635=ORIENTED_EDGE('',*,*,#5121,.T.);
#6636=ORIENTED_EDGE('',*,*,#5122,.F.);
#6637=ORIENTED_EDGE('',*,*,#5123,.F.);
#6638=ORIENTED_EDGE('',*,*,#5047,.T.);
#6639=ORIENTED_EDGE('',*,*,#5120,.F.);
#6640=ORIENTED_EDGE('',*,*,#5050,.T.);
#6641=ORIENTED_EDGE('',*,*,#5124,.F.);
#6642=ORIENTED_EDGE('',*,*,#5125,.F.);
#6643=ORIENTED_EDGE('',*,*,#5126,.F.);
#6644=ORIENTED_EDGE('',*,*,#5127,.F.);
#6645=ORIENTED_EDGE('',*,*,#5126,.T.);
#6646=ORIENTED_EDGE('',*,*,#5128,.F.);
#6647=ORIENTED_EDGE('',*,*,#5129,.T.);
#6648=ORIENTED_EDGE('',*,*,#5130,.T.);
#6649=ORIENTED_EDGE('',*,*,#5121,.F.);
#6650=ORIENTED_EDGE('',*,*,#5127,.T.);
#6651=ORIENTED_EDGE('',*,*,#5131,.T.);
#6652=ORIENTED_EDGE('',*,*,#5132,.T.);
#6653=ORIENTED_EDGE('',*,*,#5133,.F.);
#6654=ORIENTED_EDGE('',*,*,#5130,.F.);
#6655=ORIENTED_EDGE('',*,*,#5134,.T.);
#6656=ORIENTED_EDGE('',*,*,#5128,.T.);
#6657=ORIENTED_EDGE('',*,*,#5135,.F.);
#6658=ORIENTED_EDGE('',*,*,#5132,.F.);
#6659=ORIENTED_EDGE('',*,*,#5136,.T.);
#6660=ORIENTED_EDGE('',*,*,#5136,.F.);
#6661=ORIENTED_EDGE('',*,*,#5134,.F.);
#6662=ORIENTED_EDGE('',*,*,#5131,.F.);
#6663=ORIENTED_EDGE('',*,*,#5129,.F.);
#6664=ORIENTED_EDGE('',*,*,#5137,.F.);
#6665=ORIENTED_EDGE('',*,*,#5135,.T.);
#6666=ORIENTED_EDGE('',*,*,#5125,.T.);
#6667=ORIENTED_EDGE('',*,*,#5138,.T.);
#6668=ORIENTED_EDGE('',*,*,#5137,.T.);
#6669=ORIENTED_EDGE('',*,*,#5139,.F.);
#6670=ORIENTED_EDGE('',*,*,#5140,.T.);
#6671=ORIENTED_EDGE('',*,*,#5141,.F.);
#6672=ORIENTED_EDGE('',*,*,#5142,.F.);
#6673=ORIENTED_EDGE('',*,*,#5143,.F.);
#6674=ORIENTED_EDGE('',*,*,#5144,.T.);
#6675=ORIENTED_EDGE('',*,*,#5122,.T.);
#6676=ORIENTED_EDGE('',*,*,#5133,.T.);
#6677=ORIENTED_EDGE('',*,*,#5144,.F.);
#6678=ORIENTED_EDGE('',*,*,#5145,.T.);
#6679=ORIENTED_EDGE('',*,*,#5146,.F.);
#6680=ORIENTED_EDGE('',*,*,#5147,.T.);
#6681=ORIENTED_EDGE('',*,*,#5140,.F.);
#6682=ORIENTED_EDGE('',*,*,#5148,.F.);
#6683=ORIENTED_EDGE('',*,*,#5048,.T.);
#6684=ORIENTED_EDGE('',*,*,#5123,.T.);
#6685=ORIENTED_EDGE('',*,*,#5124,.T.);
#6686=ORIENTED_EDGE('',*,*,#5049,.T.);
#6687=ORIENTED_EDGE('',*,*,#5148,.T.);
#6688=ORIENTED_EDGE('',*,*,#5139,.T.);
#6689=ORIENTED_EDGE('',*,*,#5138,.F.);
#6690=ORIENTED_EDGE('',*,*,#5149,.T.);
#6691=ORIENTED_EDGE('',*,*,#5141,.T.);
#6692=ORIENTED_EDGE('',*,*,#5147,.F.);
#6693=ORIENTED_EDGE('',*,*,#5150,.F.);
#6694=ORIENTED_EDGE('',*,*,#5145,.F.);
#6695=ORIENTED_EDGE('',*,*,#5143,.T.);
#6696=ORIENTED_EDGE('',*,*,#5142,.T.);
#6697=ORIENTED_EDGE('',*,*,#5149,.F.);
#6698=ORIENTED_EDGE('',*,*,#5146,.T.);
#6699=ORIENTED_EDGE('',*,*,#5150,.T.);
#6700=ORIENTED_EDGE('',*,*,#5151,.F.);
#6701=ORIENTED_EDGE('',*,*,#5152,.F.);
#6702=ORIENTED_EDGE('',*,*,#5041,.T.);
#6703=ORIENTED_EDGE('',*,*,#4742,.F.);
#6704=ORIENTED_EDGE('',*,*,#5153,.F.);
#6705=ORIENTED_EDGE('',*,*,#5154,.F.);
#6706=ORIENTED_EDGE('',*,*,#5151,.T.);
#6707=ORIENTED_EDGE('',*,*,#4741,.F.);
#6708=ORIENTED_EDGE('',*,*,#5155,.F.);
#6709=ORIENTED_EDGE('',*,*,#5156,.F.);
#6710=ORIENTED_EDGE('',*,*,#5153,.T.);
#6711=ORIENTED_EDGE('',*,*,#4740,.F.);
#6712=ORIENTED_EDGE('',*,*,#5157,.F.);
#6713=ORIENTED_EDGE('',*,*,#5158,.F.);
#6714=ORIENTED_EDGE('',*,*,#5155,.T.);
#6715=ORIENTED_EDGE('',*,*,#4739,.F.);
#6716=ORIENTED_EDGE('',*,*,#5159,.F.);
#6717=ORIENTED_EDGE('',*,*,#5160,.F.);
#6718=ORIENTED_EDGE('',*,*,#5157,.T.);
#6719=ORIENTED_EDGE('',*,*,#4738,.F.);
#6720=ORIENTED_EDGE('',*,*,#5161,.T.);
#6721=ORIENTED_EDGE('',*,*,#5162,.F.);
#6722=ORIENTED_EDGE('',*,*,#5159,.T.);
#6723=ORIENTED_EDGE('',*,*,#4737,.F.);
#6724=ORIENTED_EDGE('',*,*,#5163,.T.);
#6725=ORIENTED_EDGE('',*,*,#5164,.T.);
#6726=ORIENTED_EDGE('',*,*,#5165,.T.);
#6727=ORIENTED_EDGE('',*,*,#5166,.F.);
#6728=ORIENTED_EDGE('',*,*,#5167,.T.);
#6729=ORIENTED_EDGE('',*,*,#5165,.F.);
#6730=ORIENTED_EDGE('',*,*,#5167,.F.);
#6731=ORIENTED_EDGE('',*,*,#5166,.T.);
#6732=ORIENTED_EDGE('',*,*,#5168,.T.);
#6733=ORIENTED_EDGE('',*,*,#5168,.F.);
#6734=ORIENTED_EDGE('',*,*,#5169,.T.);
#6735=ORIENTED_EDGE('',*,*,#5170,.F.);
#6736=ORIENTED_EDGE('',*,*,#5171,.T.);
#6737=ORIENTED_EDGE('',*,*,#5172,.F.);
#6738=ORIENTED_EDGE('',*,*,#5173,.T.);
#6739=ORIENTED_EDGE('',*,*,#5174,.F.);
#6740=ORIENTED_EDGE('',*,*,#5175,.T.);
#6741=ORIENTED_EDGE('',*,*,#5176,.F.);
#6742=ORIENTED_EDGE('',*,*,#5177,.T.);
#6743=ORIENTED_EDGE('',*,*,#5178,.F.);
#6744=ORIENTED_EDGE('',*,*,#5169,.F.);
#6745=ORIENTED_EDGE('',*,*,#5179,.T.);
#6746=ORIENTED_EDGE('',*,*,#5170,.T.);
#6747=ORIENTED_EDGE('',*,*,#5178,.T.);
#6748=ORIENTED_EDGE('',*,*,#5180,.F.);
#6749=ORIENTED_EDGE('',*,*,#5181,.F.);
#6750=ORIENTED_EDGE('',*,*,#5179,.F.);
#6751=ORIENTED_EDGE('',*,*,#5182,.T.);
#6752=ORIENTED_EDGE('',*,*,#5180,.T.);
#6753=ORIENTED_EDGE('',*,*,#5177,.F.);
#6754=ORIENTED_EDGE('',*,*,#5183,.F.);
#6755=ORIENTED_EDGE('',*,*,#5171,.F.);
#6756=ORIENTED_EDGE('',*,*,#5183,.T.);
#6757=ORIENTED_EDGE('',*,*,#5176,.T.);
#6758=ORIENTED_EDGE('',*,*,#5184,.T.);
#6759=ORIENTED_EDGE('',*,*,#5172,.T.);
#6760=ORIENTED_EDGE('',*,*,#5184,.F.);
#6761=ORIENTED_EDGE('',*,*,#5175,.F.);
#6762=ORIENTED_EDGE('',*,*,#5185,.F.);
#6763=ORIENTED_EDGE('',*,*,#5186,.F.);
#6764=ORIENTED_EDGE('',*,*,#5187,.F.);
#6765=ORIENTED_EDGE('',*,*,#5173,.F.);
#6766=ORIENTED_EDGE('',*,*,#5187,.T.);
#6767=ORIENTED_EDGE('',*,*,#5188,.F.);
#6768=ORIENTED_EDGE('',*,*,#5185,.T.);
#6769=ORIENTED_EDGE('',*,*,#5174,.T.);
#6770=ORIENTED_EDGE('',*,*,#5188,.T.);
#6771=ORIENTED_EDGE('',*,*,#5186,.T.);
#6772=ORIENTED_EDGE('',*,*,#5181,.T.);
#6773=ORIENTED_EDGE('',*,*,#5182,.F.);
#6774=ORIENTED_EDGE('',*,*,#5189,.F.);
#6775=ORIENTED_EDGE('',*,*,#5190,.T.);
#6776=ORIENTED_EDGE('',*,*,#5163,.F.);
#6777=ORIENTED_EDGE('',*,*,#5190,.F.);
#6778=ORIENTED_EDGE('',*,*,#5189,.T.);
#6779=ORIENTED_EDGE('',*,*,#5191,.T.);
#6780=ORIENTED_EDGE('',*,*,#5191,.F.);
#6781=ORIENTED_EDGE('',*,*,#5192,.T.);
#6782=ORIENTED_EDGE('',*,*,#5193,.F.);
#6783=ORIENTED_EDGE('',*,*,#5194,.T.);
#6784=ORIENTED_EDGE('',*,*,#5195,.F.);
#6785=ORIENTED_EDGE('',*,*,#5196,.T.);
#6786=ORIENTED_EDGE('',*,*,#5197,.F.);
#6787=ORIENTED_EDGE('',*,*,#5198,.T.);
#6788=ORIENTED_EDGE('',*,*,#5199,.F.);
#6789=ORIENTED_EDGE('',*,*,#5200,.T.);
#6790=ORIENTED_EDGE('',*,*,#5201,.F.);
#6791=ORIENTED_EDGE('',*,*,#5192,.F.);
#6792=ORIENTED_EDGE('',*,*,#5202,.F.);
#6793=ORIENTED_EDGE('',*,*,#5203,.T.);
#6794=ORIENTED_EDGE('',*,*,#5197,.T.);
#6795=ORIENTED_EDGE('',*,*,#5204,.T.);
#6796=ORIENTED_EDGE('',*,*,#5205,.T.);
#6797=ORIENTED_EDGE('',*,*,#5202,.T.);
#6798=ORIENTED_EDGE('',*,*,#5206,.F.);
#6799=ORIENTED_EDGE('',*,*,#5198,.F.);
#6800=ORIENTED_EDGE('',*,*,#5203,.F.);
#6801=ORIENTED_EDGE('',*,*,#5205,.F.);
#6802=ORIENTED_EDGE('',*,*,#5204,.F.);
#6803=ORIENTED_EDGE('',*,*,#5196,.F.);
#6804=ORIENTED_EDGE('',*,*,#5207,.T.);
#6805=ORIENTED_EDGE('',*,*,#5199,.T.);
#6806=ORIENTED_EDGE('',*,*,#5206,.T.);
#6807=ORIENTED_EDGE('',*,*,#5195,.T.);
#6808=ORIENTED_EDGE('',*,*,#5208,.T.);
#6809=ORIENTED_EDGE('',*,*,#5209,.F.);
#6810=ORIENTED_EDGE('',*,*,#5200,.F.);
#6811=ORIENTED_EDGE('',*,*,#5207,.F.);
#6812=ORIENTED_EDGE('',*,*,#5194,.F.);
#6813=ORIENTED_EDGE('',*,*,#5210,.F.);
#6814=ORIENTED_EDGE('',*,*,#5211,.T.);
#6815=ORIENTED_EDGE('',*,*,#5208,.F.);
#6816=ORIENTED_EDGE('',*,*,#5193,.T.);
#6817=ORIENTED_EDGE('',*,*,#5201,.T.);
#6818=ORIENTED_EDGE('',*,*,#5209,.T.);
#6819=ORIENTED_EDGE('',*,*,#5211,.F.);
#6820=ORIENTED_EDGE('',*,*,#5210,.T.);
#6821=ORIENTED_EDGE('',*,*,#5212,.F.);
#6822=ORIENTED_EDGE('',*,*,#5213,.T.);
#6823=ORIENTED_EDGE('',*,*,#5164,.F.);
#6824=ORIENTED_EDGE('',*,*,#5213,.F.);
#6825=ORIENTED_EDGE('',*,*,#5212,.T.);
#6826=ORIENTED_EDGE('',*,*,#5214,.T.);
#6827=ORIENTED_EDGE('',*,*,#5214,.F.);
#6828=ORIENTED_EDGE('',*,*,#5215,.T.);
#6829=ORIENTED_EDGE('',*,*,#5216,.F.);
#6830=ORIENTED_EDGE('',*,*,#5217,.T.);
#6831=ORIENTED_EDGE('',*,*,#5218,.F.);
#6832=ORIENTED_EDGE('',*,*,#5219,.T.);
#6833=ORIENTED_EDGE('',*,*,#5220,.F.);
#6834=ORIENTED_EDGE('',*,*,#5221,.T.);
#6835=ORIENTED_EDGE('',*,*,#5222,.F.);
#6836=ORIENTED_EDGE('',*,*,#5223,.T.);
#6837=ORIENTED_EDGE('',*,*,#5224,.F.);
#6838=ORIENTED_EDGE('',*,*,#5215,.F.);
#6839=ORIENTED_EDGE('',*,*,#5225,.T.);
#6840=ORIENTED_EDGE('',*,*,#5216,.T.);
#6841=ORIENTED_EDGE('',*,*,#5224,.T.);
#6842=ORIENTED_EDGE('',*,*,#5226,.F.);
#6843=ORIENTED_EDGE('',*,*,#5227,.F.);
#6844=ORIENTED_EDGE('',*,*,#5225,.F.);
#6845=ORIENTED_EDGE('',*,*,#5228,.T.);
#6846=ORIENTED_EDGE('',*,*,#5226,.T.);
#6847=ORIENTED_EDGE('',*,*,#5223,.F.);
#6848=ORIENTED_EDGE('',*,*,#5229,.F.);
#6849=ORIENTED_EDGE('',*,*,#5217,.F.);
#6850=ORIENTED_EDGE('',*,*,#5229,.T.);
#6851=ORIENTED_EDGE('',*,*,#5222,.T.);
#6852=ORIENTED_EDGE('',*,*,#5230,.T.);
#6853=ORIENTED_EDGE('',*,*,#5218,.T.);
#6854=ORIENTED_EDGE('',*,*,#5230,.F.);
#6855=ORIENTED_EDGE('',*,*,#5221,.F.);
#6856=ORIENTED_EDGE('',*,*,#5231,.F.);
#6857=ORIENTED_EDGE('',*,*,#5232,.F.);
#6858=ORIENTED_EDGE('',*,*,#5233,.F.);
#6859=ORIENTED_EDGE('',*,*,#5219,.F.);
#6860=ORIENTED_EDGE('',*,*,#5233,.T.);
#6861=ORIENTED_EDGE('',*,*,#5234,.F.);
#6862=ORIENTED_EDGE('',*,*,#5231,.T.);
#6863=ORIENTED_EDGE('',*,*,#5220,.T.);
#6864=ORIENTED_EDGE('',*,*,#5234,.T.);
#6865=ORIENTED_EDGE('',*,*,#5232,.T.);
#6866=ORIENTED_EDGE('',*,*,#5227,.T.);
#6867=ORIENTED_EDGE('',*,*,#5228,.F.);
#6868=ORIENTED_EDGE('',*,*,#5235,.F.);
#6869=ORIENTED_EDGE('',*,*,#5236,.F.);
#6870=ORIENTED_EDGE('',*,*,#5161,.F.);
#6871=ORIENTED_EDGE('',*,*,#4736,.F.);
#6872=ORIENTED_EDGE('',*,*,#5237,.F.);
#6873=ORIENTED_EDGE('',*,*,#5238,.F.);
#6874=ORIENTED_EDGE('',*,*,#5235,.T.);
#6875=ORIENTED_EDGE('',*,*,#4735,.F.);
#6876=ORIENTED_EDGE('',*,*,#5239,.F.);
#6877=ORIENTED_EDGE('',*,*,#5240,.F.);
#6878=ORIENTED_EDGE('',*,*,#5237,.T.);
#6879=ORIENTED_EDGE('',*,*,#4734,.F.);
#6880=ORIENTED_EDGE('',*,*,#5241,.F.);
#6881=ORIENTED_EDGE('',*,*,#5242,.F.);
#6882=ORIENTED_EDGE('',*,*,#5243,.F.);
#6883=ORIENTED_EDGE('',*,*,#5244,.F.);
#6884=ORIENTED_EDGE('',*,*,#5245,.F.);
#6885=ORIENTED_EDGE('',*,*,#5246,.F.);
#6886=ORIENTED_EDGE('',*,*,#5247,.T.);
#6887=ORIENTED_EDGE('',*,*,#5245,.T.);
#6888=ORIENTED_EDGE('',*,*,#5248,.T.);
#6889=ORIENTED_EDGE('',*,*,#5243,.T.);
#6890=ORIENTED_EDGE('',*,*,#5247,.F.);
#6891=ORIENTED_EDGE('',*,*,#5244,.T.);
#6892=ORIENTED_EDGE('',*,*,#5248,.F.);
#6893=ORIENTED_EDGE('',*,*,#5246,.T.);
#6894=ORIENTED_EDGE('',*,*,#5241,.T.);
#6895=ORIENTED_EDGE('',*,*,#5249,.T.);
#6896=ORIENTED_EDGE('',*,*,#5250,.T.);
#6897=ORIENTED_EDGE('',*,*,#5251,.F.);
#6898=ORIENTED_EDGE('',*,*,#5252,.F.);
#6899=ORIENTED_EDGE('',*,*,#5253,.F.);
#6900=ORIENTED_EDGE('',*,*,#5250,.F.);
#6901=ORIENTED_EDGE('',*,*,#5254,.T.);
#6902=ORIENTED_EDGE('',*,*,#5252,.T.);
#6903=ORIENTED_EDGE('',*,*,#5251,.T.);
#6904=ORIENTED_EDGE('',*,*,#5253,.T.);
#6905=ORIENTED_EDGE('',*,*,#5242,.T.);
#6906=ORIENTED_EDGE('',*,*,#5254,.F.);
#6907=ORIENTED_EDGE('',*,*,#5249,.F.);
#6908=ORIENTED_EDGE('',*,*,#5255,.F.);
#6909=ORIENTED_EDGE('',*,*,#5256,.T.);
#6910=ORIENTED_EDGE('',*,*,#5257,.T.);
#6911=ORIENTED_EDGE('',*,*,#5258,.F.);
#6912=ORIENTED_EDGE('',*,*,#5259,.F.);
#6913=ORIENTED_EDGE('',*,*,#5260,.F.);
#6914=ORIENTED_EDGE('',*,*,#5261,.F.);
#6915=ORIENTED_EDGE('',*,*,#5239,.T.);
#6916=ORIENTED_EDGE('',*,*,#4733,.F.);
#6917=ORIENTED_EDGE('',*,*,#5262,.F.);
#6918=ORIENTED_EDGE('',*,*,#5263,.F.);
#6919=ORIENTED_EDGE('',*,*,#5264,.F.);
#6920=ORIENTED_EDGE('',*,*,#5265,.F.);
#6921=ORIENTED_EDGE('',*,*,#5266,.F.);
#6922=ORIENTED_EDGE('',*,*,#5267,.F.);
#6923=ORIENTED_EDGE('',*,*,#5268,.T.);
#6924=ORIENTED_EDGE('',*,*,#5269,.F.);
#6925=ORIENTED_EDGE('',*,*,#5270,.F.);
#6926=ORIENTED_EDGE('',*,*,#5271,.F.);
#6927=ORIENTED_EDGE('',*,*,#5272,.F.);
#6928=ORIENTED_EDGE('',*,*,#5255,.T.);
#6929=ORIENTED_EDGE('',*,*,#5273,.T.);
#6930=ORIENTED_EDGE('',*,*,#5274,.T.);
#6931=ORIENTED_EDGE('',*,*,#5275,.F.);
#6932=ORIENTED_EDGE('',*,*,#5276,.T.);
#6933=ORIENTED_EDGE('',*,*,#5269,.T.);
#6934=ORIENTED_EDGE('',*,*,#5277,.T.);
#6935=ORIENTED_EDGE('',*,*,#5278,.T.);
#6936=ORIENTED_EDGE('',*,*,#5279,.T.);
#6937=ORIENTED_EDGE('',*,*,#5280,.T.);
#6938=ORIENTED_EDGE('',*,*,#5281,.T.);
#6939=ORIENTED_EDGE('',*,*,#5282,.T.);
#6940=ORIENTED_EDGE('',*,*,#5283,.F.);
#6941=ORIENTED_EDGE('',*,*,#5284,.T.);
#6942=ORIENTED_EDGE('',*,*,#5285,.F.);
#6943=ORIENTED_EDGE('',*,*,#5286,.T.);
#6944=ORIENTED_EDGE('',*,*,#5276,.F.);
#6945=ORIENTED_EDGE('',*,*,#5287,.F.);
#6946=ORIENTED_EDGE('',*,*,#5288,.F.);
#6947=ORIENTED_EDGE('',*,*,#5289,.F.);
#6948=ORIENTED_EDGE('',*,*,#5290,.T.);
#6949=ORIENTED_EDGE('',*,*,#5256,.F.);
#6950=ORIENTED_EDGE('',*,*,#5257,.F.);
#6951=ORIENTED_EDGE('',*,*,#5290,.F.);
#6952=ORIENTED_EDGE('',*,*,#5291,.T.);
#6953=ORIENTED_EDGE('',*,*,#5292,.T.);
#6954=ORIENTED_EDGE('',*,*,#5293,.T.);
#6955=ORIENTED_EDGE('',*,*,#5268,.F.);
#6956=ORIENTED_EDGE('',*,*,#5294,.T.);
#6957=ORIENTED_EDGE('',*,*,#5295,.F.);
#6958=ORIENTED_EDGE('',*,*,#5296,.T.);
#6959=ORIENTED_EDGE('',*,*,#5297,.F.);
#6960=ORIENTED_EDGE('',*,*,#5298,.T.);
#6961=ORIENTED_EDGE('',*,*,#5299,.T.);
#6962=ORIENTED_EDGE('',*,*,#5300,.T.);
#6963=ORIENTED_EDGE('',*,*,#5301,.T.);
#6964=ORIENTED_EDGE('',*,*,#5302,.T.);
#6965=ORIENTED_EDGE('',*,*,#5303,.T.);
#6966=ORIENTED_EDGE('',*,*,#5258,.T.);
#6967=ORIENTED_EDGE('',*,*,#5293,.F.);
#6968=ORIENTED_EDGE('',*,*,#5304,.T.);
#6969=ORIENTED_EDGE('',*,*,#5305,.F.);
#6970=ORIENTED_EDGE('',*,*,#5306,.T.);
#6971=ORIENTED_EDGE('',*,*,#5307,.T.);
#6972=ORIENTED_EDGE('',*,*,#5259,.T.);
#6973=ORIENTED_EDGE('',*,*,#5305,.T.);
#6974=ORIENTED_EDGE('',*,*,#5308,.T.);
#6975=ORIENTED_EDGE('',*,*,#5309,.F.);
#6976=ORIENTED_EDGE('',*,*,#5310,.T.);
#6977=ORIENTED_EDGE('',*,*,#5311,.T.);
#6978=ORIENTED_EDGE('',*,*,#5312,.T.);
#6979=ORIENTED_EDGE('',*,*,#5313,.F.);
#6980=ORIENTED_EDGE('',*,*,#5314,.T.);
#6981=ORIENTED_EDGE('',*,*,#5315,.T.);
#6982=ORIENTED_EDGE('',*,*,#5316,.T.);
#6983=ORIENTED_EDGE('',*,*,#5317,.F.);
#6984=ORIENTED_EDGE('',*,*,#5306,.F.);
#6985=ORIENTED_EDGE('',*,*,#5318,.F.);
#6986=ORIENTED_EDGE('',*,*,#5291,.F.);
#6987=ORIENTED_EDGE('',*,*,#5319,.F.);
#6988=ORIENTED_EDGE('',*,*,#5320,.F.);
#6989=ORIENTED_EDGE('',*,*,#5309,.T.);
#6990=ORIENTED_EDGE('',*,*,#5289,.T.);
#6991=ORIENTED_EDGE('',*,*,#5321,.F.);
#6992=ORIENTED_EDGE('',*,*,#5322,.T.);
#6993=ORIENTED_EDGE('',*,*,#5323,.T.);
#6994=ORIENTED_EDGE('',*,*,#5324,.T.);
#6995=ORIENTED_EDGE('',*,*,#5325,.T.);
#6996=ORIENTED_EDGE('',*,*,#5326,.F.);
#6997=ORIENTED_EDGE('',*,*,#5327,.F.);
#6998=ORIENTED_EDGE('',*,*,#5328,.F.);
#6999=ORIENTED_EDGE('',*,*,#5329,.F.);
#7000=ORIENTED_EDGE('',*,*,#5330,.T.);
#7001=ORIENTED_EDGE('',*,*,#5331,.F.);
#7002=ORIENTED_EDGE('',*,*,#5332,.F.);
#7003=ORIENTED_EDGE('',*,*,#5333,.F.);
#7004=ORIENTED_EDGE('',*,*,#5334,.T.);
#7005=ORIENTED_EDGE('',*,*,#5335,.F.);
#7006=ORIENTED_EDGE('',*,*,#5319,.T.);
#7007=ORIENTED_EDGE('',*,*,#5336,.F.);
#7008=ORIENTED_EDGE('',*,*,#5337,.T.);
#7009=ORIENTED_EDGE('',*,*,#5338,.F.);
#7010=ORIENTED_EDGE('',*,*,#5339,.F.);
#7011=ORIENTED_EDGE('',*,*,#5340,.F.);
#7012=ORIENTED_EDGE('',*,*,#5341,.T.);
#7013=ORIENTED_EDGE('',*,*,#5342,.F.);
#7014=ORIENTED_EDGE('',*,*,#5343,.T.);
#7015=ORIENTED_EDGE('',*,*,#5344,.F.);
#7016=ORIENTED_EDGE('',*,*,#5345,.T.);
#7017=ORIENTED_EDGE('',*,*,#5346,.F.);
#7018=ORIENTED_EDGE('',*,*,#5347,.F.);
#7019=ORIENTED_EDGE('',*,*,#5348,.F.);
#7020=ORIENTED_EDGE('',*,*,#5349,.T.);
#7021=ORIENTED_EDGE('',*,*,#5350,.F.);
#7022=ORIENTED_EDGE('',*,*,#5351,.F.);
#7023=ORIENTED_EDGE('',*,*,#4730,.F.);
#7024=ORIENTED_EDGE('',*,*,#5352,.F.);
#7025=ORIENTED_EDGE('',*,*,#5353,.T.);
#7026=ORIENTED_EDGE('',*,*,#5354,.T.);
#7027=ORIENTED_EDGE('',*,*,#5355,.T.);
#7028=ORIENTED_EDGE('',*,*,#5356,.T.);
#7029=ORIENTED_EDGE('',*,*,#5357,.F.);
#7030=ORIENTED_EDGE('',*,*,#5358,.T.);
#7031=ORIENTED_EDGE('',*,*,#5356,.F.);
#7032=ORIENTED_EDGE('',*,*,#5358,.F.);
#7033=ORIENTED_EDGE('',*,*,#5359,.F.);
#7034=ORIENTED_EDGE('',*,*,#5360,.F.);
#7035=ORIENTED_EDGE('',*,*,#5361,.T.);
#7036=ORIENTED_EDGE('',*,*,#5357,.T.);
#7037=ORIENTED_EDGE('',*,*,#5361,.F.);
#7038=ORIENTED_EDGE('',*,*,#5362,.F.);
#7039=ORIENTED_EDGE('',*,*,#5363,.T.);
#7040=ORIENTED_EDGE('',*,*,#5359,.T.);
#7041=ORIENTED_EDGE('',*,*,#5360,.T.);
#7042=ORIENTED_EDGE('',*,*,#5363,.F.);
#7043=ORIENTED_EDGE('',*,*,#5362,.T.);
#7044=ORIENTED_EDGE('',*,*,#5364,.F.);
#7045=ORIENTED_EDGE('',*,*,#5365,.T.);
#7046=ORIENTED_EDGE('',*,*,#5354,.F.);
#7047=ORIENTED_EDGE('',*,*,#5365,.F.);
#7048=ORIENTED_EDGE('',*,*,#5366,.F.);
#7049=ORIENTED_EDGE('',*,*,#5367,.T.);
#7050=ORIENTED_EDGE('',*,*,#5364,.T.);
#7051=ORIENTED_EDGE('',*,*,#5367,.F.);
#7052=ORIENTED_EDGE('',*,*,#5368,.F.);
#7053=ORIENTED_EDGE('',*,*,#5369,.F.);
#7054=ORIENTED_EDGE('',*,*,#5370,.T.);
#7055=ORIENTED_EDGE('',*,*,#5368,.T.);
#7056=ORIENTED_EDGE('',*,*,#5366,.T.);
#7057=ORIENTED_EDGE('',*,*,#5370,.F.);
#7058=ORIENTED_EDGE('',*,*,#5369,.T.);
#7059=ORIENTED_EDGE('',*,*,#5371,.F.);
#7060=ORIENTED_EDGE('',*,*,#5372,.T.);
#7061=ORIENTED_EDGE('',*,*,#5355,.F.);
#7062=ORIENTED_EDGE('',*,*,#5372,.F.);
#7063=ORIENTED_EDGE('',*,*,#5373,.F.);
#7064=ORIENTED_EDGE('',*,*,#5374,.F.);
#7065=ORIENTED_EDGE('',*,*,#5375,.T.);
#7066=ORIENTED_EDGE('',*,*,#5371,.T.);
#7067=ORIENTED_EDGE('',*,*,#5375,.F.);
#7068=ORIENTED_EDGE('',*,*,#5376,.F.);
#7069=ORIENTED_EDGE('',*,*,#5377,.T.);
#7070=ORIENTED_EDGE('',*,*,#5373,.T.);
#7071=ORIENTED_EDGE('',*,*,#5374,.T.);
#7072=ORIENTED_EDGE('',*,*,#5377,.F.);
#7073=ORIENTED_EDGE('',*,*,#5376,.T.);
#7074=ORIENTED_EDGE('',*,*,#5378,.T.);
#7075=ORIENTED_EDGE('',*,*,#5379,.F.);
#7076=ORIENTED_EDGE('',*,*,#5322,.F.);
#7077=ORIENTED_EDGE('',*,*,#5380,.T.);
#7078=ORIENTED_EDGE('',*,*,#5381,.F.);
#7079=ORIENTED_EDGE('',*,*,#5382,.F.);
#7080=ORIENTED_EDGE('',*,*,#5378,.F.);
#7081=ORIENTED_EDGE('',*,*,#5383,.F.);
#7082=ORIENTED_EDGE('',*,*,#5384,.F.);
#7083=ORIENTED_EDGE('',*,*,#5385,.T.);
#7084=ORIENTED_EDGE('',*,*,#5381,.T.);
#7085=ORIENTED_EDGE('',*,*,#5386,.T.);
#7086=ORIENTED_EDGE('',*,*,#5036,.F.);
#7087=ORIENTED_EDGE('',*,*,#5387,.T.);
#7088=ORIENTED_EDGE('',*,*,#5388,.T.);
#7089=ORIENTED_EDGE('',*,*,#5384,.T.);
#7090=ORIENTED_EDGE('',*,*,#5389,.T.);
#7091=ORIENTED_EDGE('',*,*,#5390,.T.);
#7092=ORIENTED_EDGE('',*,*,#4726,.T.);
#7093=ORIENTED_EDGE('',*,*,#4727,.F.);
#7094=ORIENTED_EDGE('',*,*,#5390,.F.);
#7095=ORIENTED_EDGE('',*,*,#5391,.T.);
#7096=ORIENTED_EDGE('',*,*,#5392,.F.);
#7097=ORIENTED_EDGE('',*,*,#5392,.T.);
#7098=ORIENTED_EDGE('',*,*,#5393,.F.);
#7099=ORIENTED_EDGE('',*,*,#5394,.F.);
#7100=ORIENTED_EDGE('',*,*,#4728,.T.);
#7101=ORIENTED_EDGE('',*,*,#5394,.T.);
#7102=ORIENTED_EDGE('',*,*,#5395,.F.);
#7103=ORIENTED_EDGE('',*,*,#5352,.T.);
#7104=ORIENTED_EDGE('',*,*,#4729,.F.);
#7105=ORIENTED_EDGE('',*,*,#5395,.T.);
#7106=ORIENTED_EDGE('',*,*,#5396,.T.);
#7107=ORIENTED_EDGE('',*,*,#5380,.F.);
#7108=ORIENTED_EDGE('',*,*,#5353,.F.);
#7109=ORIENTED_EDGE('',*,*,#5393,.T.);
#7110=ORIENTED_EDGE('',*,*,#5391,.F.);
#7111=ORIENTED_EDGE('',*,*,#5397,.F.);
#7112=ORIENTED_EDGE('',*,*,#5386,.F.);
#7113=ORIENTED_EDGE('',*,*,#5383,.T.);
#7114=ORIENTED_EDGE('',*,*,#5396,.F.);
#7115=ORIENTED_EDGE('',*,*,#5389,.F.);
#7116=ORIENTED_EDGE('',*,*,#5397,.T.);
#7117=ORIENTED_EDGE('',*,*,#5388,.F.);
#7118=ORIENTED_EDGE('',*,*,#5398,.T.);
#7119=ORIENTED_EDGE('',*,*,#5399,.T.);
#7120=ORIENTED_EDGE('',*,*,#5399,.F.);
#7121=ORIENTED_EDGE('',*,*,#5400,.F.);
#7122=ORIENTED_EDGE('',*,*,#5401,.T.);
#7123=ORIENTED_EDGE('',*,*,#5402,.F.);
#7124=ORIENTED_EDGE('',*,*,#5382,.T.);
#7125=ORIENTED_EDGE('',*,*,#5385,.F.);
#7126=ORIENTED_EDGE('',*,*,#5402,.T.);
#7127=ORIENTED_EDGE('',*,*,#5403,.T.);
#7128=ORIENTED_EDGE('',*,*,#5323,.F.);
#7129=ORIENTED_EDGE('',*,*,#5379,.T.);
#7130=ORIENTED_EDGE('',*,*,#5404,.T.);
#7131=ORIENTED_EDGE('',*,*,#5405,.T.);
#7132=ORIENTED_EDGE('',*,*,#5324,.F.);
#7133=ORIENTED_EDGE('',*,*,#5403,.F.);
#7134=ORIENTED_EDGE('',*,*,#5406,.F.);
#7135=ORIENTED_EDGE('',*,*,#5407,.F.);
#7136=ORIENTED_EDGE('',*,*,#5404,.F.);
#7137=ORIENTED_EDGE('',*,*,#5401,.F.);
#7138=ORIENTED_EDGE('',*,*,#5408,.F.);
#7139=ORIENTED_EDGE('',*,*,#5409,.T.);
#7140=ORIENTED_EDGE('',*,*,#5406,.T.);
#7141=ORIENTED_EDGE('',*,*,#5400,.T.);
#7142=ORIENTED_EDGE('',*,*,#5035,.F.);
#7143=ORIENTED_EDGE('',*,*,#5410,.F.);
#7144=ORIENTED_EDGE('',*,*,#5411,.F.);
#7145=ORIENTED_EDGE('',*,*,#5412,.F.);
#7146=ORIENTED_EDGE('',*,*,#5408,.T.);
#7147=ORIENTED_EDGE('',*,*,#5398,.F.);
#7148=ORIENTED_EDGE('',*,*,#5387,.F.);
#7149=ORIENTED_EDGE('',*,*,#5412,.T.);
#7150=ORIENTED_EDGE('',*,*,#5413,.T.);
#7151=ORIENTED_EDGE('',*,*,#5407,.T.);
#7152=ORIENTED_EDGE('',*,*,#5409,.F.);
#7153=ORIENTED_EDGE('',*,*,#5413,.F.);
#7154=ORIENTED_EDGE('',*,*,#5414,.F.);
#7155=ORIENTED_EDGE('',*,*,#5415,.T.);
#7156=ORIENTED_EDGE('',*,*,#5416,.F.);
#7157=ORIENTED_EDGE('',*,*,#5417,.F.);
#7158=ORIENTED_EDGE('',*,*,#5325,.F.);
#7159=ORIENTED_EDGE('',*,*,#5405,.F.);
#7160=ORIENTED_EDGE('',*,*,#5416,.T.);
#7161=ORIENTED_EDGE('',*,*,#5326,.T.);
#7162=ORIENTED_EDGE('',*,*,#5417,.T.);
#7163=ORIENTED_EDGE('',*,*,#5418,.T.);
#7164=ORIENTED_EDGE('',*,*,#5419,.F.);
#7165=ORIENTED_EDGE('',*,*,#5038,.T.);
#7166=ORIENTED_EDGE('',*,*,#5040,.T.);
#7167=ORIENTED_EDGE('',*,*,#5042,.T.);
#7168=ORIENTED_EDGE('',*,*,#5152,.T.);
#7169=ORIENTED_EDGE('',*,*,#5154,.T.);
#7170=ORIENTED_EDGE('',*,*,#5156,.T.);
#7171=ORIENTED_EDGE('',*,*,#5158,.T.);
#7172=ORIENTED_EDGE('',*,*,#5160,.T.);
#7173=ORIENTED_EDGE('',*,*,#5162,.T.);
#7174=ORIENTED_EDGE('',*,*,#5236,.T.);
#7175=ORIENTED_EDGE('',*,*,#5238,.T.);
#7176=ORIENTED_EDGE('',*,*,#5240,.T.);
#7177=ORIENTED_EDGE('',*,*,#5261,.T.);
#7178=ORIENTED_EDGE('',*,*,#5420,.T.);
#7179=ORIENTED_EDGE('',*,*,#5421,.F.);
#7180=ORIENTED_EDGE('',*,*,#5327,.T.);
#7181=ORIENTED_EDGE('',*,*,#5419,.T.);
#7182=ORIENTED_EDGE('',*,*,#5422,.F.);
#7183=ORIENTED_EDGE('',*,*,#5423,.T.);
#7184=ORIENTED_EDGE('',*,*,#5410,.T.);
#7185=ORIENTED_EDGE('',*,*,#5034,.F.);
#7186=ORIENTED_EDGE('',*,*,#5423,.F.);
#7187=ORIENTED_EDGE('',*,*,#5424,.F.);
#7188=ORIENTED_EDGE('',*,*,#5414,.T.);
#7189=ORIENTED_EDGE('',*,*,#5411,.T.);
#7190=ORIENTED_EDGE('',*,*,#5418,.F.);
#7191=ORIENTED_EDGE('',*,*,#5415,.F.);
#7192=ORIENTED_EDGE('',*,*,#5424,.T.);
#7193=ORIENTED_EDGE('',*,*,#5422,.T.);
#7194=ORIENTED_EDGE('',*,*,#5425,.F.);
#7195=ORIENTED_EDGE('',*,*,#5426,.F.);
#7196=ORIENTED_EDGE('',*,*,#5328,.T.);
#7197=ORIENTED_EDGE('',*,*,#5421,.T.);
#7198=ORIENTED_EDGE('',*,*,#5420,.F.);
#7199=ORIENTED_EDGE('',*,*,#5260,.T.);
#7200=ORIENTED_EDGE('',*,*,#5307,.F.);
#7201=ORIENTED_EDGE('',*,*,#5317,.T.);
#7202=ORIENTED_EDGE('',*,*,#5425,.T.);
#7203=ORIENTED_EDGE('',*,*,#5427,.T.);
#7204=ORIENTED_EDGE('',*,*,#5329,.T.);
#7205=ORIENTED_EDGE('',*,*,#5426,.T.);
#7206=ORIENTED_EDGE('',*,*,#5316,.F.);
#7207=ORIENTED_EDGE('',*,*,#5428,.F.);
#7208=ORIENTED_EDGE('',*,*,#5330,.F.);
#7209=ORIENTED_EDGE('',*,*,#5427,.F.);
#7210=ORIENTED_EDGE('',*,*,#5315,.F.);
#7211=ORIENTED_EDGE('',*,*,#5429,.T.);
#7212=ORIENTED_EDGE('',*,*,#5331,.T.);
#7213=ORIENTED_EDGE('',*,*,#5428,.T.);
#7214=ORIENTED_EDGE('',*,*,#5314,.F.);
#7215=ORIENTED_EDGE('',*,*,#5430,.F.);
#7216=ORIENTED_EDGE('',*,*,#5332,.T.);
#7217=ORIENTED_EDGE('',*,*,#5429,.F.);
#7218=ORIENTED_EDGE('',*,*,#5313,.T.);
#7219=ORIENTED_EDGE('',*,*,#5431,.T.);
#7220=ORIENTED_EDGE('',*,*,#5333,.T.);
#7221=ORIENTED_EDGE('',*,*,#5430,.T.);
#7222=ORIENTED_EDGE('',*,*,#5312,.F.);
#7223=ORIENTED_EDGE('',*,*,#5432,.F.);
#7224=ORIENTED_EDGE('',*,*,#5334,.F.);
#7225=ORIENTED_EDGE('',*,*,#5431,.F.);
#7226=ORIENTED_EDGE('',*,*,#5311,.F.);
#7227=ORIENTED_EDGE('',*,*,#5320,.T.);
#7228=ORIENTED_EDGE('',*,*,#5335,.T.);
#7229=ORIENTED_EDGE('',*,*,#5432,.T.);
#7230=ORIENTED_EDGE('',*,*,#5310,.F.);
#7231=ORIENTED_EDGE('',*,*,#5351,.T.);
#7232=ORIENTED_EDGE('',*,*,#5433,.F.);
#7233=ORIENTED_EDGE('',*,*,#5434,.T.);
#7234=ORIENTED_EDGE('',*,*,#4731,.F.);
#7235=ORIENTED_EDGE('',*,*,#4732,.F.);
#7236=ORIENTED_EDGE('',*,*,#5434,.F.);
#7237=ORIENTED_EDGE('',*,*,#5435,.F.);
#7238=ORIENTED_EDGE('',*,*,#5436,.F.);
#7239=ORIENTED_EDGE('',*,*,#5262,.T.);
#7240=ORIENTED_EDGE('',*,*,#5436,.T.);
#7241=ORIENTED_EDGE('',*,*,#5437,.F.);
#7242=ORIENTED_EDGE('',*,*,#5438,.T.);
#7243=ORIENTED_EDGE('',*,*,#5439,.T.);
#7244=ORIENTED_EDGE('',*,*,#5263,.T.);
#7245=ORIENTED_EDGE('',*,*,#5264,.T.);
#7246=ORIENTED_EDGE('',*,*,#5439,.F.);
#7247=ORIENTED_EDGE('',*,*,#5440,.T.);
#7248=ORIENTED_EDGE('',*,*,#5273,.F.);
#7249=ORIENTED_EDGE('',*,*,#5438,.F.);
#7250=ORIENTED_EDGE('',*,*,#5441,.F.);
#7251=ORIENTED_EDGE('',*,*,#5274,.F.);
#7252=ORIENTED_EDGE('',*,*,#5440,.F.);
#7253=ORIENTED_EDGE('',*,*,#5275,.T.);
#7254=ORIENTED_EDGE('',*,*,#5441,.T.);
#7255=ORIENTED_EDGE('',*,*,#5437,.T.);
#7256=ORIENTED_EDGE('',*,*,#5435,.T.);
#7257=ORIENTED_EDGE('',*,*,#5442,.T.);
#7258=ORIENTED_EDGE('',*,*,#5443,.T.);
#7259=ORIENTED_EDGE('',*,*,#5444,.T.);
#7260=ORIENTED_EDGE('',*,*,#5445,.F.);
#7261=ORIENTED_EDGE('',*,*,#5446,.T.);
#7262=ORIENTED_EDGE('',*,*,#5447,.T.);
#7263=ORIENTED_EDGE('',*,*,#5448,.T.);
#7264=ORIENTED_EDGE('',*,*,#5449,.F.);
#7265=ORIENTED_EDGE('',*,*,#5343,.F.);
#7266=ORIENTED_EDGE('',*,*,#5450,.F.);
#7267=ORIENTED_EDGE('',*,*,#5287,.T.);
#7268=ORIENTED_EDGE('',*,*,#5449,.T.);
#7269=ORIENTED_EDGE('',*,*,#5451,.F.);
#7270=ORIENTED_EDGE('',*,*,#5452,.T.);
#7271=ORIENTED_EDGE('',*,*,#5344,.T.);
#7272=ORIENTED_EDGE('',*,*,#5451,.T.);
#7273=ORIENTED_EDGE('',*,*,#5448,.F.);
#7274=ORIENTED_EDGE('',*,*,#5453,.F.);
#7275=ORIENTED_EDGE('',*,*,#5345,.F.);
#7276=ORIENTED_EDGE('',*,*,#5452,.F.);
#7277=ORIENTED_EDGE('',*,*,#5447,.F.);
#7278=ORIENTED_EDGE('',*,*,#5454,.T.);
#7279=ORIENTED_EDGE('',*,*,#5346,.T.);
#7280=ORIENTED_EDGE('',*,*,#5453,.T.);
#7281=ORIENTED_EDGE('',*,*,#5446,.F.);
#7282=ORIENTED_EDGE('',*,*,#5455,.F.);
#7283=ORIENTED_EDGE('',*,*,#5347,.T.);
#7284=ORIENTED_EDGE('',*,*,#5454,.F.);
#7285=ORIENTED_EDGE('',*,*,#5445,.T.);
#7286=ORIENTED_EDGE('',*,*,#5456,.T.);
#7287=ORIENTED_EDGE('',*,*,#5348,.T.);
#7288=ORIENTED_EDGE('',*,*,#5455,.T.);
#7289=ORIENTED_EDGE('',*,*,#5444,.F.);
#7290=ORIENTED_EDGE('',*,*,#5457,.F.);
#7291=ORIENTED_EDGE('',*,*,#5349,.F.);
#7292=ORIENTED_EDGE('',*,*,#5456,.F.);
#7293=ORIENTED_EDGE('',*,*,#5443,.F.);
#7294=ORIENTED_EDGE('',*,*,#5433,.T.);
#7295=ORIENTED_EDGE('',*,*,#5350,.T.);
#7296=ORIENTED_EDGE('',*,*,#5457,.T.);
#7297=ORIENTED_EDGE('',*,*,#5442,.F.);
#7298=ORIENTED_EDGE('',*,*,#5450,.T.);
#7299=ORIENTED_EDGE('',*,*,#5342,.T.);
#7300=ORIENTED_EDGE('',*,*,#5458,.T.);
#7301=ORIENTED_EDGE('',*,*,#5459,.F.);
#7302=ORIENTED_EDGE('',*,*,#5460,.F.);
#7303=ORIENTED_EDGE('',*,*,#5461,.T.);
#7304=ORIENTED_EDGE('',*,*,#5462,.T.);
#7305=ORIENTED_EDGE('',*,*,#5463,.T.);
#7306=ORIENTED_EDGE('',*,*,#5288,.T.);
#7307=ORIENTED_EDGE('',*,*,#5459,.T.);
#7308=ORIENTED_EDGE('',*,*,#5464,.T.);
#7309=ORIENTED_EDGE('',*,*,#5465,.T.);
#7310=ORIENTED_EDGE('',*,*,#5339,.T.);
#7311=ORIENTED_EDGE('',*,*,#5466,.F.);
#7312=ORIENTED_EDGE('',*,*,#5460,.T.);
#7313=ORIENTED_EDGE('',*,*,#5467,.F.);
#7314=ORIENTED_EDGE('',*,*,#5468,.T.);
#7315=ORIENTED_EDGE('',*,*,#5340,.T.);
#7316=ORIENTED_EDGE('',*,*,#5467,.T.);
#7317=ORIENTED_EDGE('',*,*,#5465,.F.);
#7318=ORIENTED_EDGE('',*,*,#5458,.F.);
#7319=ORIENTED_EDGE('',*,*,#5341,.F.);
#7320=ORIENTED_EDGE('',*,*,#5468,.F.);
#7321=ORIENTED_EDGE('',*,*,#5464,.F.);
#7322=ORIENTED_EDGE('',*,*,#5466,.T.);
#7323=ORIENTED_EDGE('',*,*,#5338,.T.);
#7324=ORIENTED_EDGE('',*,*,#5469,.T.);
#7325=ORIENTED_EDGE('',*,*,#5461,.F.);
#7326=ORIENTED_EDGE('',*,*,#5469,.F.);
#7327=ORIENTED_EDGE('',*,*,#5337,.F.);
#7328=ORIENTED_EDGE('',*,*,#5470,.F.);
#7329=ORIENTED_EDGE('',*,*,#5462,.F.);
#7330=ORIENTED_EDGE('',*,*,#5470,.T.);
#7331=ORIENTED_EDGE('',*,*,#5336,.T.);
#7332=ORIENTED_EDGE('',*,*,#5321,.T.);
#7333=ORIENTED_EDGE('',*,*,#5463,.F.);
#7334=ORIENTED_EDGE('',*,*,#5292,.F.);
#7335=ORIENTED_EDGE('',*,*,#5318,.T.);
#7336=ORIENTED_EDGE('',*,*,#5308,.F.);
#7337=ORIENTED_EDGE('',*,*,#5304,.F.);
#7338=ORIENTED_EDGE('',*,*,#5265,.T.);
#7339=ORIENTED_EDGE('',*,*,#5303,.F.);
#7340=ORIENTED_EDGE('',*,*,#5471,.T.);
#7341=ORIENTED_EDGE('',*,*,#5472,.F.);
#7342=ORIENTED_EDGE('',*,*,#5473,.T.);
#7343=ORIENTED_EDGE('',*,*,#5474,.T.);
#7344=ORIENTED_EDGE('',*,*,#5475,.T.);
#7345=ORIENTED_EDGE('',*,*,#5476,.T.);
#7346=ORIENTED_EDGE('',*,*,#5477,.T.);
#7347=ORIENTED_EDGE('',*,*,#5478,.T.);
#7348=ORIENTED_EDGE('',*,*,#5479,.F.);
#7349=ORIENTED_EDGE('',*,*,#5480,.T.);
#7350=ORIENTED_EDGE('',*,*,#5266,.T.);
#7351=ORIENTED_EDGE('',*,*,#5472,.T.);
#7352=ORIENTED_EDGE('',*,*,#5481,.T.);
#7353=ORIENTED_EDGE('',*,*,#5482,.T.);
#7354=ORIENTED_EDGE('',*,*,#5473,.F.);
#7355=ORIENTED_EDGE('',*,*,#5483,.T.);
#7356=ORIENTED_EDGE('',*,*,#5301,.F.);
#7357=ORIENTED_EDGE('',*,*,#5484,.F.);
#7358=ORIENTED_EDGE('',*,*,#5474,.F.);
#7359=ORIENTED_EDGE('',*,*,#5482,.F.);
#7360=ORIENTED_EDGE('',*,*,#5300,.F.);
#7361=ORIENTED_EDGE('',*,*,#5485,.T.);
#7362=ORIENTED_EDGE('',*,*,#5475,.F.);
#7363=ORIENTED_EDGE('',*,*,#5484,.T.);
#7364=ORIENTED_EDGE('',*,*,#5299,.F.);
#7365=ORIENTED_EDGE('',*,*,#5486,.F.);
#7366=ORIENTED_EDGE('',*,*,#5476,.F.);
#7367=ORIENTED_EDGE('',*,*,#5485,.F.);
#7368=ORIENTED_EDGE('',*,*,#5298,.F.);
#7369=ORIENTED_EDGE('',*,*,#5487,.T.);
#7370=ORIENTED_EDGE('',*,*,#5477,.F.);
#7371=ORIENTED_EDGE('',*,*,#5486,.T.);
#7372=ORIENTED_EDGE('',*,*,#5297,.T.);
#7373=ORIENTED_EDGE('',*,*,#5488,.F.);
#7374=ORIENTED_EDGE('',*,*,#5478,.F.);
#7375=ORIENTED_EDGE('',*,*,#5487,.F.);
#7376=ORIENTED_EDGE('',*,*,#5296,.F.);
#7377=ORIENTED_EDGE('',*,*,#5479,.T.);
#7378=ORIENTED_EDGE('',*,*,#5488,.T.);
#7379=ORIENTED_EDGE('',*,*,#5295,.T.);
#7380=ORIENTED_EDGE('',*,*,#5489,.F.);
#7381=ORIENTED_EDGE('',*,*,#5267,.T.);
#7382=ORIENTED_EDGE('',*,*,#5480,.F.);
#7383=ORIENTED_EDGE('',*,*,#5489,.T.);
#7384=ORIENTED_EDGE('',*,*,#5294,.F.);
#7385=ORIENTED_EDGE('',*,*,#5302,.F.);
#7386=ORIENTED_EDGE('',*,*,#5483,.F.);
#7387=ORIENTED_EDGE('',*,*,#5481,.F.);
#7388=ORIENTED_EDGE('',*,*,#5471,.F.);
#7389=ORIENTED_EDGE('',*,*,#5270,.T.);
#7390=ORIENTED_EDGE('',*,*,#5286,.F.);
#7391=ORIENTED_EDGE('',*,*,#5490,.T.);
#7392=ORIENTED_EDGE('',*,*,#5491,.F.);
#7393=ORIENTED_EDGE('',*,*,#5491,.T.);
#7394=ORIENTED_EDGE('',*,*,#5492,.T.);
#7395=ORIENTED_EDGE('',*,*,#5493,.T.);
#7396=ORIENTED_EDGE('',*,*,#5494,.T.);
#7397=ORIENTED_EDGE('',*,*,#5495,.T.);
#7398=ORIENTED_EDGE('',*,*,#5496,.T.);
#7399=ORIENTED_EDGE('',*,*,#5497,.T.);
#7400=ORIENTED_EDGE('',*,*,#5498,.T.);
#7401=ORIENTED_EDGE('',*,*,#5499,.T.);
#7402=ORIENTED_EDGE('',*,*,#5500,.T.);
#7403=ORIENTED_EDGE('',*,*,#5271,.T.);
#7404=ORIENTED_EDGE('',*,*,#5272,.T.);
#7405=ORIENTED_EDGE('',*,*,#5500,.F.);
#7406=ORIENTED_EDGE('',*,*,#5501,.T.);
#7407=ORIENTED_EDGE('',*,*,#5277,.F.);
#7408=ORIENTED_EDGE('',*,*,#5499,.F.);
#7409=ORIENTED_EDGE('',*,*,#5502,.F.);
#7410=ORIENTED_EDGE('',*,*,#5278,.F.);
#7411=ORIENTED_EDGE('',*,*,#5501,.F.);
#7412=ORIENTED_EDGE('',*,*,#5502,.T.);
#7413=ORIENTED_EDGE('',*,*,#5498,.F.);
#7414=ORIENTED_EDGE('',*,*,#5503,.T.);
#7415=ORIENTED_EDGE('',*,*,#5279,.F.);
#7416=ORIENTED_EDGE('',*,*,#5503,.F.);
#7417=ORIENTED_EDGE('',*,*,#5497,.F.);
#7418=ORIENTED_EDGE('',*,*,#5504,.F.);
#7419=ORIENTED_EDGE('',*,*,#5280,.F.);
#7420=ORIENTED_EDGE('',*,*,#5504,.T.);
#7421=ORIENTED_EDGE('',*,*,#5496,.F.);
#7422=ORIENTED_EDGE('',*,*,#5505,.T.);
#7423=ORIENTED_EDGE('',*,*,#5281,.F.);
#7424=ORIENTED_EDGE('',*,*,#5505,.F.);
#7425=ORIENTED_EDGE('',*,*,#5495,.F.);
#7426=ORIENTED_EDGE('',*,*,#5506,.F.);
#7427=ORIENTED_EDGE('',*,*,#5282,.F.);
#7428=ORIENTED_EDGE('',*,*,#5506,.T.);
#7429=ORIENTED_EDGE('',*,*,#5494,.F.);
#7430=ORIENTED_EDGE('',*,*,#5507,.T.);
#7431=ORIENTED_EDGE('',*,*,#5283,.T.);
#7432=ORIENTED_EDGE('',*,*,#5507,.F.);
#7433=ORIENTED_EDGE('',*,*,#5493,.F.);
#7434=ORIENTED_EDGE('',*,*,#5508,.F.);
#7435=ORIENTED_EDGE('',*,*,#5284,.F.);
#7436=ORIENTED_EDGE('',*,*,#5285,.T.);
#7437=ORIENTED_EDGE('',*,*,#5508,.T.);
#7438=ORIENTED_EDGE('',*,*,#5492,.F.);
#7439=ORIENTED_EDGE('',*,*,#5490,.F.);
#7440=ORIENTED_EDGE('',*,*,#4746,.T.);
#7441=ORIENTED_EDGE('',*,*,#5509,.T.);
#7442=ORIENTED_EDGE('',*,*,#5510,.F.);
#7443=ORIENTED_EDGE('',*,*,#5511,.F.);
#7444=ORIENTED_EDGE('',*,*,#4747,.T.);
#7445=ORIENTED_EDGE('',*,*,#5511,.T.);
#7446=ORIENTED_EDGE('',*,*,#5512,.F.);
#7447=ORIENTED_EDGE('',*,*,#5513,.F.);
#7448=ORIENTED_EDGE('',*,*,#4748,.T.);
#7449=ORIENTED_EDGE('',*,*,#5513,.T.);
#7450=ORIENTED_EDGE('',*,*,#5514,.F.);
#7451=ORIENTED_EDGE('',*,*,#5515,.F.);
#7452=ORIENTED_EDGE('',*,*,#4749,.T.);
#7453=ORIENTED_EDGE('',*,*,#5515,.T.);
#7454=ORIENTED_EDGE('',*,*,#5516,.F.);
#7455=ORIENTED_EDGE('',*,*,#5517,.F.);
#7456=ORIENTED_EDGE('',*,*,#4750,.T.);
#7457=ORIENTED_EDGE('',*,*,#5517,.T.);
#7458=ORIENTED_EDGE('',*,*,#5518,.F.);
#7459=ORIENTED_EDGE('',*,*,#5509,.F.);
#7460=ORIENTED_EDGE('',*,*,#5510,.T.);
#7461=ORIENTED_EDGE('',*,*,#5518,.T.);
#7462=ORIENTED_EDGE('',*,*,#5516,.T.);
#7463=ORIENTED_EDGE('',*,*,#5514,.T.);
#7464=ORIENTED_EDGE('',*,*,#5512,.T.);
#7465=ORIENTED_EDGE('',*,*,#5519,.T.);
#7466=ORIENTED_EDGE('',*,*,#5520,.T.);
#7467=ORIENTED_EDGE('',*,*,#5521,.T.);
#7468=ORIENTED_EDGE('',*,*,#5522,.T.);
#7469=ORIENTED_EDGE('',*,*,#5523,.T.);
#7470=ORIENTED_EDGE('',*,*,#5524,.T.);
#7471=ORIENTED_EDGE('',*,*,#5525,.T.);
#7472=ORIENTED_EDGE('',*,*,#5526,.T.);
#7473=ORIENTED_EDGE('',*,*,#5527,.T.);
#7474=ORIENTED_EDGE('',*,*,#5528,.T.);
#7475=ORIENTED_EDGE('',*,*,#5529,.T.);
#7476=ORIENTED_EDGE('',*,*,#5530,.T.);
#7477=ORIENTED_EDGE('',*,*,#5531,.T.);
#7478=ORIENTED_EDGE('',*,*,#5532,.T.);
#7479=ORIENTED_EDGE('',*,*,#5533,.T.);
#7480=ORIENTED_EDGE('',*,*,#5534,.T.);
#7481=ORIENTED_EDGE('',*,*,#5535,.T.);
#7482=ORIENTED_EDGE('',*,*,#5536,.T.);
#7483=ORIENTED_EDGE('',*,*,#5537,.T.);
#7484=ORIENTED_EDGE('',*,*,#5538,.T.);
#7485=ORIENTED_EDGE('',*,*,#5539,.T.);
#7486=ORIENTED_EDGE('',*,*,#5540,.T.);
#7487=ORIENTED_EDGE('',*,*,#5541,.T.);
#7488=ORIENTED_EDGE('',*,*,#5542,.T.);
#7489=ORIENTED_EDGE('',*,*,#5543,.T.);
#7490=ORIENTED_EDGE('',*,*,#5544,.T.);
#7491=ORIENTED_EDGE('',*,*,#5545,.T.);
#7492=ORIENTED_EDGE('',*,*,#5546,.T.);
#7493=ORIENTED_EDGE('',*,*,#5547,.T.);
#7494=ORIENTED_EDGE('',*,*,#5548,.T.);
#7495=ORIENTED_EDGE('',*,*,#5549,.T.);
#7496=ORIENTED_EDGE('',*,*,#5550,.T.);
#7497=ORIENTED_EDGE('',*,*,#5551,.T.);
#7498=ORIENTED_EDGE('',*,*,#5552,.T.);
#7499=ORIENTED_EDGE('',*,*,#5553,.T.);
#7500=ORIENTED_EDGE('',*,*,#5554,.T.);
#7501=ORIENTED_EDGE('',*,*,#5555,.T.);
#7502=ORIENTED_EDGE('',*,*,#5556,.T.);
#7503=ORIENTED_EDGE('',*,*,#5557,.T.);
#7504=ORIENTED_EDGE('',*,*,#5558,.T.);
#7505=ORIENTED_EDGE('',*,*,#5559,.T.);
#7506=ORIENTED_EDGE('',*,*,#5560,.T.);
#7507=ORIENTED_EDGE('',*,*,#5561,.T.);
#7508=ORIENTED_EDGE('',*,*,#5562,.T.);
#7509=ORIENTED_EDGE('',*,*,#5563,.T.);
#7510=ORIENTED_EDGE('',*,*,#5564,.T.);
#7511=ORIENTED_EDGE('',*,*,#5565,.T.);
#7512=ORIENTED_EDGE('',*,*,#5566,.T.);
#7513=ORIENTED_EDGE('',*,*,#5567,.T.);
#7514=ORIENTED_EDGE('',*,*,#5568,.T.);
#7515=ORIENTED_EDGE('',*,*,#5569,.T.);
#7516=ORIENTED_EDGE('',*,*,#5570,.T.);
#7517=ORIENTED_EDGE('',*,*,#5571,.T.);
#7518=ORIENTED_EDGE('',*,*,#5572,.T.);
#7519=ORIENTED_EDGE('',*,*,#5573,.T.);
#7520=ORIENTED_EDGE('',*,*,#5574,.T.);
#7521=ORIENTED_EDGE('',*,*,#5575,.T.);
#7522=ORIENTED_EDGE('',*,*,#5576,.T.);
#7523=ORIENTED_EDGE('',*,*,#5577,.T.);
#7524=ORIENTED_EDGE('',*,*,#5578,.T.);
#7525=ORIENTED_EDGE('',*,*,#5579,.T.);
#7526=ORIENTED_EDGE('',*,*,#5580,.T.);
#7527=ORIENTED_EDGE('',*,*,#5581,.T.);
#7528=ORIENTED_EDGE('',*,*,#5582,.T.);
#7529=ORIENTED_EDGE('',*,*,#5583,.T.);
#7530=ORIENTED_EDGE('',*,*,#5584,.T.);
#7531=ORIENTED_EDGE('',*,*,#5585,.T.);
#7532=ORIENTED_EDGE('',*,*,#5586,.T.);
#7533=ORIENTED_EDGE('',*,*,#5587,.T.);
#7534=ORIENTED_EDGE('',*,*,#5588,.T.);
#7535=ORIENTED_EDGE('',*,*,#5589,.T.);
#7536=ORIENTED_EDGE('',*,*,#5590,.T.);
#7537=ORIENTED_EDGE('',*,*,#5591,.T.);
#7538=ORIENTED_EDGE('',*,*,#5592,.T.);
#7539=ORIENTED_EDGE('',*,*,#5593,.T.);
#7540=ORIENTED_EDGE('',*,*,#5594,.T.);
#7541=ORIENTED_EDGE('',*,*,#5595,.T.);
#7542=ORIENTED_EDGE('',*,*,#5596,.T.);
#7543=ORIENTED_EDGE('',*,*,#5597,.T.);
#7544=ORIENTED_EDGE('',*,*,#5598,.T.);
#7545=ORIENTED_EDGE('',*,*,#5599,.T.);
#7546=ORIENTED_EDGE('',*,*,#5600,.T.);
#7547=ORIENTED_EDGE('',*,*,#5601,.T.);
#7548=ORIENTED_EDGE('',*,*,#5602,.T.);
#7549=ORIENTED_EDGE('',*,*,#5603,.T.);
#7550=ORIENTED_EDGE('',*,*,#5604,.T.);
#7551=ORIENTED_EDGE('',*,*,#5605,.T.);
#7552=ORIENTED_EDGE('',*,*,#5606,.T.);
#7553=ORIENTED_EDGE('',*,*,#5607,.T.);
#7554=ORIENTED_EDGE('',*,*,#5608,.T.);
#7555=ORIENTED_EDGE('',*,*,#5609,.T.);
#7556=ORIENTED_EDGE('',*,*,#5610,.T.);
#7557=ORIENTED_EDGE('',*,*,#5611,.T.);
#7558=ORIENTED_EDGE('',*,*,#5612,.T.);
#7559=ORIENTED_EDGE('',*,*,#5613,.T.);
#7560=ORIENTED_EDGE('',*,*,#5614,.T.);
#7561=ORIENTED_EDGE('',*,*,#5615,.T.);
#7562=ORIENTED_EDGE('',*,*,#5616,.T.);
#7563=ORIENTED_EDGE('',*,*,#5617,.T.);
#7564=ORIENTED_EDGE('',*,*,#5618,.T.);
#7565=ORIENTED_EDGE('',*,*,#5619,.T.);
#7566=ORIENTED_EDGE('',*,*,#5620,.T.);
#7567=ORIENTED_EDGE('',*,*,#5621,.T.);
#7568=ORIENTED_EDGE('',*,*,#5622,.T.);
#7569=ORIENTED_EDGE('',*,*,#5623,.T.);
#7570=ORIENTED_EDGE('',*,*,#5624,.T.);
#7571=ORIENTED_EDGE('',*,*,#5625,.T.);
#7572=ORIENTED_EDGE('',*,*,#5626,.T.);
#7573=ORIENTED_EDGE('',*,*,#5627,.T.);
#7574=ORIENTED_EDGE('',*,*,#5628,.T.);
#7575=ORIENTED_EDGE('',*,*,#5629,.T.);
#7576=ORIENTED_EDGE('',*,*,#5630,.T.);
#7577=ORIENTED_EDGE('',*,*,#5631,.T.);
#7578=ORIENTED_EDGE('',*,*,#5632,.T.);
#7579=ORIENTED_EDGE('',*,*,#4723,.T.);
#7580=ORIENTED_EDGE('',*,*,#5633,.T.);
#7581=ORIENTED_EDGE('',*,*,#5634,.T.);
#7582=ORIENTED_EDGE('',*,*,#5635,.T.);
#7583=ORIENTED_EDGE('',*,*,#5636,.T.);
#7584=ORIENTED_EDGE('',*,*,#5637,.T.);
#7585=ORIENTED_EDGE('',*,*,#5638,.T.);
#7586=ORIENTED_EDGE('',*,*,#5639,.T.);
#7587=ORIENTED_EDGE('',*,*,#5640,.T.);
#7588=ORIENTED_EDGE('',*,*,#5641,.T.);
#7589=ORIENTED_EDGE('',*,*,#5642,.T.);
#7590=ORIENTED_EDGE('',*,*,#5643,.T.);
#7591=ORIENTED_EDGE('',*,*,#5644,.T.);
#7592=ORIENTED_EDGE('',*,*,#5645,.T.);
#7593=ORIENTED_EDGE('',*,*,#5646,.T.);
#7594=ORIENTED_EDGE('',*,*,#5647,.T.);
#7595=ORIENTED_EDGE('',*,*,#5648,.T.);
#7596=ORIENTED_EDGE('',*,*,#5649,.T.);
#7597=ORIENTED_EDGE('',*,*,#5650,.T.);
#7598=ORIENTED_EDGE('',*,*,#5651,.T.);
#7599=ORIENTED_EDGE('',*,*,#5652,.T.);
#7600=ORIENTED_EDGE('',*,*,#5653,.T.);
#7601=ORIENTED_EDGE('',*,*,#5654,.T.);
#7602=ORIENTED_EDGE('',*,*,#5655,.T.);
#7603=ORIENTED_EDGE('',*,*,#5656,.T.);
#7604=ORIENTED_EDGE('',*,*,#5657,.T.);
#7605=ORIENTED_EDGE('',*,*,#5658,.T.);
#7606=ORIENTED_EDGE('',*,*,#5659,.T.);
#7607=ORIENTED_EDGE('',*,*,#5660,.T.);
#7608=ORIENTED_EDGE('',*,*,#5661,.T.);
#7609=ORIENTED_EDGE('',*,*,#5662,.T.);
#7610=ORIENTED_EDGE('',*,*,#5663,.T.);
#7611=ORIENTED_EDGE('',*,*,#5664,.T.);
#7612=ORIENTED_EDGE('',*,*,#5665,.T.);
#7613=ORIENTED_EDGE('',*,*,#5666,.T.);
#7614=ORIENTED_EDGE('',*,*,#5667,.T.);
#7615=ORIENTED_EDGE('',*,*,#5668,.T.);
#7616=ORIENTED_EDGE('',*,*,#5669,.T.);
#7617=ORIENTED_EDGE('',*,*,#5670,.T.);
#7618=ORIENTED_EDGE('',*,*,#5671,.T.);
#7619=ORIENTED_EDGE('',*,*,#5672,.T.);
#7620=ORIENTED_EDGE('',*,*,#5673,.T.);
#7621=ORIENTED_EDGE('',*,*,#5674,.T.);
#7622=ORIENTED_EDGE('',*,*,#5675,.T.);
#7623=ORIENTED_EDGE('',*,*,#5676,.T.);
#7624=ORIENTED_EDGE('',*,*,#5677,.T.);
#7625=ORIENTED_EDGE('',*,*,#5678,.T.);
#7626=ORIENTED_EDGE('',*,*,#5679,.T.);
#7627=ORIENTED_EDGE('',*,*,#5680,.T.);
#7628=ORIENTED_EDGE('',*,*,#5681,.T.);
#7629=ORIENTED_EDGE('',*,*,#5682,.T.);
#7630=ORIENTED_EDGE('',*,*,#5683,.T.);
#7631=ORIENTED_EDGE('',*,*,#5684,.T.);
#7632=ORIENTED_EDGE('',*,*,#5685,.T.);
#7633=ORIENTED_EDGE('',*,*,#5686,.T.);
#7634=ORIENTED_EDGE('',*,*,#5687,.T.);
#7635=ORIENTED_EDGE('',*,*,#5688,.T.);
#7636=ORIENTED_EDGE('',*,*,#5689,.T.);
#7637=ORIENTED_EDGE('',*,*,#5690,.T.);
#7638=ORIENTED_EDGE('',*,*,#5691,.T.);
#7639=ORIENTED_EDGE('',*,*,#5692,.T.);
#7640=ORIENTED_EDGE('',*,*,#5693,.T.);
#7641=ORIENTED_EDGE('',*,*,#5694,.T.);
#7642=ORIENTED_EDGE('',*,*,#5695,.T.);
#7643=ORIENTED_EDGE('',*,*,#5696,.T.);
#7644=ORIENTED_EDGE('',*,*,#5697,.T.);
#7645=ORIENTED_EDGE('',*,*,#5698,.T.);
#7646=ORIENTED_EDGE('',*,*,#5699,.T.);
#7647=ORIENTED_EDGE('',*,*,#5700,.T.);
#7648=ORIENTED_EDGE('',*,*,#5701,.T.);
#7649=ORIENTED_EDGE('',*,*,#5702,.T.);
#7650=ORIENTED_EDGE('',*,*,#5703,.T.);
#7651=ORIENTED_EDGE('',*,*,#5704,.T.);
#7652=ORIENTED_EDGE('',*,*,#5705,.T.);
#7653=ORIENTED_EDGE('',*,*,#5706,.T.);
#7654=ORIENTED_EDGE('',*,*,#5707,.T.);
#7655=ORIENTED_EDGE('',*,*,#5708,.T.);
#7656=ORIENTED_EDGE('',*,*,#5709,.T.);
#7657=ORIENTED_EDGE('',*,*,#5710,.T.);
#7658=ORIENTED_EDGE('',*,*,#5711,.T.);
#7659=ORIENTED_EDGE('',*,*,#5712,.T.);
#7660=ORIENTED_EDGE('',*,*,#5713,.T.);
#7661=ORIENTED_EDGE('',*,*,#5714,.T.);
#7662=ORIENTED_EDGE('',*,*,#5715,.T.);
#7663=ORIENTED_EDGE('',*,*,#5716,.T.);
#7664=ORIENTED_EDGE('',*,*,#5717,.T.);
#7665=ORIENTED_EDGE('',*,*,#5718,.T.);
#7666=ORIENTED_EDGE('',*,*,#5719,.T.);
#7667=ORIENTED_EDGE('',*,*,#5720,.T.);
#7668=ORIENTED_EDGE('',*,*,#5721,.T.);
#7669=ORIENTED_EDGE('',*,*,#5722,.T.);
#7670=ORIENTED_EDGE('',*,*,#5723,.T.);
#7671=ORIENTED_EDGE('',*,*,#5724,.T.);
#7672=ORIENTED_EDGE('',*,*,#5725,.T.);
#7673=ORIENTED_EDGE('',*,*,#5726,.T.);
#7674=ORIENTED_EDGE('',*,*,#5727,.T.);
#7675=ORIENTED_EDGE('',*,*,#5728,.T.);
#7676=ORIENTED_EDGE('',*,*,#5729,.T.);
#7677=ORIENTED_EDGE('',*,*,#5730,.T.);
#7678=ORIENTED_EDGE('',*,*,#5731,.T.);
#7679=ORIENTED_EDGE('',*,*,#5732,.T.);
#7680=ORIENTED_EDGE('',*,*,#5733,.T.);
#7681=ORIENTED_EDGE('',*,*,#5734,.T.);
#7682=ORIENTED_EDGE('',*,*,#5735,.T.);
#7683=ORIENTED_EDGE('',*,*,#5736,.T.);
#7684=ORIENTED_EDGE('',*,*,#5737,.T.);
#7685=ORIENTED_EDGE('',*,*,#5738,.T.);
#7686=ORIENTED_EDGE('',*,*,#5739,.T.);
#7687=ORIENTED_EDGE('',*,*,#5740,.T.);
#7688=ORIENTED_EDGE('',*,*,#5741,.T.);
#7689=ORIENTED_EDGE('',*,*,#5742,.T.);
#7690=ORIENTED_EDGE('',*,*,#5743,.T.);
#7691=ORIENTED_EDGE('',*,*,#5744,.T.);
#7692=ORIENTED_EDGE('',*,*,#5745,.T.);
#7693=ORIENTED_EDGE('',*,*,#5746,.T.);
#7694=ORIENTED_EDGE('',*,*,#5747,.T.);
#7695=ORIENTED_EDGE('',*,*,#5748,.T.);
#7696=ORIENTED_EDGE('',*,*,#5749,.T.);
#7697=ORIENTED_EDGE('',*,*,#5750,.T.);
#7698=ORIENTED_EDGE('',*,*,#5751,.T.);
#7699=ORIENTED_EDGE('',*,*,#5752,.T.);
#7700=ORIENTED_EDGE('',*,*,#5753,.T.);
#7701=ORIENTED_EDGE('',*,*,#5754,.T.);
#7702=ORIENTED_EDGE('',*,*,#5755,.T.);
#7703=ORIENTED_EDGE('',*,*,#5756,.T.);
#7704=ORIENTED_EDGE('',*,*,#5757,.T.);
#7705=ORIENTED_EDGE('',*,*,#5758,.T.);
#7706=ORIENTED_EDGE('',*,*,#5759,.T.);
#7707=ORIENTED_EDGE('',*,*,#5760,.T.);
#7708=ORIENTED_EDGE('',*,*,#5761,.T.);
#7709=ORIENTED_EDGE('',*,*,#5762,.T.);
#7710=ORIENTED_EDGE('',*,*,#5763,.T.);
#7711=ORIENTED_EDGE('',*,*,#5764,.T.);
#7712=ORIENTED_EDGE('',*,*,#5765,.T.);
#7713=ORIENTED_EDGE('',*,*,#5766,.T.);
#7714=ORIENTED_EDGE('',*,*,#5767,.T.);
#7715=ORIENTED_EDGE('',*,*,#5768,.T.);
#7716=ORIENTED_EDGE('',*,*,#5769,.T.);
#7717=ORIENTED_EDGE('',*,*,#5770,.T.);
#7718=ORIENTED_EDGE('',*,*,#5771,.T.);
#7719=ORIENTED_EDGE('',*,*,#5772,.T.);
#7720=ORIENTED_EDGE('',*,*,#5773,.T.);
#7721=ORIENTED_EDGE('',*,*,#5774,.T.);
#7722=ORIENTED_EDGE('',*,*,#5775,.T.);
#7723=ORIENTED_EDGE('',*,*,#5776,.T.);
#7724=ORIENTED_EDGE('',*,*,#5777,.T.);
#7725=ORIENTED_EDGE('',*,*,#5778,.T.);
#7726=ORIENTED_EDGE('',*,*,#5779,.T.);
#7727=ORIENTED_EDGE('',*,*,#5780,.T.);
#7728=ORIENTED_EDGE('',*,*,#5781,.T.);
#7729=ORIENTED_EDGE('',*,*,#5782,.T.);
#7730=ORIENTED_EDGE('',*,*,#5783,.T.);
#7731=ORIENTED_EDGE('',*,*,#5784,.T.);
#7732=ORIENTED_EDGE('',*,*,#5785,.T.);
#7733=ORIENTED_EDGE('',*,*,#5786,.T.);
#7734=ORIENTED_EDGE('',*,*,#5787,.T.);
#7735=ORIENTED_EDGE('',*,*,#5788,.T.);
#7736=ORIENTED_EDGE('',*,*,#5789,.T.);
#7737=ORIENTED_EDGE('',*,*,#5790,.T.);
#7738=ORIENTED_EDGE('',*,*,#5791,.T.);
#7739=ORIENTED_EDGE('',*,*,#5792,.T.);
#7740=ORIENTED_EDGE('',*,*,#5793,.T.);
#7741=ORIENTED_EDGE('',*,*,#5794,.T.);
#7742=ORIENTED_EDGE('',*,*,#5795,.T.);
#7743=ORIENTED_EDGE('',*,*,#5796,.T.);
#7744=ORIENTED_EDGE('',*,*,#5797,.T.);
#7745=ORIENTED_EDGE('',*,*,#5798,.T.);
#7746=ORIENTED_EDGE('',*,*,#5799,.T.);
#7747=ORIENTED_EDGE('',*,*,#5800,.T.);
#7748=ORIENTED_EDGE('',*,*,#4979,.T.);
#7749=ORIENTED_EDGE('',*,*,#5801,.T.);
#7750=ORIENTED_EDGE('',*,*,#5519,.F.);
#7751=ORIENTED_EDGE('',*,*,#5802,.F.);
#7752=ORIENTED_EDGE('',*,*,#4980,.T.);
#7753=ORIENTED_EDGE('',*,*,#5802,.T.);
#7754=ORIENTED_EDGE('',*,*,#5521,.F.);
#7755=ORIENTED_EDGE('',*,*,#5803,.F.);
#7756=ORIENTED_EDGE('',*,*,#4981,.T.);
#7757=ORIENTED_EDGE('',*,*,#5803,.T.);
#7758=ORIENTED_EDGE('',*,*,#5520,.F.);
#7759=ORIENTED_EDGE('',*,*,#5801,.F.);
#7760=ORIENTED_EDGE('',*,*,#4751,.T.);
#7761=ORIENTED_EDGE('',*,*,#5804,.T.);
#7762=ORIENTED_EDGE('',*,*,#5522,.F.);
#7763=ORIENTED_EDGE('',*,*,#5805,.F.);
#7764=ORIENTED_EDGE('',*,*,#4752,.T.);
#7765=ORIENTED_EDGE('',*,*,#5805,.T.);
#7766=ORIENTED_EDGE('',*,*,#5554,.F.);
#7767=ORIENTED_EDGE('',*,*,#5806,.F.);
#7768=ORIENTED_EDGE('',*,*,#4753,.T.);
#7769=ORIENTED_EDGE('',*,*,#5806,.T.);
#7770=ORIENTED_EDGE('',*,*,#5553,.F.);
#7771=ORIENTED_EDGE('',*,*,#5807,.F.);
#7772=ORIENTED_EDGE('',*,*,#4754,.T.);
#7773=ORIENTED_EDGE('',*,*,#5807,.T.);
#7774=ORIENTED_EDGE('',*,*,#5552,.F.);
#7775=ORIENTED_EDGE('',*,*,#5808,.F.);
#7776=ORIENTED_EDGE('',*,*,#4755,.T.);
#7777=ORIENTED_EDGE('',*,*,#5808,.T.);
#7778=ORIENTED_EDGE('',*,*,#5551,.F.);
#7779=ORIENTED_EDGE('',*,*,#5809,.F.);
#7780=ORIENTED_EDGE('',*,*,#4756,.T.);
#7781=ORIENTED_EDGE('',*,*,#5809,.T.);
#7782=ORIENTED_EDGE('',*,*,#5550,.F.);
#7783=ORIENTED_EDGE('',*,*,#5810,.F.);
#7784=ORIENTED_EDGE('',*,*,#4757,.T.);
#7785=ORIENTED_EDGE('',*,*,#5810,.T.);
#7786=ORIENTED_EDGE('',*,*,#5549,.F.);
#7787=ORIENTED_EDGE('',*,*,#5811,.F.);
#7788=ORIENTED_EDGE('',*,*,#4758,.T.);
#7789=ORIENTED_EDGE('',*,*,#5811,.T.);
#7790=ORIENTED_EDGE('',*,*,#5548,.F.);
#7791=ORIENTED_EDGE('',*,*,#5812,.F.);
#7792=ORIENTED_EDGE('',*,*,#4759,.T.);
#7793=ORIENTED_EDGE('',*,*,#5812,.T.);
#7794=ORIENTED_EDGE('',*,*,#5547,.F.);
#7795=ORIENTED_EDGE('',*,*,#5813,.F.);
#7796=ORIENTED_EDGE('',*,*,#4760,.T.);
#7797=ORIENTED_EDGE('',*,*,#5813,.T.);
#7798=ORIENTED_EDGE('',*,*,#5546,.F.);
#7799=ORIENTED_EDGE('',*,*,#5814,.F.);
#7800=ORIENTED_EDGE('',*,*,#4761,.T.);
#7801=ORIENTED_EDGE('',*,*,#5814,.T.);
#7802=ORIENTED_EDGE('',*,*,#5545,.F.);
#7803=ORIENTED_EDGE('',*,*,#5815,.F.);
#7804=ORIENTED_EDGE('',*,*,#4762,.T.);
#7805=ORIENTED_EDGE('',*,*,#5815,.T.);
#7806=ORIENTED_EDGE('',*,*,#5544,.F.);
#7807=ORIENTED_EDGE('',*,*,#5816,.F.);
#7808=ORIENTED_EDGE('',*,*,#4763,.T.);
#7809=ORIENTED_EDGE('',*,*,#5816,.T.);
#7810=ORIENTED_EDGE('',*,*,#5543,.F.);
#7811=ORIENTED_EDGE('',*,*,#5817,.F.);
#7812=ORIENTED_EDGE('',*,*,#4764,.T.);
#7813=ORIENTED_EDGE('',*,*,#5817,.T.);
#7814=ORIENTED_EDGE('',*,*,#5542,.F.);
#7815=ORIENTED_EDGE('',*,*,#5818,.F.);
#7816=ORIENTED_EDGE('',*,*,#4765,.T.);
#7817=ORIENTED_EDGE('',*,*,#5818,.T.);
#7818=ORIENTED_EDGE('',*,*,#5541,.F.);
#7819=ORIENTED_EDGE('',*,*,#5819,.F.);
#7820=ORIENTED_EDGE('',*,*,#4766,.T.);
#7821=ORIENTED_EDGE('',*,*,#5819,.T.);
#7822=ORIENTED_EDGE('',*,*,#5540,.F.);
#7823=ORIENTED_EDGE('',*,*,#5820,.F.);
#7824=ORIENTED_EDGE('',*,*,#4767,.T.);
#7825=ORIENTED_EDGE('',*,*,#5820,.T.);
#7826=ORIENTED_EDGE('',*,*,#5539,.F.);
#7827=ORIENTED_EDGE('',*,*,#5821,.F.);
#7828=ORIENTED_EDGE('',*,*,#4768,.T.);
#7829=ORIENTED_EDGE('',*,*,#5821,.T.);
#7830=ORIENTED_EDGE('',*,*,#5538,.F.);
#7831=ORIENTED_EDGE('',*,*,#5822,.F.);
#7832=ORIENTED_EDGE('',*,*,#4769,.T.);
#7833=ORIENTED_EDGE('',*,*,#5822,.T.);
#7834=ORIENTED_EDGE('',*,*,#5537,.F.);
#7835=ORIENTED_EDGE('',*,*,#5823,.F.);
#7836=ORIENTED_EDGE('',*,*,#4770,.T.);
#7837=ORIENTED_EDGE('',*,*,#5823,.T.);
#7838=ORIENTED_EDGE('',*,*,#5536,.F.);
#7839=ORIENTED_EDGE('',*,*,#5824,.F.);
#7840=ORIENTED_EDGE('',*,*,#4771,.T.);
#7841=ORIENTED_EDGE('',*,*,#5824,.T.);
#7842=ORIENTED_EDGE('',*,*,#5535,.F.);
#7843=ORIENTED_EDGE('',*,*,#5825,.F.);
#7844=ORIENTED_EDGE('',*,*,#4772,.T.);
#7845=ORIENTED_EDGE('',*,*,#5825,.T.);
#7846=ORIENTED_EDGE('',*,*,#5534,.F.);
#7847=ORIENTED_EDGE('',*,*,#5826,.F.);
#7848=ORIENTED_EDGE('',*,*,#4773,.T.);
#7849=ORIENTED_EDGE('',*,*,#5826,.T.);
#7850=ORIENTED_EDGE('',*,*,#5533,.F.);
#7851=ORIENTED_EDGE('',*,*,#5827,.F.);
#7852=ORIENTED_EDGE('',*,*,#4774,.T.);
#7853=ORIENTED_EDGE('',*,*,#5827,.T.);
#7854=ORIENTED_EDGE('',*,*,#5532,.F.);
#7855=ORIENTED_EDGE('',*,*,#5828,.F.);
#7856=ORIENTED_EDGE('',*,*,#4775,.T.);
#7857=ORIENTED_EDGE('',*,*,#5828,.T.);
#7858=ORIENTED_EDGE('',*,*,#5531,.F.);
#7859=ORIENTED_EDGE('',*,*,#5829,.F.);
#7860=ORIENTED_EDGE('',*,*,#4776,.T.);
#7861=ORIENTED_EDGE('',*,*,#5829,.T.);
#7862=ORIENTED_EDGE('',*,*,#5530,.F.);
#7863=ORIENTED_EDGE('',*,*,#5830,.F.);
#7864=ORIENTED_EDGE('',*,*,#4777,.T.);
#7865=ORIENTED_EDGE('',*,*,#5830,.T.);
#7866=ORIENTED_EDGE('',*,*,#5529,.F.);
#7867=ORIENTED_EDGE('',*,*,#5831,.F.);
#7868=ORIENTED_EDGE('',*,*,#4778,.T.);
#7869=ORIENTED_EDGE('',*,*,#5831,.T.);
#7870=ORIENTED_EDGE('',*,*,#5528,.F.);
#7871=ORIENTED_EDGE('',*,*,#5832,.F.);
#7872=ORIENTED_EDGE('',*,*,#4779,.T.);
#7873=ORIENTED_EDGE('',*,*,#5832,.T.);
#7874=ORIENTED_EDGE('',*,*,#5527,.F.);
#7875=ORIENTED_EDGE('',*,*,#5833,.F.);
#7876=ORIENTED_EDGE('',*,*,#4780,.T.);
#7877=ORIENTED_EDGE('',*,*,#5833,.T.);
#7878=ORIENTED_EDGE('',*,*,#5526,.F.);
#7879=ORIENTED_EDGE('',*,*,#5834,.F.);
#7880=ORIENTED_EDGE('',*,*,#4781,.T.);
#7881=ORIENTED_EDGE('',*,*,#5834,.T.);
#7882=ORIENTED_EDGE('',*,*,#5525,.F.);
#7883=ORIENTED_EDGE('',*,*,#5835,.F.);
#7884=ORIENTED_EDGE('',*,*,#4782,.T.);
#7885=ORIENTED_EDGE('',*,*,#5835,.T.);
#7886=ORIENTED_EDGE('',*,*,#5524,.F.);
#7887=ORIENTED_EDGE('',*,*,#5836,.F.);
#7888=ORIENTED_EDGE('',*,*,#4783,.T.);
#7889=ORIENTED_EDGE('',*,*,#5836,.T.);
#7890=ORIENTED_EDGE('',*,*,#5523,.F.);
#7891=ORIENTED_EDGE('',*,*,#5804,.F.);
#7892=ORIENTED_EDGE('',*,*,#4982,.T.);
#7893=ORIENTED_EDGE('',*,*,#5837,.T.);
#7894=ORIENTED_EDGE('',*,*,#5555,.F.);
#7895=ORIENTED_EDGE('',*,*,#5838,.F.);
#7896=ORIENTED_EDGE('',*,*,#4983,.T.);
#7897=ORIENTED_EDGE('',*,*,#5838,.T.);
#7898=ORIENTED_EDGE('',*,*,#5578,.F.);
#7899=ORIENTED_EDGE('',*,*,#5839,.F.);
#7900=ORIENTED_EDGE('',*,*,#4984,.T.);
#7901=ORIENTED_EDGE('',*,*,#5839,.T.);
#7902=ORIENTED_EDGE('',*,*,#5577,.F.);
#7903=ORIENTED_EDGE('',*,*,#5840,.F.);
#7904=ORIENTED_EDGE('',*,*,#4985,.T.);
#7905=ORIENTED_EDGE('',*,*,#5840,.T.);
#7906=ORIENTED_EDGE('',*,*,#5576,.F.);
#7907=ORIENTED_EDGE('',*,*,#5841,.F.);
#7908=ORIENTED_EDGE('',*,*,#4986,.T.);
#7909=ORIENTED_EDGE('',*,*,#5841,.T.);
#7910=ORIENTED_EDGE('',*,*,#5575,.F.);
#7911=ORIENTED_EDGE('',*,*,#5842,.F.);
#7912=ORIENTED_EDGE('',*,*,#4987,.T.);
#7913=ORIENTED_EDGE('',*,*,#5842,.T.);
#7914=ORIENTED_EDGE('',*,*,#5574,.F.);
#7915=ORIENTED_EDGE('',*,*,#5843,.F.);
#7916=ORIENTED_EDGE('',*,*,#4988,.T.);
#7917=ORIENTED_EDGE('',*,*,#5843,.T.);
#7918=ORIENTED_EDGE('',*,*,#5573,.F.);
#7919=ORIENTED_EDGE('',*,*,#5844,.F.);
#7920=ORIENTED_EDGE('',*,*,#4989,.T.);
#7921=ORIENTED_EDGE('',*,*,#5844,.T.);
#7922=ORIENTED_EDGE('',*,*,#5572,.F.);
#7923=ORIENTED_EDGE('',*,*,#5845,.F.);
#7924=ORIENTED_EDGE('',*,*,#4990,.T.);
#7925=ORIENTED_EDGE('',*,*,#5845,.T.);
#7926=ORIENTED_EDGE('',*,*,#5571,.F.);
#7927=ORIENTED_EDGE('',*,*,#5846,.F.);
#7928=ORIENTED_EDGE('',*,*,#4991,.T.);
#7929=ORIENTED_EDGE('',*,*,#5846,.T.);
#7930=ORIENTED_EDGE('',*,*,#5570,.F.);
#7931=ORIENTED_EDGE('',*,*,#5847,.F.);
#7932=ORIENTED_EDGE('',*,*,#4992,.T.);
#7933=ORIENTED_EDGE('',*,*,#5847,.T.);
#7934=ORIENTED_EDGE('',*,*,#5569,.F.);
#7935=ORIENTED_EDGE('',*,*,#5848,.F.);
#7936=ORIENTED_EDGE('',*,*,#4993,.T.);
#7937=ORIENTED_EDGE('',*,*,#5848,.T.);
#7938=ORIENTED_EDGE('',*,*,#5568,.F.);
#7939=ORIENTED_EDGE('',*,*,#5849,.F.);
#7940=ORIENTED_EDGE('',*,*,#4994,.T.);
#7941=ORIENTED_EDGE('',*,*,#5849,.T.);
#7942=ORIENTED_EDGE('',*,*,#5567,.F.);
#7943=ORIENTED_EDGE('',*,*,#5850,.F.);
#7944=ORIENTED_EDGE('',*,*,#4995,.T.);
#7945=ORIENTED_EDGE('',*,*,#5850,.T.);
#7946=ORIENTED_EDGE('',*,*,#5566,.F.);
#7947=ORIENTED_EDGE('',*,*,#5851,.F.);
#7948=ORIENTED_EDGE('',*,*,#4996,.T.);
#7949=ORIENTED_EDGE('',*,*,#5851,.T.);
#7950=ORIENTED_EDGE('',*,*,#5565,.F.);
#7951=ORIENTED_EDGE('',*,*,#5852,.F.);
#7952=ORIENTED_EDGE('',*,*,#4997,.T.);
#7953=ORIENTED_EDGE('',*,*,#5852,.T.);
#7954=ORIENTED_EDGE('',*,*,#5564,.F.);
#7955=ORIENTED_EDGE('',*,*,#5853,.F.);
#7956=ORIENTED_EDGE('',*,*,#4998,.T.);
#7957=ORIENTED_EDGE('',*,*,#5853,.T.);
#7958=ORIENTED_EDGE('',*,*,#5563,.F.);
#7959=ORIENTED_EDGE('',*,*,#5854,.F.);
#7960=ORIENTED_EDGE('',*,*,#4999,.T.);
#7961=ORIENTED_EDGE('',*,*,#5854,.T.);
#7962=ORIENTED_EDGE('',*,*,#5562,.F.);
#7963=ORIENTED_EDGE('',*,*,#5855,.F.);
#7964=ORIENTED_EDGE('',*,*,#5000,.T.);
#7965=ORIENTED_EDGE('',*,*,#5855,.T.);
#7966=ORIENTED_EDGE('',*,*,#5561,.F.);
#7967=ORIENTED_EDGE('',*,*,#5856,.F.);
#7968=ORIENTED_EDGE('',*,*,#5001,.T.);
#7969=ORIENTED_EDGE('',*,*,#5856,.T.);
#7970=ORIENTED_EDGE('',*,*,#5560,.F.);
#7971=ORIENTED_EDGE('',*,*,#5857,.F.);
#7972=ORIENTED_EDGE('',*,*,#5002,.T.);
#7973=ORIENTED_EDGE('',*,*,#5857,.T.);
#7974=ORIENTED_EDGE('',*,*,#5559,.F.);
#7975=ORIENTED_EDGE('',*,*,#5858,.F.);
#7976=ORIENTED_EDGE('',*,*,#5003,.T.);
#7977=ORIENTED_EDGE('',*,*,#5858,.T.);
#7978=ORIENTED_EDGE('',*,*,#5558,.F.);
#7979=ORIENTED_EDGE('',*,*,#5859,.F.);
#7980=ORIENTED_EDGE('',*,*,#5004,.T.);
#7981=ORIENTED_EDGE('',*,*,#5859,.T.);
#7982=ORIENTED_EDGE('',*,*,#5557,.F.);
#7983=ORIENTED_EDGE('',*,*,#5860,.F.);
#7984=ORIENTED_EDGE('',*,*,#5005,.T.);
#7985=ORIENTED_EDGE('',*,*,#5860,.T.);
#7986=ORIENTED_EDGE('',*,*,#5556,.F.);
#7987=ORIENTED_EDGE('',*,*,#5837,.F.);
#7988=ORIENTED_EDGE('',*,*,#4784,.T.);
#7989=ORIENTED_EDGE('',*,*,#5861,.T.);
#7990=ORIENTED_EDGE('',*,*,#5579,.F.);
#7991=ORIENTED_EDGE('',*,*,#5862,.F.);
#7992=ORIENTED_EDGE('',*,*,#4785,.T.);
#7993=ORIENTED_EDGE('',*,*,#5862,.T.);
#7994=ORIENTED_EDGE('',*,*,#5590,.F.);
#7995=ORIENTED_EDGE('',*,*,#5863,.F.);
#7996=ORIENTED_EDGE('',*,*,#4786,.T.);
#7997=ORIENTED_EDGE('',*,*,#5863,.T.);
#7998=ORIENTED_EDGE('',*,*,#5589,.F.);
#7999=ORIENTED_EDGE('',*,*,#5864,.F.);
#8000=ORIENTED_EDGE('',*,*,#4787,.T.);
#8001=ORIENTED_EDGE('',*,*,#5864,.T.);
#8002=ORIENTED_EDGE('',*,*,#5588,.F.);
#8003=ORIENTED_EDGE('',*,*,#5865,.F.);
#8004=ORIENTED_EDGE('',*,*,#4788,.T.);
#8005=ORIENTED_EDGE('',*,*,#5865,.T.);
#8006=ORIENTED_EDGE('',*,*,#5587,.F.);
#8007=ORIENTED_EDGE('',*,*,#5866,.F.);
#8008=ORIENTED_EDGE('',*,*,#4789,.T.);
#8009=ORIENTED_EDGE('',*,*,#5866,.T.);
#8010=ORIENTED_EDGE('',*,*,#5586,.F.);
#8011=ORIENTED_EDGE('',*,*,#5867,.F.);
#8012=ORIENTED_EDGE('',*,*,#4790,.T.);
#8013=ORIENTED_EDGE('',*,*,#5867,.T.);
#8014=ORIENTED_EDGE('',*,*,#5585,.F.);
#8015=ORIENTED_EDGE('',*,*,#5868,.F.);
#8016=ORIENTED_EDGE('',*,*,#4791,.T.);
#8017=ORIENTED_EDGE('',*,*,#5868,.T.);
#8018=ORIENTED_EDGE('',*,*,#5584,.F.);
#8019=ORIENTED_EDGE('',*,*,#5869,.F.);
#8020=ORIENTED_EDGE('',*,*,#4792,.T.);
#8021=ORIENTED_EDGE('',*,*,#5869,.T.);
#8022=ORIENTED_EDGE('',*,*,#5583,.F.);
#8023=ORIENTED_EDGE('',*,*,#5870,.F.);
#8024=ORIENTED_EDGE('',*,*,#4793,.T.);
#8025=ORIENTED_EDGE('',*,*,#5870,.T.);
#8026=ORIENTED_EDGE('',*,*,#5582,.F.);
#8027=ORIENTED_EDGE('',*,*,#5871,.F.);
#8028=ORIENTED_EDGE('',*,*,#4794,.T.);
#8029=ORIENTED_EDGE('',*,*,#5871,.T.);
#8030=ORIENTED_EDGE('',*,*,#5581,.F.);
#8031=ORIENTED_EDGE('',*,*,#5872,.F.);
#8032=ORIENTED_EDGE('',*,*,#4795,.T.);
#8033=ORIENTED_EDGE('',*,*,#5872,.T.);
#8034=ORIENTED_EDGE('',*,*,#5580,.F.);
#8035=ORIENTED_EDGE('',*,*,#5861,.F.);
#8036=ORIENTED_EDGE('',*,*,#4796,.T.);
#8037=ORIENTED_EDGE('',*,*,#5873,.T.);
#8038=ORIENTED_EDGE('',*,*,#5591,.F.);
#8039=ORIENTED_EDGE('',*,*,#5874,.F.);
#8040=ORIENTED_EDGE('',*,*,#4797,.T.);
#8041=ORIENTED_EDGE('',*,*,#5874,.T.);
#8042=ORIENTED_EDGE('',*,*,#5649,.F.);
#8043=ORIENTED_EDGE('',*,*,#5875,.F.);
#8044=ORIENTED_EDGE('',*,*,#4798,.T.);
#8045=ORIENTED_EDGE('',*,*,#5875,.T.);
#8046=ORIENTED_EDGE('',*,*,#5648,.F.);
#8047=ORIENTED_EDGE('',*,*,#5876,.F.);
#8048=ORIENTED_EDGE('',*,*,#4799,.T.);
#8049=ORIENTED_EDGE('',*,*,#5876,.T.);
#8050=ORIENTED_EDGE('',*,*,#5647,.F.);
#8051=ORIENTED_EDGE('',*,*,#5877,.F.);
#8052=ORIENTED_EDGE('',*,*,#4800,.T.);
#8053=ORIENTED_EDGE('',*,*,#5877,.T.);
#8054=ORIENTED_EDGE('',*,*,#5646,.F.);
#8055=ORIENTED_EDGE('',*,*,#5878,.F.);
#8056=ORIENTED_EDGE('',*,*,#4801,.T.);
#8057=ORIENTED_EDGE('',*,*,#5878,.T.);
#8058=ORIENTED_EDGE('',*,*,#5645,.F.);
#8059=ORIENTED_EDGE('',*,*,#5879,.F.);
#8060=ORIENTED_EDGE('',*,*,#4802,.T.);
#8061=ORIENTED_EDGE('',*,*,#5879,.T.);
#8062=ORIENTED_EDGE('',*,*,#5644,.F.);
#8063=ORIENTED_EDGE('',*,*,#5880,.F.);
#8064=ORIENTED_EDGE('',*,*,#4803,.T.);
#8065=ORIENTED_EDGE('',*,*,#5880,.T.);
#8066=ORIENTED_EDGE('',*,*,#5643,.F.);
#8067=ORIENTED_EDGE('',*,*,#5881,.F.);
#8068=ORIENTED_EDGE('',*,*,#4804,.T.);
#8069=ORIENTED_EDGE('',*,*,#5881,.T.);
#8070=ORIENTED_EDGE('',*,*,#5642,.F.);
#8071=ORIENTED_EDGE('',*,*,#5882,.F.);
#8072=ORIENTED_EDGE('',*,*,#4805,.T.);
#8073=ORIENTED_EDGE('',*,*,#5882,.T.);
#8074=ORIENTED_EDGE('',*,*,#5641,.F.);
#8075=ORIENTED_EDGE('',*,*,#5883,.F.);
#8076=ORIENTED_EDGE('',*,*,#4806,.T.);
#8077=ORIENTED_EDGE('',*,*,#5883,.T.);
#8078=ORIENTED_EDGE('',*,*,#5640,.F.);
#8079=ORIENTED_EDGE('',*,*,#5884,.F.);
#8080=ORIENTED_EDGE('',*,*,#4807,.T.);
#8081=ORIENTED_EDGE('',*,*,#5884,.T.);
#8082=ORIENTED_EDGE('',*,*,#5639,.F.);
#8083=ORIENTED_EDGE('',*,*,#5885,.F.);
#8084=ORIENTED_EDGE('',*,*,#4808,.T.);
#8085=ORIENTED_EDGE('',*,*,#5885,.T.);
#8086=ORIENTED_EDGE('',*,*,#5638,.F.);
#8087=ORIENTED_EDGE('',*,*,#5886,.F.);
#8088=ORIENTED_EDGE('',*,*,#4809,.T.);
#8089=ORIENTED_EDGE('',*,*,#5886,.T.);
#8090=ORIENTED_EDGE('',*,*,#5637,.F.);
#8091=ORIENTED_EDGE('',*,*,#5887,.F.);
#8092=ORIENTED_EDGE('',*,*,#4810,.T.);
#8093=ORIENTED_EDGE('',*,*,#5887,.T.);
#8094=ORIENTED_EDGE('',*,*,#5636,.F.);
#8095=ORIENTED_EDGE('',*,*,#5888,.F.);
#8096=ORIENTED_EDGE('',*,*,#4811,.T.);
#8097=ORIENTED_EDGE('',*,*,#5888,.T.);
#8098=ORIENTED_EDGE('',*,*,#5635,.F.);
#8099=ORIENTED_EDGE('',*,*,#5889,.F.);
#8100=ORIENTED_EDGE('',*,*,#4812,.T.);
#8101=ORIENTED_EDGE('',*,*,#5889,.T.);
#8102=ORIENTED_EDGE('',*,*,#5634,.F.);
#8103=ORIENTED_EDGE('',*,*,#5890,.F.);
#8104=ORIENTED_EDGE('',*,*,#4813,.T.);
#8105=ORIENTED_EDGE('',*,*,#5890,.T.);
#8106=ORIENTED_EDGE('',*,*,#5633,.F.);
#8107=ORIENTED_EDGE('',*,*,#4722,.F.);
#8108=ORIENTED_EDGE('',*,*,#4854,.T.);
#8109=ORIENTED_EDGE('',*,*,#5891,.T.);
#8110=ORIENTED_EDGE('',*,*,#5592,.F.);
#8111=ORIENTED_EDGE('',*,*,#5873,.F.);
#8112=ORIENTED_EDGE('',*,*,#4853,.T.);
#8113=ORIENTED_EDGE('',*,*,#5892,.T.);
#8114=ORIENTED_EDGE('',*,*,#5593,.F.);
#8115=ORIENTED_EDGE('',*,*,#5891,.F.);
#8116=ORIENTED_EDGE('',*,*,#4852,.T.);
#8117=ORIENTED_EDGE('',*,*,#5893,.T.);
#8118=ORIENTED_EDGE('',*,*,#5594,.F.);
#8119=ORIENTED_EDGE('',*,*,#5892,.F.);
#8120=ORIENTED_EDGE('',*,*,#4851,.T.);
#8121=ORIENTED_EDGE('',*,*,#5894,.T.);
#8122=ORIENTED_EDGE('',*,*,#5595,.F.);
#8123=ORIENTED_EDGE('',*,*,#5893,.F.);
#8124=ORIENTED_EDGE('',*,*,#4850,.T.);
#8125=ORIENTED_EDGE('',*,*,#5895,.T.);
#8126=ORIENTED_EDGE('',*,*,#5596,.F.);
#8127=ORIENTED_EDGE('',*,*,#5894,.F.);
#8128=ORIENTED_EDGE('',*,*,#4849,.T.);
#8129=ORIENTED_EDGE('',*,*,#5896,.T.);
#8130=ORIENTED_EDGE('',*,*,#5597,.F.);
#8131=ORIENTED_EDGE('',*,*,#5895,.F.);
#8132=ORIENTED_EDGE('',*,*,#4848,.T.);
#8133=ORIENTED_EDGE('',*,*,#5897,.T.);
#8134=ORIENTED_EDGE('',*,*,#5598,.F.);
#8135=ORIENTED_EDGE('',*,*,#5896,.F.);
#8136=ORIENTED_EDGE('',*,*,#4847,.T.);
#8137=ORIENTED_EDGE('',*,*,#5898,.T.);
#8138=ORIENTED_EDGE('',*,*,#5599,.F.);
#8139=ORIENTED_EDGE('',*,*,#5897,.F.);
#8140=ORIENTED_EDGE('',*,*,#4846,.T.);
#8141=ORIENTED_EDGE('',*,*,#5899,.T.);
#8142=ORIENTED_EDGE('',*,*,#5600,.F.);
#8143=ORIENTED_EDGE('',*,*,#5898,.F.);
#8144=ORIENTED_EDGE('',*,*,#4845,.T.);
#8145=ORIENTED_EDGE('',*,*,#5900,.T.);
#8146=ORIENTED_EDGE('',*,*,#5601,.F.);
#8147=ORIENTED_EDGE('',*,*,#5899,.F.);
#8148=ORIENTED_EDGE('',*,*,#4844,.T.);
#8149=ORIENTED_EDGE('',*,*,#5901,.T.);
#8150=ORIENTED_EDGE('',*,*,#5602,.F.);
#8151=ORIENTED_EDGE('',*,*,#5900,.F.);
#8152=ORIENTED_EDGE('',*,*,#4843,.T.);
#8153=ORIENTED_EDGE('',*,*,#5902,.T.);
#8154=ORIENTED_EDGE('',*,*,#5603,.F.);
#8155=ORIENTED_EDGE('',*,*,#5901,.F.);
#8156=ORIENTED_EDGE('',*,*,#4842,.T.);
#8157=ORIENTED_EDGE('',*,*,#5903,.T.);
#8158=ORIENTED_EDGE('',*,*,#5604,.F.);
#8159=ORIENTED_EDGE('',*,*,#5902,.F.);
#8160=ORIENTED_EDGE('',*,*,#4841,.T.);
#8161=ORIENTED_EDGE('',*,*,#5904,.T.);
#8162=ORIENTED_EDGE('',*,*,#5605,.F.);
#8163=ORIENTED_EDGE('',*,*,#5903,.F.);
#8164=ORIENTED_EDGE('',*,*,#4840,.T.);
#8165=ORIENTED_EDGE('',*,*,#5905,.T.);
#8166=ORIENTED_EDGE('',*,*,#5606,.F.);
#8167=ORIENTED_EDGE('',*,*,#5904,.F.);
#8168=ORIENTED_EDGE('',*,*,#4839,.T.);
#8169=ORIENTED_EDGE('',*,*,#5906,.T.);
#8170=ORIENTED_EDGE('',*,*,#5607,.F.);
#8171=ORIENTED_EDGE('',*,*,#5905,.F.);
#8172=ORIENTED_EDGE('',*,*,#4838,.T.);
#8173=ORIENTED_EDGE('',*,*,#5907,.T.);
#8174=ORIENTED_EDGE('',*,*,#5608,.F.);
#8175=ORIENTED_EDGE('',*,*,#5906,.F.);
#8176=ORIENTED_EDGE('',*,*,#4837,.T.);
#8177=ORIENTED_EDGE('',*,*,#5908,.T.);
#8178=ORIENTED_EDGE('',*,*,#5609,.F.);
#8179=ORIENTED_EDGE('',*,*,#5907,.F.);
#8180=ORIENTED_EDGE('',*,*,#4836,.T.);
#8181=ORIENTED_EDGE('',*,*,#5909,.T.);
#8182=ORIENTED_EDGE('',*,*,#5610,.F.);
#8183=ORIENTED_EDGE('',*,*,#5908,.F.);
#8184=ORIENTED_EDGE('',*,*,#4835,.T.);
#8185=ORIENTED_EDGE('',*,*,#5910,.T.);
#8186=ORIENTED_EDGE('',*,*,#5611,.F.);
#8187=ORIENTED_EDGE('',*,*,#5909,.F.);
#8188=ORIENTED_EDGE('',*,*,#4834,.T.);
#8189=ORIENTED_EDGE('',*,*,#5911,.T.);
#8190=ORIENTED_EDGE('',*,*,#5612,.F.);
#8191=ORIENTED_EDGE('',*,*,#5910,.F.);
#8192=ORIENTED_EDGE('',*,*,#4833,.T.);
#8193=ORIENTED_EDGE('',*,*,#5912,.T.);
#8194=ORIENTED_EDGE('',*,*,#5613,.F.);
#8195=ORIENTED_EDGE('',*,*,#5911,.F.);
#8196=ORIENTED_EDGE('',*,*,#4832,.T.);
#8197=ORIENTED_EDGE('',*,*,#5913,.T.);
#8198=ORIENTED_EDGE('',*,*,#5614,.F.);
#8199=ORIENTED_EDGE('',*,*,#5912,.F.);
#8200=ORIENTED_EDGE('',*,*,#4831,.T.);
#8201=ORIENTED_EDGE('',*,*,#5914,.T.);
#8202=ORIENTED_EDGE('',*,*,#5615,.F.);
#8203=ORIENTED_EDGE('',*,*,#5913,.F.);
#8204=ORIENTED_EDGE('',*,*,#4830,.T.);
#8205=ORIENTED_EDGE('',*,*,#5915,.T.);
#8206=ORIENTED_EDGE('',*,*,#5616,.F.);
#8207=ORIENTED_EDGE('',*,*,#5914,.F.);
#8208=ORIENTED_EDGE('',*,*,#4829,.T.);
#8209=ORIENTED_EDGE('',*,*,#5916,.T.);
#8210=ORIENTED_EDGE('',*,*,#5617,.F.);
#8211=ORIENTED_EDGE('',*,*,#5915,.F.);
#8212=ORIENTED_EDGE('',*,*,#4828,.T.);
#8213=ORIENTED_EDGE('',*,*,#5917,.T.);
#8214=ORIENTED_EDGE('',*,*,#5618,.F.);
#8215=ORIENTED_EDGE('',*,*,#5916,.F.);
#8216=ORIENTED_EDGE('',*,*,#4827,.T.);
#8217=ORIENTED_EDGE('',*,*,#5918,.T.);
#8218=ORIENTED_EDGE('',*,*,#5619,.F.);
#8219=ORIENTED_EDGE('',*,*,#5917,.F.);
#8220=ORIENTED_EDGE('',*,*,#4826,.T.);
#8221=ORIENTED_EDGE('',*,*,#5919,.T.);
#8222=ORIENTED_EDGE('',*,*,#5620,.F.);
#8223=ORIENTED_EDGE('',*,*,#5918,.F.);
#8224=ORIENTED_EDGE('',*,*,#4825,.T.);
#8225=ORIENTED_EDGE('',*,*,#5920,.T.);
#8226=ORIENTED_EDGE('',*,*,#5621,.F.);
#8227=ORIENTED_EDGE('',*,*,#5919,.F.);
#8228=ORIENTED_EDGE('',*,*,#4824,.T.);
#8229=ORIENTED_EDGE('',*,*,#5921,.T.);
#8230=ORIENTED_EDGE('',*,*,#5622,.F.);
#8231=ORIENTED_EDGE('',*,*,#5920,.F.);
#8232=ORIENTED_EDGE('',*,*,#4823,.T.);
#8233=ORIENTED_EDGE('',*,*,#5922,.T.);
#8234=ORIENTED_EDGE('',*,*,#5623,.F.);
#8235=ORIENTED_EDGE('',*,*,#5921,.F.);
#8236=ORIENTED_EDGE('',*,*,#4822,.T.);
#8237=ORIENTED_EDGE('',*,*,#5923,.T.);
#8238=ORIENTED_EDGE('',*,*,#5624,.F.);
#8239=ORIENTED_EDGE('',*,*,#5922,.F.);
#8240=ORIENTED_EDGE('',*,*,#4821,.T.);
#8241=ORIENTED_EDGE('',*,*,#5924,.T.);
#8242=ORIENTED_EDGE('',*,*,#5625,.F.);
#8243=ORIENTED_EDGE('',*,*,#5923,.F.);
#8244=ORIENTED_EDGE('',*,*,#4820,.T.);
#8245=ORIENTED_EDGE('',*,*,#5925,.T.);
#8246=ORIENTED_EDGE('',*,*,#5626,.F.);
#8247=ORIENTED_EDGE('',*,*,#5924,.F.);
#8248=ORIENTED_EDGE('',*,*,#4819,.T.);
#8249=ORIENTED_EDGE('',*,*,#5926,.T.);
#8250=ORIENTED_EDGE('',*,*,#5627,.F.);
#8251=ORIENTED_EDGE('',*,*,#5925,.F.);
#8252=ORIENTED_EDGE('',*,*,#4818,.T.);
#8253=ORIENTED_EDGE('',*,*,#5927,.T.);
#8254=ORIENTED_EDGE('',*,*,#5628,.F.);
#8255=ORIENTED_EDGE('',*,*,#5926,.F.);
#8256=ORIENTED_EDGE('',*,*,#4817,.T.);
#8257=ORIENTED_EDGE('',*,*,#5928,.T.);
#8258=ORIENTED_EDGE('',*,*,#5629,.F.);
#8259=ORIENTED_EDGE('',*,*,#5927,.F.);
#8260=ORIENTED_EDGE('',*,*,#4816,.T.);
#8261=ORIENTED_EDGE('',*,*,#5929,.T.);
#8262=ORIENTED_EDGE('',*,*,#5630,.F.);
#8263=ORIENTED_EDGE('',*,*,#5928,.F.);
#8264=ORIENTED_EDGE('',*,*,#4815,.T.);
#8265=ORIENTED_EDGE('',*,*,#5930,.T.);
#8266=ORIENTED_EDGE('',*,*,#5631,.F.);
#8267=ORIENTED_EDGE('',*,*,#5929,.F.);
#8268=ORIENTED_EDGE('',*,*,#4814,.T.);
#8269=ORIENTED_EDGE('',*,*,#4724,.T.);
#8270=ORIENTED_EDGE('',*,*,#5632,.F.);
#8271=ORIENTED_EDGE('',*,*,#5930,.F.);
#8272=ORIENTED_EDGE('',*,*,#4855,.T.);
#8273=ORIENTED_EDGE('',*,*,#5931,.T.);
#8274=ORIENTED_EDGE('',*,*,#5650,.F.);
#8275=ORIENTED_EDGE('',*,*,#5932,.F.);
#8276=ORIENTED_EDGE('',*,*,#4856,.T.);
#8277=ORIENTED_EDGE('',*,*,#5932,.T.);
#8278=ORIENTED_EDGE('',*,*,#5727,.F.);
#8279=ORIENTED_EDGE('',*,*,#5933,.F.);
#8280=ORIENTED_EDGE('',*,*,#4857,.T.);
#8281=ORIENTED_EDGE('',*,*,#5933,.T.);
#8282=ORIENTED_EDGE('',*,*,#5726,.F.);
#8283=ORIENTED_EDGE('',*,*,#5934,.F.);
#8284=ORIENTED_EDGE('',*,*,#4858,.T.);
#8285=ORIENTED_EDGE('',*,*,#5934,.T.);
#8286=ORIENTED_EDGE('',*,*,#5725,.F.);
#8287=ORIENTED_EDGE('',*,*,#5935,.F.);
#8288=ORIENTED_EDGE('',*,*,#4859,.T.);
#8289=ORIENTED_EDGE('',*,*,#5935,.T.);
#8290=ORIENTED_EDGE('',*,*,#5724,.F.);
#8291=ORIENTED_EDGE('',*,*,#5936,.F.);
#8292=ORIENTED_EDGE('',*,*,#4860,.T.);
#8293=ORIENTED_EDGE('',*,*,#5936,.T.);
#8294=ORIENTED_EDGE('',*,*,#5723,.F.);
#8295=ORIENTED_EDGE('',*,*,#5937,.F.);
#8296=ORIENTED_EDGE('',*,*,#4861,.T.);
#8297=ORIENTED_EDGE('',*,*,#5937,.T.);
#8298=ORIENTED_EDGE('',*,*,#5722,.F.);
#8299=ORIENTED_EDGE('',*,*,#5938,.F.);
#8300=ORIENTED_EDGE('',*,*,#4862,.T.);
#8301=ORIENTED_EDGE('',*,*,#5938,.T.);
#8302=ORIENTED_EDGE('',*,*,#5721,.F.);
#8303=ORIENTED_EDGE('',*,*,#5939,.F.);
#8304=ORIENTED_EDGE('',*,*,#4863,.T.);
#8305=ORIENTED_EDGE('',*,*,#5939,.T.);
#8306=ORIENTED_EDGE('',*,*,#5720,.F.);
#8307=ORIENTED_EDGE('',*,*,#5940,.F.);
#8308=ORIENTED_EDGE('',*,*,#4864,.T.);
#8309=ORIENTED_EDGE('',*,*,#5940,.T.);
#8310=ORIENTED_EDGE('',*,*,#5719,.F.);
#8311=ORIENTED_EDGE('',*,*,#5941,.F.);
#8312=ORIENTED_EDGE('',*,*,#4865,.T.);
#8313=ORIENTED_EDGE('',*,*,#5941,.T.);
#8314=ORIENTED_EDGE('',*,*,#5718,.F.);
#8315=ORIENTED_EDGE('',*,*,#5942,.F.);
#8316=ORIENTED_EDGE('',*,*,#4866,.T.);
#8317=ORIENTED_EDGE('',*,*,#5942,.T.);
#8318=ORIENTED_EDGE('',*,*,#5717,.F.);
#8319=ORIENTED_EDGE('',*,*,#5943,.F.);
#8320=ORIENTED_EDGE('',*,*,#4867,.T.);
#8321=ORIENTED_EDGE('',*,*,#5943,.T.);
#8322=ORIENTED_EDGE('',*,*,#5716,.F.);
#8323=ORIENTED_EDGE('',*,*,#5944,.F.);
#8324=ORIENTED_EDGE('',*,*,#4868,.T.);
#8325=ORIENTED_EDGE('',*,*,#5944,.T.);
#8326=ORIENTED_EDGE('',*,*,#5715,.F.);
#8327=ORIENTED_EDGE('',*,*,#5945,.F.);
#8328=ORIENTED_EDGE('',*,*,#4869,.T.);
#8329=ORIENTED_EDGE('',*,*,#5945,.T.);
#8330=ORIENTED_EDGE('',*,*,#5714,.F.);
#8331=ORIENTED_EDGE('',*,*,#5946,.F.);
#8332=ORIENTED_EDGE('',*,*,#4870,.T.);
#8333=ORIENTED_EDGE('',*,*,#5946,.T.);
#8334=ORIENTED_EDGE('',*,*,#5713,.F.);
#8335=ORIENTED_EDGE('',*,*,#5947,.F.);
#8336=ORIENTED_EDGE('',*,*,#4871,.T.);
#8337=ORIENTED_EDGE('',*,*,#5947,.T.);
#8338=ORIENTED_EDGE('',*,*,#5712,.F.);
#8339=ORIENTED_EDGE('',*,*,#5948,.F.);
#8340=ORIENTED_EDGE('',*,*,#4872,.T.);
#8341=ORIENTED_EDGE('',*,*,#5948,.T.);
#8342=ORIENTED_EDGE('',*,*,#5711,.F.);
#8343=ORIENTED_EDGE('',*,*,#5949,.F.);
#8344=ORIENTED_EDGE('',*,*,#4873,.T.);
#8345=ORIENTED_EDGE('',*,*,#5949,.T.);
#8346=ORIENTED_EDGE('',*,*,#5710,.F.);
#8347=ORIENTED_EDGE('',*,*,#5950,.F.);
#8348=ORIENTED_EDGE('',*,*,#4874,.T.);
#8349=ORIENTED_EDGE('',*,*,#5950,.T.);
#8350=ORIENTED_EDGE('',*,*,#5709,.F.);
#8351=ORIENTED_EDGE('',*,*,#5951,.F.);
#8352=ORIENTED_EDGE('',*,*,#4875,.T.);
#8353=ORIENTED_EDGE('',*,*,#5951,.T.);
#8354=ORIENTED_EDGE('',*,*,#5708,.F.);
#8355=ORIENTED_EDGE('',*,*,#5952,.F.);
#8356=ORIENTED_EDGE('',*,*,#4876,.T.);
#8357=ORIENTED_EDGE('',*,*,#5952,.T.);
#8358=ORIENTED_EDGE('',*,*,#5707,.F.);
#8359=ORIENTED_EDGE('',*,*,#5953,.F.);
#8360=ORIENTED_EDGE('',*,*,#4877,.T.);
#8361=ORIENTED_EDGE('',*,*,#5953,.T.);
#8362=ORIENTED_EDGE('',*,*,#5706,.F.);
#8363=ORIENTED_EDGE('',*,*,#5954,.F.);
#8364=ORIENTED_EDGE('',*,*,#4878,.T.);
#8365=ORIENTED_EDGE('',*,*,#5954,.T.);
#8366=ORIENTED_EDGE('',*,*,#5705,.F.);
#8367=ORIENTED_EDGE('',*,*,#5955,.F.);
#8368=ORIENTED_EDGE('',*,*,#4879,.T.);
#8369=ORIENTED_EDGE('',*,*,#5955,.T.);
#8370=ORIENTED_EDGE('',*,*,#5704,.F.);
#8371=ORIENTED_EDGE('',*,*,#5956,.F.);
#8372=ORIENTED_EDGE('',*,*,#4880,.T.);
#8373=ORIENTED_EDGE('',*,*,#5956,.T.);
#8374=ORIENTED_EDGE('',*,*,#5703,.F.);
#8375=ORIENTED_EDGE('',*,*,#5957,.F.);
#8376=ORIENTED_EDGE('',*,*,#4881,.T.);
#8377=ORIENTED_EDGE('',*,*,#5957,.T.);
#8378=ORIENTED_EDGE('',*,*,#5702,.F.);
#8379=ORIENTED_EDGE('',*,*,#5958,.F.);
#8380=ORIENTED_EDGE('',*,*,#4882,.T.);
#8381=ORIENTED_EDGE('',*,*,#5958,.T.);
#8382=ORIENTED_EDGE('',*,*,#5701,.F.);
#8383=ORIENTED_EDGE('',*,*,#5959,.F.);
#8384=ORIENTED_EDGE('',*,*,#4883,.T.);
#8385=ORIENTED_EDGE('',*,*,#5959,.T.);
#8386=ORIENTED_EDGE('',*,*,#5700,.F.);
#8387=ORIENTED_EDGE('',*,*,#5960,.F.);
#8388=ORIENTED_EDGE('',*,*,#4884,.T.);
#8389=ORIENTED_EDGE('',*,*,#5960,.T.);
#8390=ORIENTED_EDGE('',*,*,#5699,.F.);
#8391=ORIENTED_EDGE('',*,*,#5961,.F.);
#8392=ORIENTED_EDGE('',*,*,#4885,.T.);
#8393=ORIENTED_EDGE('',*,*,#5961,.T.);
#8394=ORIENTED_EDGE('',*,*,#5698,.F.);
#8395=ORIENTED_EDGE('',*,*,#5962,.F.);
#8396=ORIENTED_EDGE('',*,*,#4886,.T.);
#8397=ORIENTED_EDGE('',*,*,#5962,.T.);
#8398=ORIENTED_EDGE('',*,*,#5697,.F.);
#8399=ORIENTED_EDGE('',*,*,#5963,.F.);
#8400=ORIENTED_EDGE('',*,*,#4887,.T.);
#8401=ORIENTED_EDGE('',*,*,#5963,.T.);
#8402=ORIENTED_EDGE('',*,*,#5696,.F.);
#8403=ORIENTED_EDGE('',*,*,#5964,.F.);
#8404=ORIENTED_EDGE('',*,*,#4888,.T.);
#8405=ORIENTED_EDGE('',*,*,#5964,.T.);
#8406=ORIENTED_EDGE('',*,*,#5695,.F.);
#8407=ORIENTED_EDGE('',*,*,#5965,.F.);
#8408=ORIENTED_EDGE('',*,*,#4889,.T.);
#8409=ORIENTED_EDGE('',*,*,#5965,.T.);
#8410=ORIENTED_EDGE('',*,*,#5694,.F.);
#8411=ORIENTED_EDGE('',*,*,#5966,.F.);
#8412=ORIENTED_EDGE('',*,*,#4890,.T.);
#8413=ORIENTED_EDGE('',*,*,#5966,.T.);
#8414=ORIENTED_EDGE('',*,*,#5693,.F.);
#8415=ORIENTED_EDGE('',*,*,#5967,.F.);
#8416=ORIENTED_EDGE('',*,*,#4891,.T.);
#8417=ORIENTED_EDGE('',*,*,#5967,.T.);
#8418=ORIENTED_EDGE('',*,*,#5692,.F.);
#8419=ORIENTED_EDGE('',*,*,#5968,.F.);
#8420=ORIENTED_EDGE('',*,*,#5691,.F.);
#8421=ORIENTED_EDGE('',*,*,#5969,.F.);
#8422=ORIENTED_EDGE('',*,*,#4892,.F.);
#8423=ORIENTED_EDGE('',*,*,#5968,.T.);
#8424=ORIENTED_EDGE('',*,*,#4893,.T.);
#8425=ORIENTED_EDGE('',*,*,#5969,.T.);
#8426=ORIENTED_EDGE('',*,*,#5690,.F.);
#8427=ORIENTED_EDGE('',*,*,#5970,.F.);
#8428=ORIENTED_EDGE('',*,*,#4894,.T.);
#8429=ORIENTED_EDGE('',*,*,#5970,.T.);
#8430=ORIENTED_EDGE('',*,*,#5689,.F.);
#8431=ORIENTED_EDGE('',*,*,#5971,.F.);
#8432=ORIENTED_EDGE('',*,*,#4895,.T.);
#8433=ORIENTED_EDGE('',*,*,#5971,.T.);
#8434=ORIENTED_EDGE('',*,*,#5688,.F.);
#8435=ORIENTED_EDGE('',*,*,#5972,.F.);
#8436=ORIENTED_EDGE('',*,*,#4896,.T.);
#8437=ORIENTED_EDGE('',*,*,#5972,.T.);
#8438=ORIENTED_EDGE('',*,*,#5687,.F.);
#8439=ORIENTED_EDGE('',*,*,#5973,.F.);
#8440=ORIENTED_EDGE('',*,*,#4897,.T.);
#8441=ORIENTED_EDGE('',*,*,#5973,.T.);
#8442=ORIENTED_EDGE('',*,*,#5686,.F.);
#8443=ORIENTED_EDGE('',*,*,#5974,.F.);
#8444=ORIENTED_EDGE('',*,*,#4898,.T.);
#8445=ORIENTED_EDGE('',*,*,#5974,.T.);
#8446=ORIENTED_EDGE('',*,*,#5685,.F.);
#8447=ORIENTED_EDGE('',*,*,#5975,.F.);
#8448=ORIENTED_EDGE('',*,*,#4899,.T.);
#8449=ORIENTED_EDGE('',*,*,#5975,.T.);
#8450=ORIENTED_EDGE('',*,*,#5684,.F.);
#8451=ORIENTED_EDGE('',*,*,#5976,.F.);
#8452=ORIENTED_EDGE('',*,*,#4900,.T.);
#8453=ORIENTED_EDGE('',*,*,#5976,.T.);
#8454=ORIENTED_EDGE('',*,*,#5683,.F.);
#8455=ORIENTED_EDGE('',*,*,#5977,.F.);
#8456=ORIENTED_EDGE('',*,*,#4901,.T.);
#8457=ORIENTED_EDGE('',*,*,#5977,.T.);
#8458=ORIENTED_EDGE('',*,*,#5682,.F.);
#8459=ORIENTED_EDGE('',*,*,#5978,.F.);
#8460=ORIENTED_EDGE('',*,*,#4902,.T.);
#8461=ORIENTED_EDGE('',*,*,#5978,.T.);
#8462=ORIENTED_EDGE('',*,*,#5681,.F.);
#8463=ORIENTED_EDGE('',*,*,#5979,.F.);
#8464=ORIENTED_EDGE('',*,*,#4903,.T.);
#8465=ORIENTED_EDGE('',*,*,#5979,.T.);
#8466=ORIENTED_EDGE('',*,*,#5680,.F.);
#8467=ORIENTED_EDGE('',*,*,#5980,.F.);
#8468=ORIENTED_EDGE('',*,*,#4904,.T.);
#8469=ORIENTED_EDGE('',*,*,#5980,.T.);
#8470=ORIENTED_EDGE('',*,*,#5679,.F.);
#8471=ORIENTED_EDGE('',*,*,#5981,.F.);
#8472=ORIENTED_EDGE('',*,*,#4905,.T.);
#8473=ORIENTED_EDGE('',*,*,#5981,.T.);
#8474=ORIENTED_EDGE('',*,*,#5678,.F.);
#8475=ORIENTED_EDGE('',*,*,#5982,.F.);
#8476=ORIENTED_EDGE('',*,*,#4906,.T.);
#8477=ORIENTED_EDGE('',*,*,#5982,.T.);
#8478=ORIENTED_EDGE('',*,*,#5677,.F.);
#8479=ORIENTED_EDGE('',*,*,#5983,.F.);
#8480=ORIENTED_EDGE('',*,*,#4907,.T.);
#8481=ORIENTED_EDGE('',*,*,#5983,.T.);
#8482=ORIENTED_EDGE('',*,*,#5676,.F.);
#8483=ORIENTED_EDGE('',*,*,#5984,.F.);
#8484=ORIENTED_EDGE('',*,*,#4908,.T.);
#8485=ORIENTED_EDGE('',*,*,#5984,.T.);
#8486=ORIENTED_EDGE('',*,*,#5675,.F.);
#8487=ORIENTED_EDGE('',*,*,#5985,.F.);
#8488=ORIENTED_EDGE('',*,*,#4909,.T.);
#8489=ORIENTED_EDGE('',*,*,#5985,.T.);
#8490=ORIENTED_EDGE('',*,*,#5674,.F.);
#8491=ORIENTED_EDGE('',*,*,#5986,.F.);
#8492=ORIENTED_EDGE('',*,*,#4910,.T.);
#8493=ORIENTED_EDGE('',*,*,#5986,.T.);
#8494=ORIENTED_EDGE('',*,*,#5673,.F.);
#8495=ORIENTED_EDGE('',*,*,#5987,.F.);
#8496=ORIENTED_EDGE('',*,*,#4911,.T.);
#8497=ORIENTED_EDGE('',*,*,#5987,.T.);
#8498=ORIENTED_EDGE('',*,*,#5672,.F.);
#8499=ORIENTED_EDGE('',*,*,#5988,.F.);
#8500=ORIENTED_EDGE('',*,*,#4912,.T.);
#8501=ORIENTED_EDGE('',*,*,#5988,.T.);
#8502=ORIENTED_EDGE('',*,*,#5671,.F.);
#8503=ORIENTED_EDGE('',*,*,#5989,.F.);
#8504=ORIENTED_EDGE('',*,*,#4913,.T.);
#8505=ORIENTED_EDGE('',*,*,#5989,.T.);
#8506=ORIENTED_EDGE('',*,*,#5670,.F.);
#8507=ORIENTED_EDGE('',*,*,#5990,.F.);
#8508=ORIENTED_EDGE('',*,*,#4914,.T.);
#8509=ORIENTED_EDGE('',*,*,#5990,.T.);
#8510=ORIENTED_EDGE('',*,*,#5669,.F.);
#8511=ORIENTED_EDGE('',*,*,#5991,.F.);
#8512=ORIENTED_EDGE('',*,*,#4915,.T.);
#8513=ORIENTED_EDGE('',*,*,#5991,.T.);
#8514=ORIENTED_EDGE('',*,*,#5668,.F.);
#8515=ORIENTED_EDGE('',*,*,#5992,.F.);
#8516=ORIENTED_EDGE('',*,*,#4916,.T.);
#8517=ORIENTED_EDGE('',*,*,#5992,.T.);
#8518=ORIENTED_EDGE('',*,*,#5667,.F.);
#8519=ORIENTED_EDGE('',*,*,#5993,.F.);
#8520=ORIENTED_EDGE('',*,*,#4917,.T.);
#8521=ORIENTED_EDGE('',*,*,#5993,.T.);
#8522=ORIENTED_EDGE('',*,*,#5666,.F.);
#8523=ORIENTED_EDGE('',*,*,#5994,.F.);
#8524=ORIENTED_EDGE('',*,*,#4918,.T.);
#8525=ORIENTED_EDGE('',*,*,#5994,.T.);
#8526=ORIENTED_EDGE('',*,*,#5665,.F.);
#8527=ORIENTED_EDGE('',*,*,#5995,.F.);
#8528=ORIENTED_EDGE('',*,*,#4919,.T.);
#8529=ORIENTED_EDGE('',*,*,#5995,.T.);
#8530=ORIENTED_EDGE('',*,*,#5664,.F.);
#8531=ORIENTED_EDGE('',*,*,#5996,.F.);
#8532=ORIENTED_EDGE('',*,*,#4920,.T.);
#8533=ORIENTED_EDGE('',*,*,#5996,.T.);
#8534=ORIENTED_EDGE('',*,*,#5663,.F.);
#8535=ORIENTED_EDGE('',*,*,#5997,.F.);
#8536=ORIENTED_EDGE('',*,*,#4921,.T.);
#8537=ORIENTED_EDGE('',*,*,#5997,.T.);
#8538=ORIENTED_EDGE('',*,*,#5662,.F.);
#8539=ORIENTED_EDGE('',*,*,#5998,.F.);
#8540=ORIENTED_EDGE('',*,*,#4922,.T.);
#8541=ORIENTED_EDGE('',*,*,#5998,.T.);
#8542=ORIENTED_EDGE('',*,*,#5661,.F.);
#8543=ORIENTED_EDGE('',*,*,#5999,.F.);
#8544=ORIENTED_EDGE('',*,*,#4923,.T.);
#8545=ORIENTED_EDGE('',*,*,#5999,.T.);
#8546=ORIENTED_EDGE('',*,*,#5660,.F.);
#8547=ORIENTED_EDGE('',*,*,#6000,.F.);
#8548=ORIENTED_EDGE('',*,*,#4924,.T.);
#8549=ORIENTED_EDGE('',*,*,#6000,.T.);
#8550=ORIENTED_EDGE('',*,*,#5659,.F.);
#8551=ORIENTED_EDGE('',*,*,#6001,.F.);
#8552=ORIENTED_EDGE('',*,*,#4925,.T.);
#8553=ORIENTED_EDGE('',*,*,#6001,.T.);
#8554=ORIENTED_EDGE('',*,*,#5658,.F.);
#8555=ORIENTED_EDGE('',*,*,#6002,.F.);
#8556=ORIENTED_EDGE('',*,*,#4926,.T.);
#8557=ORIENTED_EDGE('',*,*,#6002,.T.);
#8558=ORIENTED_EDGE('',*,*,#5657,.F.);
#8559=ORIENTED_EDGE('',*,*,#6003,.F.);
#8560=ORIENTED_EDGE('',*,*,#4927,.T.);
#8561=ORIENTED_EDGE('',*,*,#6003,.T.);
#8562=ORIENTED_EDGE('',*,*,#5656,.F.);
#8563=ORIENTED_EDGE('',*,*,#6004,.F.);
#8564=ORIENTED_EDGE('',*,*,#4928,.T.);
#8565=ORIENTED_EDGE('',*,*,#6004,.T.);
#8566=ORIENTED_EDGE('',*,*,#5655,.F.);
#8567=ORIENTED_EDGE('',*,*,#6005,.F.);
#8568=ORIENTED_EDGE('',*,*,#4929,.T.);
#8569=ORIENTED_EDGE('',*,*,#6005,.T.);
#8570=ORIENTED_EDGE('',*,*,#5654,.F.);
#8571=ORIENTED_EDGE('',*,*,#6006,.F.);
#8572=ORIENTED_EDGE('',*,*,#4930,.T.);
#8573=ORIENTED_EDGE('',*,*,#6006,.T.);
#8574=ORIENTED_EDGE('',*,*,#5653,.F.);
#8575=ORIENTED_EDGE('',*,*,#6007,.F.);
#8576=ORIENTED_EDGE('',*,*,#5652,.F.);
#8577=ORIENTED_EDGE('',*,*,#6008,.F.);
#8578=ORIENTED_EDGE('',*,*,#4931,.F.);
#8579=ORIENTED_EDGE('',*,*,#6007,.T.);
#8580=ORIENTED_EDGE('',*,*,#4932,.T.);
#8581=ORIENTED_EDGE('',*,*,#6008,.T.);
#8582=ORIENTED_EDGE('',*,*,#5651,.F.);
#8583=ORIENTED_EDGE('',*,*,#5931,.F.);
#8584=ORIENTED_EDGE('',*,*,#5006,.T.);
#8585=ORIENTED_EDGE('',*,*,#6009,.T.);
#8586=ORIENTED_EDGE('',*,*,#5764,.F.);
#8587=ORIENTED_EDGE('',*,*,#6010,.F.);
#8588=ORIENTED_EDGE('',*,*,#5007,.T.);
#8589=ORIENTED_EDGE('',*,*,#6010,.T.);
#8590=ORIENTED_EDGE('',*,*,#5790,.F.);
#8591=ORIENTED_EDGE('',*,*,#6011,.F.);
#8592=ORIENTED_EDGE('',*,*,#5008,.T.);
#8593=ORIENTED_EDGE('',*,*,#6011,.T.);
#8594=ORIENTED_EDGE('',*,*,#5789,.F.);
#8595=ORIENTED_EDGE('',*,*,#6012,.F.);
#8596=ORIENTED_EDGE('',*,*,#5009,.T.);
#8597=ORIENTED_EDGE('',*,*,#6012,.T.);
#8598=ORIENTED_EDGE('',*,*,#5788,.F.);
#8599=ORIENTED_EDGE('',*,*,#6013,.F.);
#8600=ORIENTED_EDGE('',*,*,#5010,.T.);
#8601=ORIENTED_EDGE('',*,*,#6013,.T.);
#8602=ORIENTED_EDGE('',*,*,#5787,.F.);
#8603=ORIENTED_EDGE('',*,*,#6014,.F.);
#8604=ORIENTED_EDGE('',*,*,#5011,.T.);
#8605=ORIENTED_EDGE('',*,*,#6014,.T.);
#8606=ORIENTED_EDGE('',*,*,#5786,.F.);
#8607=ORIENTED_EDGE('',*,*,#6015,.F.);
#8608=ORIENTED_EDGE('',*,*,#5012,.T.);
#8609=ORIENTED_EDGE('',*,*,#6015,.T.);
#8610=ORIENTED_EDGE('',*,*,#5785,.F.);
#8611=ORIENTED_EDGE('',*,*,#6016,.F.);
#8612=ORIENTED_EDGE('',*,*,#5013,.T.);
#8613=ORIENTED_EDGE('',*,*,#6016,.T.);
#8614=ORIENTED_EDGE('',*,*,#5784,.F.);
#8615=ORIENTED_EDGE('',*,*,#6017,.F.);
#8616=ORIENTED_EDGE('',*,*,#5014,.T.);
#8617=ORIENTED_EDGE('',*,*,#6017,.T.);
#8618=ORIENTED_EDGE('',*,*,#5783,.F.);
#8619=ORIENTED_EDGE('',*,*,#6018,.F.);
#8620=ORIENTED_EDGE('',*,*,#5015,.T.);
#8621=ORIENTED_EDGE('',*,*,#6018,.T.);
#8622=ORIENTED_EDGE('',*,*,#5782,.F.);
#8623=ORIENTED_EDGE('',*,*,#6019,.F.);
#8624=ORIENTED_EDGE('',*,*,#5016,.T.);
#8625=ORIENTED_EDGE('',*,*,#6019,.T.);
#8626=ORIENTED_EDGE('',*,*,#5781,.F.);
#8627=ORIENTED_EDGE('',*,*,#6020,.F.);
#8628=ORIENTED_EDGE('',*,*,#5017,.T.);
#8629=ORIENTED_EDGE('',*,*,#6020,.T.);
#8630=ORIENTED_EDGE('',*,*,#5780,.F.);
#8631=ORIENTED_EDGE('',*,*,#6021,.F.);
#8632=ORIENTED_EDGE('',*,*,#5018,.T.);
#8633=ORIENTED_EDGE('',*,*,#6021,.T.);
#8634=ORIENTED_EDGE('',*,*,#5779,.F.);
#8635=ORIENTED_EDGE('',*,*,#6022,.F.);
#8636=ORIENTED_EDGE('',*,*,#5019,.T.);
#8637=ORIENTED_EDGE('',*,*,#6022,.T.);
#8638=ORIENTED_EDGE('',*,*,#5778,.F.);
#8639=ORIENTED_EDGE('',*,*,#6023,.F.);
#8640=ORIENTED_EDGE('',*,*,#5020,.T.);
#8641=ORIENTED_EDGE('',*,*,#6023,.T.);
#8642=ORIENTED_EDGE('',*,*,#5777,.F.);
#8643=ORIENTED_EDGE('',*,*,#6024,.F.);
#8644=ORIENTED_EDGE('',*,*,#5021,.T.);
#8645=ORIENTED_EDGE('',*,*,#6024,.T.);
#8646=ORIENTED_EDGE('',*,*,#5776,.F.);
#8647=ORIENTED_EDGE('',*,*,#6025,.F.);
#8648=ORIENTED_EDGE('',*,*,#5022,.T.);
#8649=ORIENTED_EDGE('',*,*,#6025,.T.);
#8650=ORIENTED_EDGE('',*,*,#5775,.F.);
#8651=ORIENTED_EDGE('',*,*,#6026,.F.);
#8652=ORIENTED_EDGE('',*,*,#5023,.T.);
#8653=ORIENTED_EDGE('',*,*,#6026,.T.);
#8654=ORIENTED_EDGE('',*,*,#5774,.F.);
#8655=ORIENTED_EDGE('',*,*,#6027,.F.);
#8656=ORIENTED_EDGE('',*,*,#5024,.T.);
#8657=ORIENTED_EDGE('',*,*,#6027,.T.);
#8658=ORIENTED_EDGE('',*,*,#5773,.F.);
#8659=ORIENTED_EDGE('',*,*,#6028,.F.);
#8660=ORIENTED_EDGE('',*,*,#5025,.T.);
#8661=ORIENTED_EDGE('',*,*,#6028,.T.);
#8662=ORIENTED_EDGE('',*,*,#5772,.F.);
#8663=ORIENTED_EDGE('',*,*,#6029,.F.);
#8664=ORIENTED_EDGE('',*,*,#5026,.T.);
#8665=ORIENTED_EDGE('',*,*,#6029,.T.);
#8666=ORIENTED_EDGE('',*,*,#5771,.F.);
#8667=ORIENTED_EDGE('',*,*,#6030,.F.);
#8668=ORIENTED_EDGE('',*,*,#5027,.T.);
#8669=ORIENTED_EDGE('',*,*,#6030,.T.);
#8670=ORIENTED_EDGE('',*,*,#5770,.F.);
#8671=ORIENTED_EDGE('',*,*,#6031,.F.);
#8672=ORIENTED_EDGE('',*,*,#5028,.T.);
#8673=ORIENTED_EDGE('',*,*,#6031,.T.);
#8674=ORIENTED_EDGE('',*,*,#5769,.F.);
#8675=ORIENTED_EDGE('',*,*,#6032,.F.);
#8676=ORIENTED_EDGE('',*,*,#5029,.T.);
#8677=ORIENTED_EDGE('',*,*,#6032,.T.);
#8678=ORIENTED_EDGE('',*,*,#5768,.F.);
#8679=ORIENTED_EDGE('',*,*,#6033,.F.);
#8680=ORIENTED_EDGE('',*,*,#5030,.T.);
#8681=ORIENTED_EDGE('',*,*,#6033,.T.);
#8682=ORIENTED_EDGE('',*,*,#5767,.F.);
#8683=ORIENTED_EDGE('',*,*,#6034,.F.);
#8684=ORIENTED_EDGE('',*,*,#5031,.T.);
#8685=ORIENTED_EDGE('',*,*,#6034,.T.);
#8686=ORIENTED_EDGE('',*,*,#5766,.F.);
#8687=ORIENTED_EDGE('',*,*,#6035,.F.);
#8688=ORIENTED_EDGE('',*,*,#5032,.T.);
#8689=ORIENTED_EDGE('',*,*,#6035,.T.);
#8690=ORIENTED_EDGE('',*,*,#5765,.F.);
#8691=ORIENTED_EDGE('',*,*,#6009,.F.);
#8692=ORIENTED_EDGE('',*,*,#4933,.T.);
#8693=ORIENTED_EDGE('',*,*,#6036,.T.);
#8694=ORIENTED_EDGE('',*,*,#5728,.F.);
#8695=ORIENTED_EDGE('',*,*,#6037,.F.);
#8696=ORIENTED_EDGE('',*,*,#4934,.T.);
#8697=ORIENTED_EDGE('',*,*,#6037,.T.);
#8698=ORIENTED_EDGE('',*,*,#5763,.F.);
#8699=ORIENTED_EDGE('',*,*,#6038,.F.);
#8700=ORIENTED_EDGE('',*,*,#4935,.T.);
#8701=ORIENTED_EDGE('',*,*,#6038,.T.);
#8702=ORIENTED_EDGE('',*,*,#5762,.F.);
#8703=ORIENTED_EDGE('',*,*,#6039,.F.);
#8704=ORIENTED_EDGE('',*,*,#4936,.T.);
#8705=ORIENTED_EDGE('',*,*,#6039,.T.);
#8706=ORIENTED_EDGE('',*,*,#5761,.F.);
#8707=ORIENTED_EDGE('',*,*,#6040,.F.);
#8708=ORIENTED_EDGE('',*,*,#4937,.T.);
#8709=ORIENTED_EDGE('',*,*,#6040,.T.);
#8710=ORIENTED_EDGE('',*,*,#5760,.F.);
#8711=ORIENTED_EDGE('',*,*,#6041,.F.);
#8712=ORIENTED_EDGE('',*,*,#4938,.T.);
#8713=ORIENTED_EDGE('',*,*,#6041,.T.);
#8714=ORIENTED_EDGE('',*,*,#5759,.F.);
#8715=ORIENTED_EDGE('',*,*,#6042,.F.);
#8716=ORIENTED_EDGE('',*,*,#4939,.T.);
#8717=ORIENTED_EDGE('',*,*,#6042,.T.);
#8718=ORIENTED_EDGE('',*,*,#5758,.F.);
#8719=ORIENTED_EDGE('',*,*,#6043,.F.);
#8720=ORIENTED_EDGE('',*,*,#4940,.T.);
#8721=ORIENTED_EDGE('',*,*,#6043,.T.);
#8722=ORIENTED_EDGE('',*,*,#5757,.F.);
#8723=ORIENTED_EDGE('',*,*,#6044,.F.);
#8724=ORIENTED_EDGE('',*,*,#4941,.T.);
#8725=ORIENTED_EDGE('',*,*,#6044,.T.);
#8726=ORIENTED_EDGE('',*,*,#5756,.F.);
#8727=ORIENTED_EDGE('',*,*,#6045,.F.);
#8728=ORIENTED_EDGE('',*,*,#4942,.T.);
#8729=ORIENTED_EDGE('',*,*,#6045,.T.);
#8730=ORIENTED_EDGE('',*,*,#5755,.F.);
#8731=ORIENTED_EDGE('',*,*,#6046,.F.);
#8732=ORIENTED_EDGE('',*,*,#4943,.T.);
#8733=ORIENTED_EDGE('',*,*,#6046,.T.);
#8734=ORIENTED_EDGE('',*,*,#5754,.F.);
#8735=ORIENTED_EDGE('',*,*,#6047,.F.);
#8736=ORIENTED_EDGE('',*,*,#4944,.T.);
#8737=ORIENTED_EDGE('',*,*,#6047,.T.);
#8738=ORIENTED_EDGE('',*,*,#5753,.F.);
#8739=ORIENTED_EDGE('',*,*,#6048,.F.);
#8740=ORIENTED_EDGE('',*,*,#4945,.T.);
#8741=ORIENTED_EDGE('',*,*,#6048,.T.);
#8742=ORIENTED_EDGE('',*,*,#5752,.F.);
#8743=ORIENTED_EDGE('',*,*,#6049,.F.);
#8744=ORIENTED_EDGE('',*,*,#4946,.T.);
#8745=ORIENTED_EDGE('',*,*,#6049,.T.);
#8746=ORIENTED_EDGE('',*,*,#5751,.F.);
#8747=ORIENTED_EDGE('',*,*,#6050,.F.);
#8748=ORIENTED_EDGE('',*,*,#4947,.T.);
#8749=ORIENTED_EDGE('',*,*,#6050,.T.);
#8750=ORIENTED_EDGE('',*,*,#5750,.F.);
#8751=ORIENTED_EDGE('',*,*,#6051,.F.);
#8752=ORIENTED_EDGE('',*,*,#4948,.T.);
#8753=ORIENTED_EDGE('',*,*,#6051,.T.);
#8754=ORIENTED_EDGE('',*,*,#5749,.F.);
#8755=ORIENTED_EDGE('',*,*,#6052,.F.);
#8756=ORIENTED_EDGE('',*,*,#4949,.T.);
#8757=ORIENTED_EDGE('',*,*,#6052,.T.);
#8758=ORIENTED_EDGE('',*,*,#5748,.F.);
#8759=ORIENTED_EDGE('',*,*,#6053,.F.);
#8760=ORIENTED_EDGE('',*,*,#4950,.T.);
#8761=ORIENTED_EDGE('',*,*,#6053,.T.);
#8762=ORIENTED_EDGE('',*,*,#5747,.F.);
#8763=ORIENTED_EDGE('',*,*,#6054,.F.);
#8764=ORIENTED_EDGE('',*,*,#4951,.T.);
#8765=ORIENTED_EDGE('',*,*,#6054,.T.);
#8766=ORIENTED_EDGE('',*,*,#5746,.F.);
#8767=ORIENTED_EDGE('',*,*,#6055,.F.);
#8768=ORIENTED_EDGE('',*,*,#4952,.T.);
#8769=ORIENTED_EDGE('',*,*,#6055,.T.);
#8770=ORIENTED_EDGE('',*,*,#5745,.F.);
#8771=ORIENTED_EDGE('',*,*,#6056,.F.);
#8772=ORIENTED_EDGE('',*,*,#4953,.T.);
#8773=ORIENTED_EDGE('',*,*,#6056,.T.);
#8774=ORIENTED_EDGE('',*,*,#5744,.F.);
#8775=ORIENTED_EDGE('',*,*,#6057,.F.);
#8776=ORIENTED_EDGE('',*,*,#4954,.T.);
#8777=ORIENTED_EDGE('',*,*,#6057,.T.);
#8778=ORIENTED_EDGE('',*,*,#5743,.F.);
#8779=ORIENTED_EDGE('',*,*,#6058,.F.);
#8780=ORIENTED_EDGE('',*,*,#4955,.T.);
#8781=ORIENTED_EDGE('',*,*,#6058,.T.);
#8782=ORIENTED_EDGE('',*,*,#5742,.F.);
#8783=ORIENTED_EDGE('',*,*,#6059,.F.);
#8784=ORIENTED_EDGE('',*,*,#4956,.T.);
#8785=ORIENTED_EDGE('',*,*,#6059,.T.);
#8786=ORIENTED_EDGE('',*,*,#5741,.F.);
#8787=ORIENTED_EDGE('',*,*,#6060,.F.);
#8788=ORIENTED_EDGE('',*,*,#4957,.T.);
#8789=ORIENTED_EDGE('',*,*,#6060,.T.);
#8790=ORIENTED_EDGE('',*,*,#5740,.F.);
#8791=ORIENTED_EDGE('',*,*,#6061,.F.);
#8792=ORIENTED_EDGE('',*,*,#4958,.T.);
#8793=ORIENTED_EDGE('',*,*,#6061,.T.);
#8794=ORIENTED_EDGE('',*,*,#5739,.F.);
#8795=ORIENTED_EDGE('',*,*,#6062,.F.);
#8796=ORIENTED_EDGE('',*,*,#4959,.T.);
#8797=ORIENTED_EDGE('',*,*,#6062,.T.);
#8798=ORIENTED_EDGE('',*,*,#5738,.F.);
#8799=ORIENTED_EDGE('',*,*,#6063,.F.);
#8800=ORIENTED_EDGE('',*,*,#4960,.T.);
#8801=ORIENTED_EDGE('',*,*,#6063,.T.);
#8802=ORIENTED_EDGE('',*,*,#5737,.F.);
#8803=ORIENTED_EDGE('',*,*,#6064,.F.);
#8804=ORIENTED_EDGE('',*,*,#4961,.T.);
#8805=ORIENTED_EDGE('',*,*,#6064,.T.);
#8806=ORIENTED_EDGE('',*,*,#5736,.F.);
#8807=ORIENTED_EDGE('',*,*,#6065,.F.);
#8808=ORIENTED_EDGE('',*,*,#4962,.T.);
#8809=ORIENTED_EDGE('',*,*,#6065,.T.);
#8810=ORIENTED_EDGE('',*,*,#5735,.F.);
#8811=ORIENTED_EDGE('',*,*,#6066,.F.);
#8812=ORIENTED_EDGE('',*,*,#4963,.T.);
#8813=ORIENTED_EDGE('',*,*,#6066,.T.);
#8814=ORIENTED_EDGE('',*,*,#5734,.F.);
#8815=ORIENTED_EDGE('',*,*,#6067,.F.);
#8816=ORIENTED_EDGE('',*,*,#4964,.T.);
#8817=ORIENTED_EDGE('',*,*,#6067,.T.);
#8818=ORIENTED_EDGE('',*,*,#5733,.F.);
#8819=ORIENTED_EDGE('',*,*,#6068,.F.);
#8820=ORIENTED_EDGE('',*,*,#4965,.T.);
#8821=ORIENTED_EDGE('',*,*,#6068,.T.);
#8822=ORIENTED_EDGE('',*,*,#5732,.F.);
#8823=ORIENTED_EDGE('',*,*,#6069,.F.);
#8824=ORIENTED_EDGE('',*,*,#4966,.T.);
#8825=ORIENTED_EDGE('',*,*,#6069,.T.);
#8826=ORIENTED_EDGE('',*,*,#5731,.F.);
#8827=ORIENTED_EDGE('',*,*,#6070,.F.);
#8828=ORIENTED_EDGE('',*,*,#4967,.T.);
#8829=ORIENTED_EDGE('',*,*,#6070,.T.);
#8830=ORIENTED_EDGE('',*,*,#5730,.F.);
#8831=ORIENTED_EDGE('',*,*,#6071,.F.);
#8832=ORIENTED_EDGE('',*,*,#4968,.T.);
#8833=ORIENTED_EDGE('',*,*,#6071,.T.);
#8834=ORIENTED_EDGE('',*,*,#5729,.F.);
#8835=ORIENTED_EDGE('',*,*,#6036,.F.);
#8836=ORIENTED_EDGE('',*,*,#4969,.T.);
#8837=ORIENTED_EDGE('',*,*,#6072,.T.);
#8838=ORIENTED_EDGE('',*,*,#5791,.F.);
#8839=ORIENTED_EDGE('',*,*,#6073,.F.);
#8840=ORIENTED_EDGE('',*,*,#4970,.T.);
#8841=ORIENTED_EDGE('',*,*,#6073,.T.);
#8842=ORIENTED_EDGE('',*,*,#5800,.F.);
#8843=ORIENTED_EDGE('',*,*,#6074,.F.);
#8844=ORIENTED_EDGE('',*,*,#4971,.T.);
#8845=ORIENTED_EDGE('',*,*,#6074,.T.);
#8846=ORIENTED_EDGE('',*,*,#5799,.F.);
#8847=ORIENTED_EDGE('',*,*,#6075,.F.);
#8848=ORIENTED_EDGE('',*,*,#4972,.T.);
#8849=ORIENTED_EDGE('',*,*,#6075,.T.);
#8850=ORIENTED_EDGE('',*,*,#5798,.F.);
#8851=ORIENTED_EDGE('',*,*,#6076,.F.);
#8852=ORIENTED_EDGE('',*,*,#4973,.T.);
#8853=ORIENTED_EDGE('',*,*,#6076,.T.);
#8854=ORIENTED_EDGE('',*,*,#5797,.F.);
#8855=ORIENTED_EDGE('',*,*,#6077,.F.);
#8856=ORIENTED_EDGE('',*,*,#4974,.T.);
#8857=ORIENTED_EDGE('',*,*,#6077,.T.);
#8858=ORIENTED_EDGE('',*,*,#5796,.F.);
#8859=ORIENTED_EDGE('',*,*,#6078,.F.);
#8860=ORIENTED_EDGE('',*,*,#4975,.T.);
#8861=ORIENTED_EDGE('',*,*,#6078,.T.);
#8862=ORIENTED_EDGE('',*,*,#5795,.F.);
#8863=ORIENTED_EDGE('',*,*,#6079,.F.);
#8864=ORIENTED_EDGE('',*,*,#4976,.T.);
#8865=ORIENTED_EDGE('',*,*,#6079,.T.);
#8866=ORIENTED_EDGE('',*,*,#5794,.F.);
#8867=ORIENTED_EDGE('',*,*,#6080,.F.);
#8868=ORIENTED_EDGE('',*,*,#4977,.T.);
#8869=ORIENTED_EDGE('',*,*,#6080,.T.);
#8870=ORIENTED_EDGE('',*,*,#5793,.F.);
#8871=ORIENTED_EDGE('',*,*,#6081,.F.);
#8872=ORIENTED_EDGE('',*,*,#4978,.T.);
#8873=ORIENTED_EDGE('',*,*,#6081,.T.);
#8874=ORIENTED_EDGE('',*,*,#5792,.F.);
#8875=ORIENTED_EDGE('',*,*,#6072,.F.);
#8876=PLANE('',#10358);
#8877=PLANE('',#10359);
#8878=PLANE('',#10360);
#8879=PLANE('',#10361);
#8880=PLANE('',#10362);
#8881=PLANE('',#10363);
#8882=PLANE('',#10364);
#8883=PLANE('',#10365);
#8884=PLANE('',#10366);
#8885=PLANE('',#10367);
#8886=PLANE('',#10368);
#8887=PLANE('',#10369);
#8888=PLANE('',#10370);
#8889=PLANE('',#10371);
#8890=PLANE('',#10372);
#8891=PLANE('',#10373);
#8892=PLANE('',#10374);
#8893=PLANE('',#10375);
#8894=PLANE('',#10380);
#8895=PLANE('',#10381);
#8896=PLANE('',#10382);
#8897=PLANE('',#10383);
#8898=PLANE('',#10386);
#8899=PLANE('',#10387);
#8900=PLANE('',#10388);
#8901=PLANE('',#10389);
#8902=PLANE('',#10391);
#8903=PLANE('',#10392);
#8904=PLANE('',#10398);
#8905=PLANE('',#10399);
#8906=PLANE('',#10400);
#8907=PLANE('',#10401);
#8908=PLANE('',#10402);
#8909=PLANE('',#10403);
#8910=PLANE('',#10404);
#8911=PLANE('',#10405);
#8912=PLANE('',#10406);
#8913=PLANE('',#10407);
#8914=PLANE('',#10414);
#8915=PLANE('',#10415);
#8916=PLANE('',#10416);
#8917=PLANE('',#10417);
#8918=PLANE('',#10418);
#8919=PLANE('',#10419);
#8920=PLANE('',#10420);
#8921=PLANE('',#10421);
#8922=PLANE('',#10422);
#8923=PLANE('',#10423);
#8924=PLANE('',#10424);
#8925=PLANE('',#10425);
#8926=PLANE('',#10426);
#8927=PLANE('',#10427);
#8928=PLANE('',#10428);
#8929=PLANE('',#10429);
#8930=PLANE('',#10430);
#8931=PLANE('',#10431);
#8932=PLANE('',#10432);
#8933=PLANE('',#10433);
#8934=PLANE('',#10435);
#8935=PLANE('',#10438);
#8936=PLANE('',#10442);
#8937=PLANE('',#10445);
#8938=PLANE('',#10446);
#8939=PLANE('',#10447);
#8940=PLANE('',#10448);
#8941=PLANE('',#10449);
#8942=PLANE('',#10455);
#8943=PLANE('',#10465);
#8944=PLANE('',#10466);
#8945=PLANE('',#10467);
#8946=PLANE('',#10470);
#8947=PLANE('',#10471);
#8948=PLANE('',#10474);
#8949=PLANE('',#10484);
#8950=PLANE('',#10485);
#8951=PLANE('',#10486);
#8952=PLANE('',#10487);
#8953=PLANE('',#10488);
#8954=PLANE('',#10493);
#8955=PLANE('',#10503);
#8956=PLANE('',#10504);
#8957=PLANE('',#10505);
#8958=PLANE('',#10508);
#8959=PLANE('',#10509);
#8960=PLANE('',#10512);
#8961=PLANE('',#10513);
#8962=PLANE('',#10519);
#8963=PLANE('',#10526);
#8964=PLANE('',#10528);
#8965=PLANE('',#10529);
#8966=PLANE('',#10531);
#8967=PLANE('',#10537);
#8968=PLANE('',#10538);
#8969=PLANE('',#10540);
#8970=PLANE('',#10548);
#8971=PLANE('',#10549);
#8972=PLANE('',#10554);
#8973=PLANE('',#10555);
#8974=PLANE('',#10581);
#8975=PLANE('',#10589);
#8976=PLANE('',#10597);
#8977=PLANE('',#10599);
#8978=PLANE('',#10600);
#8979=PLANE('',#10603);
#8980=PLANE('',#10605);
#8981=PLANE('',#10611);
#8982=PLANE('',#10612);
#8983=PLANE('',#10619);
#8984=PLANE('',#10620);
#8985=PLANE('',#10622);
#8986=PLANE('',#10623);
#8987=PLANE('',#10631);
#8988=PLANE('',#10632);
#8989=PLANE('',#10633);
#8990=PLANE('',#10634);
#8991=PLANE('',#10635);
#8992=PLANE('',#10637);
#8993=PLANE('',#10639);
#8994=PLANE('',#10641);
#8995=PLANE('',#10643);
#8996=PLANE('',#10644);
#8997=PLANE('',#10645);
#8998=PLANE('',#10648);
#8999=PLANE('',#10649);
#9000=PLANE('',#10654);
#9001=PLANE('',#10656);
#9002=PLANE('',#10658);
#9003=PLANE('',#10660);
#9004=PLANE('',#10664);
#9005=PLANE('',#10668);
#9006=PLANE('',#10670);
#9007=PLANE('',#10672);
#9008=PLANE('',#10674);
#9009=PLANE('',#10677);
#9010=PLANE('',#10683);
#9011=PLANE('',#10685);
#9012=PLANE('',#10687);
#9013=PLANE('',#10688);
#9014=PLANE('',#10690);
#9015=PLANE('',#10693);
#9016=PLANE('',#10699);
#9017=PLANE('',#10701);
#9018=PLANE('',#10703);
#9019=PLANE('',#10705);
#9020=PLANE('',#10706);
#9021=PLANE('',#10707);
#9022=PLANE('',#10708);
#9023=PLANE('',#10709);
#9024=PLANE('',#10710);
#9025=PLANE('',#10711);
#9026=PLANE('',#10712);
#9027=PLANE('',#10713);
#9028=PLANE('',#10714);
#9029=PLANE('',#10715);
#9030=PLANE('',#10716);
#9031=PLANE('',#10717);
#9032=PLANE('',#10718);
#9033=PLANE('',#10719);
#9034=PLANE('',#10720);
#9035=PLANE('',#10721);
#9036=PLANE('',#10722);
#9037=PLANE('',#10723);
#9038=PLANE('',#10724);
#9039=PLANE('',#10725);
#9040=PLANE('',#10726);
#9041=PLANE('',#10727);
#9042=PLANE('',#10728);
#9043=PLANE('',#10729);
#9044=PLANE('',#10730);
#9045=PLANE('',#10731);
#9046=PLANE('',#10732);
#9047=PLANE('',#10733);
#9048=PLANE('',#10734);
#9049=PLANE('',#10735);
#9050=PLANE('',#10736);
#9051=PLANE('',#10737);
#9052=PLANE('',#10738);
#9053=PLANE('',#10739);
#9054=PLANE('',#10740);
#9055=PLANE('',#10741);
#9056=PLANE('',#10742);
#9057=PLANE('',#10743);
#9058=PLANE('',#10744);
#9059=PLANE('',#10745);
#9060=PLANE('',#10746);
#9061=PLANE('',#10747);
#9062=PLANE('',#10748);
#9063=PLANE('',#10749);
#9064=PLANE('',#10750);
#9065=PLANE('',#10751);
#9066=PLANE('',#10752);
#9067=PLANE('',#10753);
#9068=PLANE('',#10754);
#9069=PLANE('',#10755);
#9070=PLANE('',#10756);
#9071=PLANE('',#10757);
#9072=PLANE('',#10758);
#9073=PLANE('',#10759);
#9074=PLANE('',#10760);
#9075=PLANE('',#10761);
#9076=PLANE('',#10762);
#9077=PLANE('',#10763);
#9078=PLANE('',#10764);
#9079=PLANE('',#10765);
#9080=PLANE('',#10766);
#9081=PLANE('',#10767);
#9082=PLANE('',#10768);
#9083=PLANE('',#10769);
#9084=PLANE('',#10770);
#9085=PLANE('',#10771);
#9086=PLANE('',#10772);
#9087=PLANE('',#10773);
#9088=PLANE('',#10774);
#9089=PLANE('',#10775);
#9090=PLANE('',#10776);
#9091=PLANE('',#10777);
#9092=PLANE('',#10778);
#9093=PLANE('',#10779);
#9094=PLANE('',#10780);
#9095=PLANE('',#10781);
#9096=PLANE('',#10782);
#9097=PLANE('',#10783);
#9098=PLANE('',#10784);
#9099=PLANE('',#10785);
#9100=PLANE('',#10786);
#9101=PLANE('',#10787);
#9102=PLANE('',#10788);
#9103=PLANE('',#10789);
#9104=PLANE('',#10790);
#9105=PLANE('',#10791);
#9106=PLANE('',#10792);
#9107=PLANE('',#10793);
#9108=PLANE('',#10794);
#9109=PLANE('',#10795);
#9110=PLANE('',#10796);
#9111=PLANE('',#10797);
#9112=PLANE('',#10798);
#9113=PLANE('',#10799);
#9114=PLANE('',#10800);
#9115=PLANE('',#10801);
#9116=PLANE('',#10802);
#9117=PLANE('',#10803);
#9118=PLANE('',#10804);
#9119=PLANE('',#10805);
#9120=PLANE('',#10806);
#9121=PLANE('',#10807);
#9122=PLANE('',#10808);
#9123=PLANE('',#10809);
#9124=PLANE('',#10810);
#9125=PLANE('',#10811);
#9126=PLANE('',#10812);
#9127=PLANE('',#10813);
#9128=PLANE('',#10814);
#9129=PLANE('',#10815);
#9130=PLANE('',#10816);
#9131=PLANE('',#10817);
#9132=PLANE('',#10818);
#9133=PLANE('',#10819);
#9134=PLANE('',#10820);
#9135=PLANE('',#10821);
#9136=PLANE('',#10822);
#9137=PLANE('',#10823);
#9138=PLANE('',#10824);
#9139=PLANE('',#10825);
#9140=PLANE('',#10826);
#9141=PLANE('',#10827);
#9142=PLANE('',#10828);
#9143=PLANE('',#10829);
#9144=PLANE('',#10830);
#9145=PLANE('',#10831);
#9146=PLANE('',#10832);
#9147=PLANE('',#10833);
#9148=PLANE('',#10834);
#9149=PLANE('',#10835);
#9150=PLANE('',#10836);
#9151=PLANE('',#10837);
#9152=PLANE('',#10838);
#9153=PLANE('',#10839);
#9154=PLANE('',#10840);
#9155=PLANE('',#10841);
#9156=PLANE('',#10842);
#9157=PLANE('',#10843);
#9158=PLANE('',#10844);
#9159=PLANE('',#10845);
#9160=PLANE('',#10846);
#9161=PLANE('',#10847);
#9162=PLANE('',#10848);
#9163=PLANE('',#10849);
#9164=PLANE('',#10850);
#9165=PLANE('',#10851);
#9166=PLANE('',#10852);
#9167=PLANE('',#10853);
#9168=PLANE('',#10854);
#9169=PLANE('',#10855);
#9170=PLANE('',#10856);
#9171=PLANE('',#10857);
#9172=PLANE('',#10858);
#9173=PLANE('',#10859);
#9174=PLANE('',#10860);
#9175=PLANE('',#10861);
#9176=PLANE('',#10862);
#9177=PLANE('',#10863);
#9178=PLANE('',#10864);
#9179=PLANE('',#10865);
#9180=PLANE('',#10866);
#9181=PLANE('',#10867);
#9182=PLANE('',#10868);
#9183=PLANE('',#10869);
#9184=PLANE('',#10870);
#9185=PLANE('',#10871);
#9186=PLANE('',#10872);
#9187=PLANE('',#10873);
#9188=PLANE('',#10874);
#9189=PLANE('',#10875);
#9190=PLANE('',#10876);
#9191=PLANE('',#10877);
#9192=PLANE('',#10878);
#9193=PLANE('',#10879);
#9194=PLANE('',#10880);
#9195=PLANE('',#10881);
#9196=PLANE('',#10882);
#9197=PLANE('',#10883);
#9198=PLANE('',#10884);
#9199=PLANE('',#10885);
#9200=PLANE('',#10886);
#9201=PLANE('',#10887);
#9202=PLANE('',#10888);
#9203=PLANE('',#10889);
#9204=PLANE('',#10890);
#9205=PLANE('',#10891);
#9206=PLANE('',#10892);
#9207=PLANE('',#10893);
#9208=PLANE('',#10894);
#9209=PLANE('',#10895);
#9210=PLANE('',#10896);
#9211=PLANE('',#10897);
#9212=PLANE('',#10898);
#9213=PLANE('',#10899);
#9214=PLANE('',#10900);
#9215=PLANE('',#10901);
#9216=PLANE('',#10902);
#9217=PLANE('',#10903);
#9218=PLANE('',#10904);
#9219=PLANE('',#10905);
#9220=PLANE('',#10906);
#9221=PLANE('',#10907);
#9222=PLANE('',#10908);
#9223=PLANE('',#10909);
#9224=PLANE('',#10910);
#9225=PLANE('',#10911);
#9226=PLANE('',#10912);
#9227=PLANE('',#10913);
#9228=PLANE('',#10914);
#9229=PLANE('',#10915);
#9230=PLANE('',#10916);
#9231=PLANE('',#10917);
#9232=PLANE('',#10918);
#9233=PLANE('',#10919);
#9234=PLANE('',#10920);
#9235=PLANE('',#10921);
#9236=PLANE('',#10922);
#9237=PLANE('',#10923);
#9238=PLANE('',#10924);
#9239=PLANE('',#10925);
#9240=PLANE('',#10926);
#9241=PLANE('',#10927);
#9242=PLANE('',#10928);
#9243=PLANE('',#10929);
#9244=PLANE('',#10930);
#9245=PLANE('',#10931);
#9246=PLANE('',#10932);
#9247=PLANE('',#10933);
#9248=PLANE('',#10934);
#9249=PLANE('',#10935);
#9250=PLANE('',#10936);
#9251=PLANE('',#10937);
#9252=PLANE('',#10938);
#9253=PLANE('',#10939);
#9254=PLANE('',#10940);
#9255=PLANE('',#10941);
#9256=PLANE('',#10942);
#9257=PLANE('',#10943);
#9258=PLANE('',#10944);
#9259=PLANE('',#10945);
#9260=PLANE('',#10946);
#9261=PLANE('',#10947);
#9262=PLANE('',#10948);
#9263=PLANE('',#10949);
#9264=PLANE('',#10950);
#9265=PLANE('',#10951);
#9266=PLANE('',#10952);
#9267=PLANE('',#10953);
#9268=PLANE('',#10954);
#9269=PLANE('',#10955);
#9270=PLANE('',#10956);
#9271=PLANE('',#10957);
#9272=PLANE('',#10958);
#9273=PLANE('',#10959);
#9274=PLANE('',#10960);
#9275=PLANE('',#10961);
#9276=PLANE('',#10962);
#9277=PLANE('',#10963);
#9278=PLANE('',#10964);
#9279=PLANE('',#10965);
#9280=PLANE('',#10966);
#9281=PLANE('',#10967);
#9282=PLANE('',#10968);
#9283=PLANE('',#10969);
#9284=PLANE('',#10970);
#9285=PLANE('',#10971);
#9286=PLANE('',#10972);
#9287=PLANE('',#10973);
#9288=PLANE('',#10974);
#9289=PLANE('',#10975);
#9290=PLANE('',#10976);
#9291=PLANE('',#10977);
#9292=PLANE('',#10978);
#9293=PLANE('',#10979);
#9294=PLANE('',#10980);
#9295=PLANE('',#10981);
#9296=PLANE('',#10982);
#9297=PLANE('',#10983);
#9298=PLANE('',#10984);
#9299=PLANE('',#10985);
#9300=PLANE('',#10986);
#9301=PLANE('',#10987);
#9302=PLANE('',#10988);
#9303=PLANE('',#10989);
#9304=PLANE('',#10990);
#9305=PLANE('',#10991);
#9306=PLANE('',#10992);
#9307=PLANE('',#10993);
#9308=PLANE('',#10994);
#9309=PLANE('',#10995);
#9310=PLANE('',#10996);
#9311=PLANE('',#10997);
#9312=PLANE('',#10998);
#9313=PLANE('',#10999);
#9314=PLANE('',#11000);
#9315=STYLED_ITEM('',(#16817),#9824);
#9316=STYLED_ITEM('',(#16817),#9825);
#9317=STYLED_ITEM('',(#16817),#9826);
#9318=STYLED_ITEM('',(#16817),#9827);
#9319=STYLED_ITEM('',(#16817),#9828);
#9320=STYLED_ITEM('',(#16817),#9829);
#9321=STYLED_ITEM('',(#16817),#9830);
#9322=STYLED_ITEM('',(#16817),#9831);
#9323=STYLED_ITEM('',(#16817),#9832);
#9324=STYLED_ITEM('',(#16817),#9833);
#9325=STYLED_ITEM('',(#16817),#9834);
#9326=STYLED_ITEM('',(#16817),#9835);
#9327=STYLED_ITEM('',(#16817),#9836);
#9328=STYLED_ITEM('',(#16817),#9837);
#9329=STYLED_ITEM('',(#16817),#9838);
#9330=STYLED_ITEM('',(#16817),#9839);
#9331=STYLED_ITEM('',(#16817),#9840);
#9332=STYLED_ITEM('',(#16817),#9841);
#9333=STYLED_ITEM('',(#16817),#9842);
#9334=STYLED_ITEM('',(#16817),#9843);
#9335=STYLED_ITEM('',(#16817),#9844);
#9336=STYLED_ITEM('',(#16817),#9845);
#9337=STYLED_ITEM('',(#16817),#9846);
#9338=STYLED_ITEM('',(#16817),#9847);
#9339=STYLED_ITEM('',(#16817),#9848);
#9340=STYLED_ITEM('',(#16817),#9849);
#9341=STYLED_ITEM('',(#16817),#9850);
#9342=STYLED_ITEM('',(#16817),#9851);
#9343=STYLED_ITEM('',(#16817),#9852);
#9344=STYLED_ITEM('',(#16817),#9853);
#9345=STYLED_ITEM('',(#16817),#9854);
#9346=STYLED_ITEM('',(#16817),#9855);
#9347=STYLED_ITEM('',(#16817),#9856);
#9348=STYLED_ITEM('',(#16817),#9857);
#9349=STYLED_ITEM('',(#16817),#9858);
#9350=STYLED_ITEM('',(#16817),#9859);
#9351=STYLED_ITEM('',(#16817),#9860);
#9352=STYLED_ITEM('',(#16817),#9861);
#9353=STYLED_ITEM('',(#16816),#9862);
#9354=STYLED_ITEM('',(#16817),#9863);
#9355=STYLED_ITEM('',(#16817),#9864);
#9356=STYLED_ITEM('',(#16817),#9865);
#9357=STYLED_ITEM('',(#16817),#9866);
#9358=STYLED_ITEM('',(#16817),#9867);
#9359=STYLED_ITEM('',(#16817),#9868);
#9360=STYLED_ITEM('',(#16817),#9869);
#9361=STYLED_ITEM('',(#16817),#9870);
#9362=STYLED_ITEM('',(#16816),#9871);
#9363=STYLED_ITEM('',(#16817),#9872);
#9364=STYLED_ITEM('',(#16817),#9873);
#9365=STYLED_ITEM('',(#16817),#9874);
#9366=STYLED_ITEM('',(#16817),#9875);
#9367=STYLED_ITEM('',(#16817),#9876);
#9368=STYLED_ITEM('',(#16817),#9877);
#9369=STYLED_ITEM('',(#16817),#9878);
#9370=STYLED_ITEM('',(#16817),#9879);
#9371=STYLED_ITEM('',(#16817),#9880);
#9372=STYLED_ITEM('',(#16817),#9881);
#9373=STYLED_ITEM('',(#16817),#9882);
#9374=STYLED_ITEM('',(#16817),#9883);
#9375=STYLED_ITEM('',(#16816),#9884);
#9376=STYLED_ITEM('',(#16817),#9885);
#9377=STYLED_ITEM('',(#16817),#9886);
#9378=STYLED_ITEM('',(#16817),#9887);
#9379=STYLED_ITEM('',(#16817),#9888);
#9380=STYLED_ITEM('',(#16817),#9889);
#9381=STYLED_ITEM('',(#16817),#9890);
#9382=STYLED_ITEM('',(#16817),#9891);
#9383=STYLED_ITEM('',(#16817),#9892);
#9384=STYLED_ITEM('',(#16817),#9893);
#9385=STYLED_ITEM('',(#16817),#9894);
#9386=STYLED_ITEM('',(#16817),#9895);
#9387=STYLED_ITEM('',(#16817),#9896);
#9388=STYLED_ITEM('',(#16817),#9897);
#9389=STYLED_ITEM('',(#16817),#9898);
#9390=STYLED_ITEM('',(#16817),#9899);
#9391=STYLED_ITEM('',(#16816),#9900);
#9392=STYLED_ITEM('',(#16816),#9901);
#9393=STYLED_ITEM('',(#16816),#9902);
#9394=STYLED_ITEM('',(#16816),#9903);
#9395=STYLED_ITEM('',(#16816),#9904);
#9396=STYLED_ITEM('',(#16816),#9905);
#9397=STYLED_ITEM('',(#16816),#9906);
#9398=STYLED_ITEM('',(#16816),#9907);
#9399=STYLED_ITEM('',(#16817),#9908);
#9400=STYLED_ITEM('',(#16817),#9909);
#9401=STYLED_ITEM('',(#16816),#9910);
#9402=STYLED_ITEM('',(#16816),#9911);
#9403=STYLED_ITEM('',(#16816),#9912);
#9404=STYLED_ITEM('',(#16816),#9913);
#9405=STYLED_ITEM('',(#16816),#9914);
#9406=STYLED_ITEM('',(#16816),#9915);
#9407=STYLED_ITEM('',(#16816),#9916);
#9408=STYLED_ITEM('',(#16816),#9917);
#9409=STYLED_ITEM('',(#16817),#9918);
#9410=STYLED_ITEM('',(#16817),#9919);
#9411=STYLED_ITEM('',(#16816),#9920);
#9412=STYLED_ITEM('',(#16816),#9921);
#9413=STYLED_ITEM('',(#16816),#9922);
#9414=STYLED_ITEM('',(#16816),#9923);
#9415=STYLED_ITEM('',(#16816),#9924);
#9416=STYLED_ITEM('',(#16816),#9925);
#9417=STYLED_ITEM('',(#16816),#9926);
#9418=STYLED_ITEM('',(#16816),#9927);
#9419=STYLED_ITEM('',(#16817),#9928);
#9420=STYLED_ITEM('',(#16817),#9929);
#9421=STYLED_ITEM('',(#16817),#9930);
#9422=STYLED_ITEM('',(#16817),#9931);
#9423=STYLED_ITEM('',(#16817),#9932);
#9424=STYLED_ITEM('',(#16817),#9933);
#9425=STYLED_ITEM('',(#16817),#9934);
#9426=STYLED_ITEM('',(#16817),#9935);
#9427=STYLED_ITEM('',(#16817),#9936);
#9428=STYLED_ITEM('',(#16817),#9937);
#9429=STYLED_ITEM('',(#16817),#9938);
#9430=STYLED_ITEM('',(#16817),#9939);
#9431=STYLED_ITEM('',(#16817),#9940);
#9432=STYLED_ITEM('',(#16817),#9941);
#9433=STYLED_ITEM('',(#16817),#9942);
#9434=STYLED_ITEM('',(#16817),#9943);
#9435=STYLED_ITEM('',(#16817),#9944);
#9436=STYLED_ITEM('',(#16817),#9945);
#9437=STYLED_ITEM('',(#16817),#9946);
#9438=STYLED_ITEM('',(#16817),#9947);
#9439=STYLED_ITEM('',(#16817),#9948);
#9440=STYLED_ITEM('',(#16817),#9949);
#9441=STYLED_ITEM('',(#16817),#9950);
#9442=STYLED_ITEM('',(#16816),#9951);
#9443=STYLED_ITEM('',(#16817),#9952);
#9444=STYLED_ITEM('',(#16817),#9953);
#9445=STYLED_ITEM('',(#16817),#9954);
#9446=STYLED_ITEM('',(#16816),#9955);
#9447=STYLED_ITEM('',(#16817),#9956);
#9448=STYLED_ITEM('',(#16817),#9957);
#9449=STYLED_ITEM('',(#16817),#9958);
#9450=STYLED_ITEM('',(#16816),#9959);
#9451=STYLED_ITEM('',(#16817),#9960);
#9452=STYLED_ITEM('',(#16817),#9961);
#9453=STYLED_ITEM('',(#16817),#9962);
#9454=STYLED_ITEM('',(#16817),#9963);
#9455=STYLED_ITEM('',(#16817),#9964);
#9456=STYLED_ITEM('',(#16817),#9965);
#9457=STYLED_ITEM('',(#16817),#9966);
#9458=STYLED_ITEM('',(#16817),#9967);
#9459=STYLED_ITEM('',(#16817),#9968);
#9460=STYLED_ITEM('',(#16817),#9969);
#9461=STYLED_ITEM('',(#16817),#9970);
#9462=STYLED_ITEM('',(#16817),#9971);
#9463=STYLED_ITEM('',(#16817),#9972);
#9464=STYLED_ITEM('',(#16817),#9973);
#9465=STYLED_ITEM('',(#16817),#9974);
#9466=STYLED_ITEM('',(#16817),#9975);
#9467=STYLED_ITEM('',(#16817),#9976);
#9468=STYLED_ITEM('',(#16817),#9977);
#9469=STYLED_ITEM('',(#16817),#9978);
#9470=STYLED_ITEM('',(#16817),#9979);
#9471=STYLED_ITEM('',(#16817),#9980);
#9472=STYLED_ITEM('',(#16817),#9981);
#9473=STYLED_ITEM('',(#16817),#9982);
#9474=STYLED_ITEM('',(#16817),#9983);
#9475=STYLED_ITEM('',(#16817),#9984);
#9476=STYLED_ITEM('',(#16817),#9985);
#9477=STYLED_ITEM('',(#16817),#9986);
#9478=STYLED_ITEM('',(#16817),#9987);
#9479=STYLED_ITEM('',(#16817),#9988);
#9480=STYLED_ITEM('',(#16817),#9989);
#9481=STYLED_ITEM('',(#16817),#9990);
#9482=STYLED_ITEM('',(#16817),#9991);
#9483=STYLED_ITEM('',(#16817),#9992);
#9484=STYLED_ITEM('',(#16817),#9993);
#9485=STYLED_ITEM('',(#16817),#9994);
#9486=STYLED_ITEM('',(#16817),#9995);
#9487=STYLED_ITEM('',(#16817),#9996);
#9488=STYLED_ITEM('',(#16817),#9997);
#9489=STYLED_ITEM('',(#16817),#9998);
#9490=STYLED_ITEM('',(#16817),#9999);
#9491=STYLED_ITEM('',(#16817),#10000);
#9492=STYLED_ITEM('',(#16817),#10001);
#9493=STYLED_ITEM('',(#16817),#10002);
#9494=STYLED_ITEM('',(#16817),#10003);
#9495=STYLED_ITEM('',(#16817),#10004);
#9496=STYLED_ITEM('',(#16817),#10005);
#9497=STYLED_ITEM('',(#16817),#10006);
#9498=STYLED_ITEM('',(#16817),#10007);
#9499=STYLED_ITEM('',(#16817),#10008);
#9500=STYLED_ITEM('',(#16817),#10009);
#9501=STYLED_ITEM('',(#16817),#10010);
#9502=STYLED_ITEM('',(#16817),#10011);
#9503=STYLED_ITEM('',(#16817),#10012);
#9504=STYLED_ITEM('',(#16817),#10013);
#9505=STYLED_ITEM('',(#16817),#10014);
#9506=STYLED_ITEM('',(#16817),#10015);
#9507=STYLED_ITEM('',(#16817),#10016);
#9508=STYLED_ITEM('',(#16817),#10017);
#9509=STYLED_ITEM('',(#16817),#10018);
#9510=STYLED_ITEM('',(#16817),#10019);
#9511=STYLED_ITEM('',(#16817),#10020);
#9512=STYLED_ITEM('',(#16817),#10021);
#9513=STYLED_ITEM('',(#16817),#10022);
#9514=STYLED_ITEM('',(#16817),#10023);
#9515=STYLED_ITEM('',(#16817),#10024);
#9516=STYLED_ITEM('',(#16817),#10025);
#9517=STYLED_ITEM('',(#16817),#10026);
#9518=STYLED_ITEM('',(#16817),#10027);
#9519=STYLED_ITEM('',(#16817),#10028);
#9520=STYLED_ITEM('',(#16817),#10029);
#9521=STYLED_ITEM('',(#16817),#10030);
#9522=STYLED_ITEM('',(#16817),#10031);
#9523=STYLED_ITEM('',(#16817),#10032);
#9524=STYLED_ITEM('',(#16817),#10033);
#9525=STYLED_ITEM('',(#16817),#10034);
#9526=STYLED_ITEM('',(#16817),#10035);
#9527=STYLED_ITEM('',(#16817),#10036);
#9528=STYLED_ITEM('',(#16817),#10037);
#9529=STYLED_ITEM('',(#16817),#10038);
#9530=STYLED_ITEM('',(#16817),#10039);
#9531=STYLED_ITEM('',(#16817),#10040);
#9532=STYLED_ITEM('',(#16817),#10041);
#9533=STYLED_ITEM('',(#16817),#10042);
#9534=STYLED_ITEM('',(#16817),#10043);
#9535=STYLED_ITEM('',(#16817),#10044);
#9536=STYLED_ITEM('',(#16817),#10045);
#9537=STYLED_ITEM('',(#16817),#10046);
#9538=STYLED_ITEM('',(#16817),#10047);
#9539=STYLED_ITEM('',(#16817),#10048);
#9540=STYLED_ITEM('',(#16817),#10049);
#9541=STYLED_ITEM('',(#16817),#10050);
#9542=STYLED_ITEM('',(#16817),#10051);
#9543=STYLED_ITEM('',(#16817),#10052);
#9544=STYLED_ITEM('',(#16817),#10053);
#9545=STYLED_ITEM('',(#16817),#10054);
#9546=STYLED_ITEM('',(#16817),#10055);
#9547=STYLED_ITEM('',(#16817),#10056);
#9548=STYLED_ITEM('',(#16817),#10057);
#9549=STYLED_ITEM('',(#16817),#10058);
#9550=STYLED_ITEM('',(#16817),#10059);
#9551=STYLED_ITEM('',(#16817),#10060);
#9552=STYLED_ITEM('',(#16817),#10061);
#9553=STYLED_ITEM('',(#16817),#10062);
#9554=STYLED_ITEM('',(#16817),#10063);
#9555=STYLED_ITEM('',(#16817),#10064);
#9556=STYLED_ITEM('',(#16817),#10065);
#9557=STYLED_ITEM('',(#16817),#10066);
#9558=STYLED_ITEM('',(#16817),#10067);
#9559=STYLED_ITEM('',(#16817),#10068);
#9560=STYLED_ITEM('',(#16817),#10069);
#9561=STYLED_ITEM('',(#16817),#10070);
#9562=STYLED_ITEM('',(#16817),#10071);
#9563=STYLED_ITEM('',(#16817),#10072);
#9564=STYLED_ITEM('',(#16817),#10073);
#9565=STYLED_ITEM('',(#16817),#10074);
#9566=STYLED_ITEM('',(#16817),#10075);
#9567=STYLED_ITEM('',(#16817),#10076);
#9568=STYLED_ITEM('',(#16817),#10077);
#9569=STYLED_ITEM('',(#16817),#10078);
#9570=STYLED_ITEM('',(#16817),#10079);
#9571=STYLED_ITEM('',(#16817),#10080);
#9572=STYLED_ITEM('',(#16817),#10081);
#9573=STYLED_ITEM('',(#16817),#10082);
#9574=STYLED_ITEM('',(#16817),#10083);
#9575=STYLED_ITEM('',(#16817),#10084);
#9576=STYLED_ITEM('',(#16817),#10085);
#9577=STYLED_ITEM('',(#16817),#10086);
#9578=STYLED_ITEM('',(#16817),#10087);
#9579=STYLED_ITEM('',(#16817),#10088);
#9580=STYLED_ITEM('',(#16817),#10089);
#9581=STYLED_ITEM('',(#16817),#10090);
#9582=STYLED_ITEM('',(#16817),#10091);
#9583=STYLED_ITEM('',(#16817),#10092);
#9584=STYLED_ITEM('',(#16817),#10093);
#9585=STYLED_ITEM('',(#16817),#10094);
#9586=STYLED_ITEM('',(#16817),#10095);
#9587=STYLED_ITEM('',(#16817),#10096);
#9588=STYLED_ITEM('',(#16817),#10097);
#9589=STYLED_ITEM('',(#16817),#10098);
#9590=STYLED_ITEM('',(#16817),#10099);
#9591=STYLED_ITEM('',(#16817),#10100);
#9592=STYLED_ITEM('',(#16817),#10101);
#9593=STYLED_ITEM('',(#16817),#10102);
#9594=STYLED_ITEM('',(#16817),#10103);
#9595=STYLED_ITEM('',(#16817),#10104);
#9596=STYLED_ITEM('',(#16817),#10105);
#9597=STYLED_ITEM('',(#16817),#10106);
#9598=STYLED_ITEM('',(#16817),#10107);
#9599=STYLED_ITEM('',(#16817),#10108);
#9600=STYLED_ITEM('',(#16817),#10109);
#9601=STYLED_ITEM('',(#16817),#10110);
#9602=STYLED_ITEM('',(#16817),#10111);
#9603=STYLED_ITEM('',(#16817),#10112);
#9604=STYLED_ITEM('',(#16817),#10113);
#9605=STYLED_ITEM('',(#16817),#10114);
#9606=STYLED_ITEM('',(#16817),#10115);
#9607=STYLED_ITEM('',(#16817),#10116);
#9608=STYLED_ITEM('',(#16817),#10117);
#9609=STYLED_ITEM('',(#16817),#10118);
#9610=STYLED_ITEM('',(#16817),#10119);
#9611=STYLED_ITEM('',(#16817),#10120);
#9612=STYLED_ITEM('',(#16817),#10121);
#9613=STYLED_ITEM('',(#16817),#10122);
#9614=STYLED_ITEM('',(#16817),#10123);
#9615=STYLED_ITEM('',(#16817),#10124);
#9616=STYLED_ITEM('',(#16817),#10125);
#9617=STYLED_ITEM('',(#16817),#10126);
#9618=STYLED_ITEM('',(#16817),#10127);
#9619=STYLED_ITEM('',(#16817),#10128);
#9620=STYLED_ITEM('',(#16817),#10129);
#9621=STYLED_ITEM('',(#16817),#10130);
#9622=STYLED_ITEM('',(#16817),#10131);
#9623=STYLED_ITEM('',(#16817),#10132);
#9624=STYLED_ITEM('',(#16817),#10133);
#9625=STYLED_ITEM('',(#16817),#10134);
#9626=STYLED_ITEM('',(#16817),#10135);
#9627=STYLED_ITEM('',(#16817),#10136);
#9628=STYLED_ITEM('',(#16817),#10137);
#9629=STYLED_ITEM('',(#16817),#10138);
#9630=STYLED_ITEM('',(#16817),#10139);
#9631=STYLED_ITEM('',(#16817),#10140);
#9632=STYLED_ITEM('',(#16817),#10141);
#9633=STYLED_ITEM('',(#16817),#10142);
#9634=STYLED_ITEM('',(#16817),#10143);
#9635=STYLED_ITEM('',(#16817),#10144);
#9636=STYLED_ITEM('',(#16817),#10145);
#9637=STYLED_ITEM('',(#16817),#10146);
#9638=STYLED_ITEM('',(#16817),#10147);
#9639=STYLED_ITEM('',(#16817),#10148);
#9640=STYLED_ITEM('',(#16817),#10149);
#9641=STYLED_ITEM('',(#16817),#10150);
#9642=STYLED_ITEM('',(#16817),#10151);
#9643=STYLED_ITEM('',(#16817),#10152);
#9644=STYLED_ITEM('',(#16817),#10153);
#9645=STYLED_ITEM('',(#16817),#10154);
#9646=STYLED_ITEM('',(#16817),#10155);
#9647=STYLED_ITEM('',(#16817),#10156);
#9648=STYLED_ITEM('',(#16817),#10157);
#9649=STYLED_ITEM('',(#16817),#10158);
#9650=STYLED_ITEM('',(#16817),#10159);
#9651=STYLED_ITEM('',(#16817),#10160);
#9652=STYLED_ITEM('',(#16817),#10161);
#9653=STYLED_ITEM('',(#16817),#10162);
#9654=STYLED_ITEM('',(#16817),#10163);
#9655=STYLED_ITEM('',(#16817),#10164);
#9656=STYLED_ITEM('',(#16817),#10165);
#9657=STYLED_ITEM('',(#16817),#10166);
#9658=STYLED_ITEM('',(#16817),#10167);
#9659=STYLED_ITEM('',(#16817),#10168);
#9660=STYLED_ITEM('',(#16817),#10169);
#9661=STYLED_ITEM('',(#16817),#10170);
#9662=STYLED_ITEM('',(#16817),#10171);
#9663=STYLED_ITEM('',(#16817),#10172);
#9664=STYLED_ITEM('',(#16817),#10173);
#9665=STYLED_ITEM('',(#16817),#10174);
#9666=STYLED_ITEM('',(#16817),#10175);
#9667=STYLED_ITEM('',(#16817),#10176);
#9668=STYLED_ITEM('',(#16817),#10177);
#9669=STYLED_ITEM('',(#16817),#10178);
#9670=STYLED_ITEM('',(#16817),#10179);
#9671=STYLED_ITEM('',(#16817),#10180);
#9672=STYLED_ITEM('',(#16817),#10181);
#9673=STYLED_ITEM('',(#16817),#10182);
#9674=STYLED_ITEM('',(#16817),#10183);
#9675=STYLED_ITEM('',(#16817),#10184);
#9676=STYLED_ITEM('',(#16817),#10185);
#9677=STYLED_ITEM('',(#16817),#10186);
#9678=STYLED_ITEM('',(#16817),#10187);
#9679=STYLED_ITEM('',(#16817),#10188);
#9680=STYLED_ITEM('',(#16817),#10189);
#9681=STYLED_ITEM('',(#16817),#10190);
#9682=STYLED_ITEM('',(#16817),#10191);
#9683=STYLED_ITEM('',(#16817),#10192);
#9684=STYLED_ITEM('',(#16817),#10193);
#9685=STYLED_ITEM('',(#16817),#10194);
#9686=STYLED_ITEM('',(#16817),#10195);
#9687=STYLED_ITEM('',(#16817),#10196);
#9688=STYLED_ITEM('',(#16817),#10197);
#9689=STYLED_ITEM('',(#16817),#10198);
#9690=STYLED_ITEM('',(#16817),#10199);
#9691=STYLED_ITEM('',(#16817),#10200);
#9692=STYLED_ITEM('',(#16817),#10201);
#9693=STYLED_ITEM('',(#16817),#10202);
#9694=STYLED_ITEM('',(#16817),#10203);
#9695=STYLED_ITEM('',(#16817),#10204);
#9696=STYLED_ITEM('',(#16817),#10205);
#9697=STYLED_ITEM('',(#16817),#10206);
#9698=STYLED_ITEM('',(#16817),#10207);
#9699=STYLED_ITEM('',(#16817),#10208);
#9700=STYLED_ITEM('',(#16817),#10209);
#9701=STYLED_ITEM('',(#16817),#10210);
#9702=STYLED_ITEM('',(#16817),#10211);
#9703=STYLED_ITEM('',(#16817),#10212);
#9704=STYLED_ITEM('',(#16817),#10213);
#9705=STYLED_ITEM('',(#16817),#10214);
#9706=STYLED_ITEM('',(#16817),#10215);
#9707=STYLED_ITEM('',(#16817),#10216);
#9708=STYLED_ITEM('',(#16817),#10217);
#9709=STYLED_ITEM('',(#16817),#10218);
#9710=STYLED_ITEM('',(#16817),#10219);
#9711=STYLED_ITEM('',(#16817),#10220);
#9712=STYLED_ITEM('',(#16817),#10221);
#9713=STYLED_ITEM('',(#16817),#10222);
#9714=STYLED_ITEM('',(#16817),#10223);
#9715=STYLED_ITEM('',(#16817),#10224);
#9716=STYLED_ITEM('',(#16817),#10225);
#9717=STYLED_ITEM('',(#16817),#10226);
#9718=STYLED_ITEM('',(#16817),#10227);
#9719=STYLED_ITEM('',(#16817),#10228);
#9720=STYLED_ITEM('',(#16817),#10229);
#9721=STYLED_ITEM('',(#16817),#10230);
#9722=STYLED_ITEM('',(#16817),#10231);
#9723=STYLED_ITEM('',(#16817),#10232);
#9724=STYLED_ITEM('',(#16817),#10233);
#9725=STYLED_ITEM('',(#16817),#10234);
#9726=STYLED_ITEM('',(#16817),#10235);
#9727=STYLED_ITEM('',(#16817),#10236);
#9728=STYLED_ITEM('',(#16817),#10237);
#9729=STYLED_ITEM('',(#16817),#10238);
#9730=STYLED_ITEM('',(#16817),#10239);
#9731=STYLED_ITEM('',(#16817),#10240);
#9732=STYLED_ITEM('',(#16817),#10241);
#9733=STYLED_ITEM('',(#16817),#10242);
#9734=STYLED_ITEM('',(#16817),#10243);
#9735=STYLED_ITEM('',(#16817),#10244);
#9736=STYLED_ITEM('',(#16817),#10245);
#9737=STYLED_ITEM('',(#16817),#10246);
#9738=STYLED_ITEM('',(#16817),#10247);
#9739=STYLED_ITEM('',(#16817),#10248);
#9740=STYLED_ITEM('',(#16817),#10249);
#9741=STYLED_ITEM('',(#16817),#10250);
#9742=STYLED_ITEM('',(#16817),#10251);
#9743=STYLED_ITEM('',(#16817),#10252);
#9744=STYLED_ITEM('',(#16817),#10253);
#9745=STYLED_ITEM('',(#16817),#10254);
#9746=STYLED_ITEM('',(#16817),#10255);
#9747=STYLED_ITEM('',(#16817),#10256);
#9748=STYLED_ITEM('',(#16817),#10257);
#9749=STYLED_ITEM('',(#16817),#10258);
#9750=STYLED_ITEM('',(#16817),#10259);
#9751=STYLED_ITEM('',(#16817),#10260);
#9752=STYLED_ITEM('',(#16817),#10261);
#9753=STYLED_ITEM('',(#16817),#10262);
#9754=STYLED_ITEM('',(#16817),#10263);
#9755=STYLED_ITEM('',(#16817),#10264);
#9756=STYLED_ITEM('',(#16817),#10265);
#9757=STYLED_ITEM('',(#16817),#10266);
#9758=STYLED_ITEM('',(#16817),#10267);
#9759=STYLED_ITEM('',(#16817),#10268);
#9760=STYLED_ITEM('',(#16817),#10269);
#9761=STYLED_ITEM('',(#16817),#10270);
#9762=STYLED_ITEM('',(#16817),#10271);
#9763=STYLED_ITEM('',(#16817),#10272);
#9764=STYLED_ITEM('',(#16817),#10273);
#9765=STYLED_ITEM('',(#16817),#10274);
#9766=STYLED_ITEM('',(#16817),#10275);
#9767=STYLED_ITEM('',(#16817),#10276);
#9768=STYLED_ITEM('',(#16817),#10277);
#9769=STYLED_ITEM('',(#16817),#10278);
#9770=STYLED_ITEM('',(#16817),#10279);
#9771=STYLED_ITEM('',(#16817),#10280);
#9772=STYLED_ITEM('',(#16817),#10281);
#9773=STYLED_ITEM('',(#16817),#10282);
#9774=STYLED_ITEM('',(#16817),#10283);
#9775=STYLED_ITEM('',(#16817),#10284);
#9776=STYLED_ITEM('',(#16817),#10285);
#9777=STYLED_ITEM('',(#16817),#10286);
#9778=STYLED_ITEM('',(#16817),#10287);
#9779=STYLED_ITEM('',(#16817),#10288);
#9780=STYLED_ITEM('',(#16817),#10289);
#9781=STYLED_ITEM('',(#16817),#10290);
#9782=STYLED_ITEM('',(#16817),#10291);
#9783=STYLED_ITEM('',(#16817),#10292);
#9784=STYLED_ITEM('',(#16817),#10293);
#9785=STYLED_ITEM('',(#16817),#10294);
#9786=STYLED_ITEM('',(#16817),#10295);
#9787=STYLED_ITEM('',(#16817),#10296);
#9788=STYLED_ITEM('',(#16817),#10297);
#9789=STYLED_ITEM('',(#16817),#10298);
#9790=STYLED_ITEM('',(#16817),#10299);
#9791=STYLED_ITEM('',(#16817),#10300);
#9792=STYLED_ITEM('',(#16817),#10301);
#9793=STYLED_ITEM('',(#16817),#10302);
#9794=STYLED_ITEM('',(#16817),#10303);
#9795=STYLED_ITEM('',(#16817),#10304);
#9796=STYLED_ITEM('',(#16817),#10305);
#9797=STYLED_ITEM('',(#16817),#10306);
#9798=STYLED_ITEM('',(#16817),#10307);
#9799=STYLED_ITEM('',(#16817),#10308);
#9800=STYLED_ITEM('',(#16817),#10309);
#9801=STYLED_ITEM('',(#16817),#10310);
#9802=STYLED_ITEM('',(#16817),#10311);
#9803=STYLED_ITEM('',(#16817),#10312);
#9804=STYLED_ITEM('',(#16817),#10313);
#9805=STYLED_ITEM('',(#16817),#10314);
#9806=STYLED_ITEM('',(#16817),#10315);
#9807=STYLED_ITEM('',(#16817),#10316);
#9808=STYLED_ITEM('',(#16817),#10317);
#9809=STYLED_ITEM('',(#16817),#10318);
#9810=STYLED_ITEM('',(#16817),#10319);
#9811=STYLED_ITEM('',(#16817),#10320);
#9812=STYLED_ITEM('',(#16817),#10321);
#9813=STYLED_ITEM('',(#16817),#10322);
#9814=STYLED_ITEM('',(#16817),#10323);
#9815=STYLED_ITEM('',(#16817),#10324);
#9816=STYLED_ITEM('',(#16817),#10325);
#9817=STYLED_ITEM('',(#16817),#10326);
#9818=STYLED_ITEM('',(#16817),#10327);
#9819=STYLED_ITEM('',(#16817),#10328);
#9820=STYLED_ITEM('',(#16817),#10329);
#9821=STYLED_ITEM('',(#16817),#10330);
#9822=STYLED_ITEM('',(#16817),#10331);
#9823=STYLED_ITEM('',(#16816),#10335);
#9824=ADVANCED_FACE('',(#292),#8876,.T.);
#9825=ADVANCED_FACE('',(#293),#8877,.T.);
#9826=ADVANCED_FACE('',(#294),#8878,.T.);
#9827=ADVANCED_FACE('',(#295),#8879,.F.);
#9828=ADVANCED_FACE('',(#296),#8880,.T.);
#9829=ADVANCED_FACE('',(#297),#8881,.T.);
#9830=ADVANCED_FACE('',(#298),#8882,.T.);
#9831=ADVANCED_FACE('',(#299),#8883,.T.);
#9832=ADVANCED_FACE('',(#300),#8884,.F.);
#9833=ADVANCED_FACE('',(#301),#8885,.T.);
#9834=ADVANCED_FACE('',(#302),#8886,.T.);
#9835=ADVANCED_FACE('',(#303),#8887,.T.);
#9836=ADVANCED_FACE('',(#304),#8888,.T.);
#9837=ADVANCED_FACE('',(#305),#8889,.T.);
#9838=ADVANCED_FACE('',(#306),#8890,.T.);
#9839=ADVANCED_FACE('',(#307),#8891,.T.);
#9840=ADVANCED_FACE('',(#308),#8892,.F.);
#9841=ADVANCED_FACE('',(#309,#100,#101,#102,#103,#104,#105,#106),#8893,
 .T.);
#9842=ADVANCED_FACE('',(#310),#8894,.T.);
#9843=ADVANCED_FACE('',(#311),#8895,.T.);
#9844=ADVANCED_FACE('',(#312),#8896,.T.);
#9845=ADVANCED_FACE('',(#313),#8897,.F.);
#9846=ADVANCED_FACE('',(#314),#52,.T.);
#9847=ADVANCED_FACE('',(#315),#8898,.T.);
#9848=ADVANCED_FACE('',(#316,#107,#108,#109),#8899,.T.);
#9849=ADVANCED_FACE('',(#317),#8900,.T.);
#9850=ADVANCED_FACE('',(#318),#8901,.T.);
#9851=ADVANCED_FACE('',(#319),#8902,.F.);
#9852=ADVANCED_FACE('',(#320),#8903,.T.);
#9853=ADVANCED_FACE('',(#321),#42,.F.);
#9854=ADVANCED_FACE('',(#322),#53,.T.);
#9855=ADVANCED_FACE('',(#323),#8904,.T.);
#9856=ADVANCED_FACE('',(#324),#8905,.F.);
#9857=ADVANCED_FACE('',(#325),#8906,.T.);
#9858=ADVANCED_FACE('',(#326),#8907,.T.);
#9859=ADVANCED_FACE('',(#327),#8908,.T.);
#9860=ADVANCED_FACE('',(#328),#8909,.F.);
#9861=ADVANCED_FACE('',(#329),#8910,.F.);
#9862=ADVANCED_FACE('',(#330),#8911,.T.);
#9863=ADVANCED_FACE('',(#331),#8912,.T.);
#9864=ADVANCED_FACE('',(#332),#8913,.T.);
#9865=ADVANCED_FACE('',(#333),#54,.T.);
#9866=ADVANCED_FACE('',(#334),#43,.F.);
#9867=ADVANCED_FACE('',(#335),#8914,.T.);
#9868=ADVANCED_FACE('',(#336),#8915,.F.);
#9869=ADVANCED_FACE('',(#337),#8916,.F.);
#9870=ADVANCED_FACE('',(#338),#8917,.F.);
#9871=ADVANCED_FACE('',(#339),#8918,.T.);
#9872=ADVANCED_FACE('',(#340),#8919,.T.);
#9873=ADVANCED_FACE('',(#341),#8920,.F.);
#9874=ADVANCED_FACE('',(#342),#8921,.F.);
#9875=ADVANCED_FACE('',(#343),#8922,.T.);
#9876=ADVANCED_FACE('',(#344),#8923,.T.);
#9877=ADVANCED_FACE('',(#345),#8924,.T.);
#9878=ADVANCED_FACE('',(#346),#8925,.T.);
#9879=ADVANCED_FACE('',(#347),#8926,.F.);
#9880=ADVANCED_FACE('',(#348),#8927,.F.);
#9881=ADVANCED_FACE('',(#349),#8928,.T.);
#9882=ADVANCED_FACE('',(#350),#8929,.T.);
#9883=ADVANCED_FACE('',(#351),#8930,.F.);
#9884=ADVANCED_FACE('',(#352),#8931,.T.);
#9885=ADVANCED_FACE('',(#353),#8932,.F.);
#9886=ADVANCED_FACE('',(#354),#8933,.T.);
#9887=ADVANCED_FACE('',(#355),#8934,.T.);
#9888=ADVANCED_FACE('',(#356),#8935,.F.);
#9889=ADVANCED_FACE('',(#357),#44,.F.);
#9890=ADVANCED_FACE('',(#358),#55,.T.);
#9891=ADVANCED_FACE('',(#359),#8936,.T.);
#9892=ADVANCED_FACE('',(#360),#56,.T.);
#9893=ADVANCED_FACE('',(#361),#8937,.F.);
#9894=ADVANCED_FACE('',(#362),#8938,.T.);
#9895=ADVANCED_FACE('',(#363),#8939,.T.);
#9896=ADVANCED_FACE('',(#364),#8940,.T.);
#9897=ADVANCED_FACE('',(#365,#110,#111,#112),#8941,.F.);
#9898=ADVANCED_FACE('',(#366),#57,.F.);
#9899=ADVANCED_FACE('',(#367,#113),#8942,.T.);
#9900=ADVANCED_FACE('',(#368),#36,.T.);
#9901=ADVANCED_FACE('',(#369),#14,.T.);
#9902=ADVANCED_FACE('',(#370),#8943,.T.);
#9903=ADVANCED_FACE('',(#371),#8944,.F.);
#9904=ADVANCED_FACE('',(#372),#8945,.F.);
#9905=ADVANCED_FACE('',(#373),#15,.T.);
#9906=ADVANCED_FACE('',(#374),#8946,.F.);
#9907=ADVANCED_FACE('',(#375),#8947,.F.);
#9908=ADVANCED_FACE('',(#376),#58,.F.);
#9909=ADVANCED_FACE('',(#377,#114),#8948,.T.);
#9910=ADVANCED_FACE('',(#378),#37,.T.);
#9911=ADVANCED_FACE('',(#379),#16,.T.);
#9912=ADVANCED_FACE('',(#380),#8949,.F.);
#9913=ADVANCED_FACE('',(#381),#8950,.F.);
#9914=ADVANCED_FACE('',(#382),#8951,.F.);
#9915=ADVANCED_FACE('',(#383),#8952,.T.);
#9916=ADVANCED_FACE('',(#384),#8953,.F.);
#9917=ADVANCED_FACE('',(#385),#17,.T.);
#9918=ADVANCED_FACE('',(#386),#59,.F.);
#9919=ADVANCED_FACE('',(#387,#115),#8954,.T.);
#9920=ADVANCED_FACE('',(#388),#38,.T.);
#9921=ADVANCED_FACE('',(#389),#18,.T.);
#9922=ADVANCED_FACE('',(#390),#8955,.T.);
#9923=ADVANCED_FACE('',(#391),#8956,.F.);
#9924=ADVANCED_FACE('',(#392),#8957,.F.);
#9925=ADVANCED_FACE('',(#393),#19,.T.);
#9926=ADVANCED_FACE('',(#394),#8958,.F.);
#9927=ADVANCED_FACE('',(#395),#8959,.F.);
#9928=ADVANCED_FACE('',(#396),#60,.T.);
#9929=ADVANCED_FACE('',(#397),#8960,.F.);
#9930=ADVANCED_FACE('',(#398,#116,#117),#8961,.F.);
#9931=ADVANCED_FACE('',(#399),#45,.F.);
#9932=ADVANCED_FACE('',(#400),#61,.T.);
#9933=ADVANCED_FACE('',(#401),#8962,.F.);
#9934=ADVANCED_FACE('',(#402),#46,.F.);
#9935=ADVANCED_FACE('',(#403),#8963,.F.);
#9936=ADVANCED_FACE('',(#404),#62,.T.);
#9937=ADVANCED_FACE('',(#405,#118,#119),#8964,.F.);
#9938=ADVANCED_FACE('',(#406),#8965,.F.);
#9939=ADVANCED_FACE('',(#407),#8966,.F.);
#9940=ADVANCED_FACE('',(#408),#8967,.F.);
#9941=ADVANCED_FACE('',(#409),#8968,.T.);
#9942=ADVANCED_FACE('',(#410),#8969,.T.);
#9943=ADVANCED_FACE('',(#411),#63,.F.);
#9944=ADVANCED_FACE('',(#412),#8970,.F.);
#9945=ADVANCED_FACE('',(#413),#8971,.F.);
#9946=ADVANCED_FACE('',(#414),#8972,.F.);
#9947=ADVANCED_FACE('',(#415,#120,#121,#122),#8973,.F.);
#9948=ADVANCED_FACE('',(#416),#64,.F.);
#9949=ADVANCED_FACE('',(#417),#39,.F.);
#9950=ADVANCED_FACE('',(#418),#65,.F.);
#9951=ADVANCED_FACE('',(#419),#8974,.T.);
#9952=ADVANCED_FACE('',(#420),#66,.F.);
#9953=ADVANCED_FACE('',(#421),#40,.F.);
#9954=ADVANCED_FACE('',(#422),#67,.F.);
#9955=ADVANCED_FACE('',(#423),#8975,.T.);
#9956=ADVANCED_FACE('',(#424),#68,.F.);
#9957=ADVANCED_FACE('',(#425),#41,.F.);
#9958=ADVANCED_FACE('',(#426),#69,.F.);
#9959=ADVANCED_FACE('',(#427),#8976,.T.);
#9960=ADVANCED_FACE('',(#428),#70,.T.);
#9961=ADVANCED_FACE('',(#429),#8977,.T.);
#9962=ADVANCED_FACE('',(#430),#8978,.F.);
#9963=ADVANCED_FACE('',(#431),#13,.F.);
#9964=ADVANCED_FACE('',(#432),#8979,.F.);
#9965=ADVANCED_FACE('',(#433),#8980,.T.);
#9966=ADVANCED_FACE('',(#434),#71,.T.);
#9967=ADVANCED_FACE('',(#435),#20,.T.);
#9968=ADVANCED_FACE('',(#436),#72,.T.);
#9969=ADVANCED_FACE('',(#437),#8981,.T.);
#9970=ADVANCED_FACE('',(#438),#8982,.T.);
#9971=ADVANCED_FACE('',(#439),#73,.T.);
#9972=ADVANCED_FACE('',(#440),#21,.T.);
#9973=ADVANCED_FACE('',(#441),#74,.T.);
#9974=ADVANCED_FACE('',(#442),#8983,.T.);
#9975=ADVANCED_FACE('',(#443),#8984,.F.);
#9976=ADVANCED_FACE('',(#444),#8985,.T.);
#9977=ADVANCED_FACE('',(#445),#8986,.T.);
#9978=ADVANCED_FACE('',(#446),#75,.T.);
#9979=ADVANCED_FACE('',(#447),#22,.T.);
#9980=ADVANCED_FACE('',(#448),#76,.T.);
#9981=ADVANCED_FACE('',(#449),#8987,.F.);
#9982=ADVANCED_FACE('',(#450),#8988,.F.);
#9983=ADVANCED_FACE('',(#451),#8989,.T.);
#9984=ADVANCED_FACE('',(#452),#8990,.F.);
#9985=ADVANCED_FACE('',(#453),#8991,.F.);
#9986=ADVANCED_FACE('',(#454),#77,.T.);
#9987=ADVANCED_FACE('',(#455),#8992,.T.);
#9988=ADVANCED_FACE('',(#456),#78,.F.);
#9989=ADVANCED_FACE('',(#457),#8993,.F.);
#9990=ADVANCED_FACE('',(#458),#79,.F.);
#9991=ADVANCED_FACE('',(#459),#8994,.T.);
#9992=ADVANCED_FACE('',(#460),#80,.T.);
#9993=ADVANCED_FACE('',(#461),#8995,.F.);
#9994=ADVANCED_FACE('',(#462),#8996,.F.);
#9995=ADVANCED_FACE('',(#463),#8997,.T.);
#9996=ADVANCED_FACE('',(#464),#81,.F.);
#9997=ADVANCED_FACE('',(#465),#8998,.F.);
#9998=ADVANCED_FACE('',(#466),#8999,.F.);
#9999=ADVANCED_FACE('',(#467),#9000,.F.);
#10000=ADVANCED_FACE('',(#468),#82,.T.);
#10001=ADVANCED_FACE('',(#469),#9001,.T.);
#10002=ADVANCED_FACE('',(#470),#83,.F.);
#10003=ADVANCED_FACE('',(#471),#9002,.F.);
#10004=ADVANCED_FACE('',(#472),#84,.F.);
#10005=ADVANCED_FACE('',(#473),#9003,.F.);
#10006=ADVANCED_FACE('',(#474),#85,.T.);
#10007=ADVANCED_FACE('',(#475),#86,.T.);
#10008=ADVANCED_FACE('',(#476),#9004,.F.);
#10009=ADVANCED_FACE('',(#477),#9005,.F.);
#10010=ADVANCED_FACE('',(#478),#87,.F.);
#10011=ADVANCED_FACE('',(#479),#9006,.T.);
#10012=ADVANCED_FACE('',(#480),#88,.F.);
#10013=ADVANCED_FACE('',(#481),#9007,.T.);
#10014=ADVANCED_FACE('',(#482),#89,.T.);
#10015=ADVANCED_FACE('',(#483),#9008,.F.);
#10016=ADVANCED_FACE('',(#484),#90,.F.);
#10017=ADVANCED_FACE('',(#485),#9009,.F.);
#10018=ADVANCED_FACE('',(#486),#91,.T.);
#10019=ADVANCED_FACE('',(#487),#9010,.F.);
#10020=ADVANCED_FACE('',(#488),#92,.T.);
#10021=ADVANCED_FACE('',(#489),#9011,.F.);
#10022=ADVANCED_FACE('',(#490),#93,.T.);
#10023=ADVANCED_FACE('',(#491),#9012,.T.);
#10024=ADVANCED_FACE('',(#492),#9013,.T.);
#10025=ADVANCED_FACE('',(#493),#94,.F.);
#10026=ADVANCED_FACE('',(#494),#9014,.F.);
#10027=ADVANCED_FACE('',(#495),#95,.F.);
#10028=ADVANCED_FACE('',(#496),#9015,.T.);
#10029=ADVANCED_FACE('',(#497),#96,.F.);
#10030=ADVANCED_FACE('',(#498),#9016,.F.);
#10031=ADVANCED_FACE('',(#499),#97,.T.);
#10032=ADVANCED_FACE('',(#500),#9017,.F.);
#10033=ADVANCED_FACE('',(#501),#98,.T.);
#10034=ADVANCED_FACE('',(#502),#9018,.F.);
#10035=ADVANCED_FACE('',(#503),#99,.T.);
#10036=ADVANCED_FACE('',(#504),#9019,.T.);
#10037=ADVANCED_FACE('',(#505),#9020,.T.);
#10038=ADVANCED_FACE('',(#506),#9021,.F.);
#10039=ADVANCED_FACE('',(#507),#9022,.F.);
#10040=ADVANCED_FACE('',(#508),#9023,.F.);
#10041=ADVANCED_FACE('',(#509),#9024,.F.);
#10042=ADVANCED_FACE('',(#510),#9025,.F.);
#10043=ADVANCED_FACE('',(#511,#123),#9026,.T.);
#10044=ADVANCED_FACE('',(#512,#124),#9027,.T.);
#10045=ADVANCED_FACE('',(#513),#9028,.T.);
#10046=ADVANCED_FACE('',(#514),#9029,.T.);
#10047=ADVANCED_FACE('',(#515),#9030,.T.);
#10048=ADVANCED_FACE('',(#516,#125),#9031,.T.);
#10049=ADVANCED_FACE('',(#517),#9032,.T.);
#10050=ADVANCED_FACE('',(#518),#9033,.F.);
#10051=ADVANCED_FACE('',(#519),#9034,.F.);
#10052=ADVANCED_FACE('',(#520),#9035,.F.);
#10053=ADVANCED_FACE('',(#521),#9036,.F.);
#10054=ADVANCED_FACE('',(#522),#9037,.F.);
#10055=ADVANCED_FACE('',(#523),#9038,.F.);
#10056=ADVANCED_FACE('',(#524),#9039,.F.);
#10057=ADVANCED_FACE('',(#525),#9040,.F.);
#10058=ADVANCED_FACE('',(#526),#9041,.F.);
#10059=ADVANCED_FACE('',(#527),#9042,.F.);
#10060=ADVANCED_FACE('',(#528),#9043,.F.);
#10061=ADVANCED_FACE('',(#529),#9044,.F.);
#10062=ADVANCED_FACE('',(#530),#9045,.F.);
#10063=ADVANCED_FACE('',(#531),#9046,.F.);
#10064=ADVANCED_FACE('',(#532),#9047,.F.);
#10065=ADVANCED_FACE('',(#533),#9048,.F.);
#10066=ADVANCED_FACE('',(#534),#9049,.F.);
#10067=ADVANCED_FACE('',(#535),#9050,.F.);
#10068=ADVANCED_FACE('',(#536),#9051,.F.);
#10069=ADVANCED_FACE('',(#537),#9052,.F.);
#10070=ADVANCED_FACE('',(#538),#9053,.F.);
#10071=ADVANCED_FACE('',(#539),#9054,.F.);
#10072=ADVANCED_FACE('',(#540),#9055,.F.);
#10073=ADVANCED_FACE('',(#541),#9056,.F.);
#10074=ADVANCED_FACE('',(#542),#9057,.F.);
#10075=ADVANCED_FACE('',(#543),#9058,.F.);
#10076=ADVANCED_FACE('',(#544),#9059,.F.);
#10077=ADVANCED_FACE('',(#545),#9060,.F.);
#10078=ADVANCED_FACE('',(#546),#9061,.F.);
#10079=ADVANCED_FACE('',(#547),#9062,.F.);
#10080=ADVANCED_FACE('',(#548),#9063,.F.);
#10081=ADVANCED_FACE('',(#549),#9064,.F.);
#10082=ADVANCED_FACE('',(#550),#9065,.F.);
#10083=ADVANCED_FACE('',(#551),#9066,.F.);
#10084=ADVANCED_FACE('',(#552),#9067,.F.);
#10085=ADVANCED_FACE('',(#553),#9068,.F.);
#10086=ADVANCED_FACE('',(#554),#9069,.F.);
#10087=ADVANCED_FACE('',(#555),#9070,.F.);
#10088=ADVANCED_FACE('',(#556),#9071,.F.);
#10089=ADVANCED_FACE('',(#557),#9072,.F.);
#10090=ADVANCED_FACE('',(#558),#9073,.F.);
#10091=ADVANCED_FACE('',(#559),#9074,.F.);
#10092=ADVANCED_FACE('',(#560),#9075,.F.);
#10093=ADVANCED_FACE('',(#561),#9076,.F.);
#10094=ADVANCED_FACE('',(#562),#9077,.F.);
#10095=ADVANCED_FACE('',(#563),#9078,.F.);
#10096=ADVANCED_FACE('',(#564),#9079,.F.);
#10097=ADVANCED_FACE('',(#565),#9080,.F.);
#10098=ADVANCED_FACE('',(#566),#9081,.F.);
#10099=ADVANCED_FACE('',(#567),#9082,.F.);
#10100=ADVANCED_FACE('',(#568),#9083,.F.);
#10101=ADVANCED_FACE('',(#569),#9084,.F.);
#10102=ADVANCED_FACE('',(#570),#9085,.F.);
#10103=ADVANCED_FACE('',(#571),#9086,.F.);
#10104=ADVANCED_FACE('',(#572),#9087,.F.);
#10105=ADVANCED_FACE('',(#573),#9088,.F.);
#10106=ADVANCED_FACE('',(#574),#9089,.F.);
#10107=ADVANCED_FACE('',(#575),#9090,.F.);
#10108=ADVANCED_FACE('',(#576),#9091,.F.);
#10109=ADVANCED_FACE('',(#577),#9092,.F.);
#10110=ADVANCED_FACE('',(#578),#9093,.F.);
#10111=ADVANCED_FACE('',(#579),#9094,.F.);
#10112=ADVANCED_FACE('',(#580),#9095,.F.);
#10113=ADVANCED_FACE('',(#581),#9096,.F.);
#10114=ADVANCED_FACE('',(#582),#9097,.F.);
#10115=ADVANCED_FACE('',(#583),#9098,.F.);
#10116=ADVANCED_FACE('',(#584),#9099,.F.);
#10117=ADVANCED_FACE('',(#585),#9100,.F.);
#10118=ADVANCED_FACE('',(#586),#9101,.F.);
#10119=ADVANCED_FACE('',(#587),#9102,.F.);
#10120=ADVANCED_FACE('',(#588),#9103,.F.);
#10121=ADVANCED_FACE('',(#589),#9104,.F.);
#10122=ADVANCED_FACE('',(#590),#9105,.F.);
#10123=ADVANCED_FACE('',(#591),#9106,.F.);
#10124=ADVANCED_FACE('',(#592),#9107,.F.);
#10125=ADVANCED_FACE('',(#593),#9108,.F.);
#10126=ADVANCED_FACE('',(#594),#9109,.F.);
#10127=ADVANCED_FACE('',(#595),#9110,.F.);
#10128=ADVANCED_FACE('',(#596),#9111,.F.);
#10129=ADVANCED_FACE('',(#597),#9112,.F.);
#10130=ADVANCED_FACE('',(#598),#9113,.F.);
#10131=ADVANCED_FACE('',(#599),#9114,.F.);
#10132=ADVANCED_FACE('',(#600),#9115,.F.);
#10133=ADVANCED_FACE('',(#601),#9116,.F.);
#10134=ADVANCED_FACE('',(#602),#9117,.F.);
#10135=ADVANCED_FACE('',(#603),#9118,.F.);
#10136=ADVANCED_FACE('',(#604),#9119,.F.);
#10137=ADVANCED_FACE('',(#605),#9120,.F.);
#10138=ADVANCED_FACE('',(#606),#9121,.F.);
#10139=ADVANCED_FACE('',(#607),#9122,.F.);
#10140=ADVANCED_FACE('',(#608),#9123,.F.);
#10141=ADVANCED_FACE('',(#609),#9124,.F.);
#10142=ADVANCED_FACE('',(#610),#9125,.F.);
#10143=ADVANCED_FACE('',(#611),#9126,.F.);
#10144=ADVANCED_FACE('',(#612),#9127,.F.);
#10145=ADVANCED_FACE('',(#613),#9128,.F.);
#10146=ADVANCED_FACE('',(#614),#9129,.F.);
#10147=ADVANCED_FACE('',(#615),#9130,.F.);
#10148=ADVANCED_FACE('',(#616),#9131,.F.);
#10149=ADVANCED_FACE('',(#617),#9132,.F.);
#10150=ADVANCED_FACE('',(#618),#9133,.F.);
#10151=ADVANCED_FACE('',(#619),#9134,.F.);
#10152=ADVANCED_FACE('',(#620),#9135,.F.);
#10153=ADVANCED_FACE('',(#621),#9136,.F.);
#10154=ADVANCED_FACE('',(#622),#9137,.F.);
#10155=ADVANCED_FACE('',(#623),#9138,.F.);
#10156=ADVANCED_FACE('',(#624),#9139,.F.);
#10157=ADVANCED_FACE('',(#625),#9140,.F.);
#10158=ADVANCED_FACE('',(#626),#9141,.F.);
#10159=ADVANCED_FACE('',(#627),#9142,.F.);
#10160=ADVANCED_FACE('',(#628),#9143,.F.);
#10161=ADVANCED_FACE('',(#629),#9144,.F.);
#10162=ADVANCED_FACE('',(#630),#9145,.F.);
#10163=ADVANCED_FACE('',(#631),#9146,.F.);
#10164=ADVANCED_FACE('',(#632),#9147,.F.);
#10165=ADVANCED_FACE('',(#633),#9148,.F.);
#10166=ADVANCED_FACE('',(#634),#9149,.F.);
#10167=ADVANCED_FACE('',(#635),#9150,.F.);
#10168=ADVANCED_FACE('',(#636),#9151,.F.);
#10169=ADVANCED_FACE('',(#637),#9152,.F.);
#10170=ADVANCED_FACE('',(#638),#9153,.F.);
#10171=ADVANCED_FACE('',(#639),#9154,.F.);
#10172=ADVANCED_FACE('',(#640),#9155,.F.);
#10173=ADVANCED_FACE('',(#641),#9156,.F.);
#10174=ADVANCED_FACE('',(#642),#9157,.F.);
#10175=ADVANCED_FACE('',(#643),#9158,.F.);
#10176=ADVANCED_FACE('',(#644),#9159,.F.);
#10177=ADVANCED_FACE('',(#645),#9160,.F.);
#10178=ADVANCED_FACE('',(#646),#9161,.F.);
#10179=ADVANCED_FACE('',(#647),#9162,.F.);
#10180=ADVANCED_FACE('',(#648),#9163,.F.);
#10181=ADVANCED_FACE('',(#649),#9164,.F.);
#10182=ADVANCED_FACE('',(#650),#9165,.F.);
#10183=ADVANCED_FACE('',(#651),#9166,.F.);
#10184=ADVANCED_FACE('',(#652),#9167,.F.);
#10185=ADVANCED_FACE('',(#653),#9168,.F.);
#10186=ADVANCED_FACE('',(#654),#9169,.F.);
#10187=ADVANCED_FACE('',(#655),#9170,.F.);
#10188=ADVANCED_FACE('',(#656),#9171,.F.);
#10189=ADVANCED_FACE('',(#657),#9172,.F.);
#10190=ADVANCED_FACE('',(#658),#9173,.F.);
#10191=ADVANCED_FACE('',(#659),#9174,.F.);
#10192=ADVANCED_FACE('',(#660),#9175,.F.);
#10193=ADVANCED_FACE('',(#661),#9176,.F.);
#10194=ADVANCED_FACE('',(#662),#9177,.F.);
#10195=ADVANCED_FACE('',(#663),#9178,.F.);
#10196=ADVANCED_FACE('',(#664),#9179,.F.);
#10197=ADVANCED_FACE('',(#665),#9180,.F.);
#10198=ADVANCED_FACE('',(#666),#9181,.F.);
#10199=ADVANCED_FACE('',(#667),#9182,.F.);
#10200=ADVANCED_FACE('',(#668),#9183,.F.);
#10201=ADVANCED_FACE('',(#669),#9184,.F.);
#10202=ADVANCED_FACE('',(#670),#9185,.F.);
#10203=ADVANCED_FACE('',(#671),#9186,.F.);
#10204=ADVANCED_FACE('',(#672),#9187,.F.);
#10205=ADVANCED_FACE('',(#673),#9188,.F.);
#10206=ADVANCED_FACE('',(#674),#9189,.F.);
#10207=ADVANCED_FACE('',(#675),#9190,.F.);
#10208=ADVANCED_FACE('',(#676),#9191,.F.);
#10209=ADVANCED_FACE('',(#677),#9192,.F.);
#10210=ADVANCED_FACE('',(#678),#9193,.F.);
#10211=ADVANCED_FACE('',(#679),#9194,.F.);
#10212=ADVANCED_FACE('',(#680),#9195,.F.);
#10213=ADVANCED_FACE('',(#681),#9196,.F.);
#10214=ADVANCED_FACE('',(#682),#9197,.F.);
#10215=ADVANCED_FACE('',(#683),#9198,.F.);
#10216=ADVANCED_FACE('',(#684),#9199,.F.);
#10217=ADVANCED_FACE('',(#685),#9200,.F.);
#10218=ADVANCED_FACE('',(#686),#9201,.F.);
#10219=ADVANCED_FACE('',(#687),#9202,.F.);
#10220=ADVANCED_FACE('',(#688),#9203,.F.);
#10221=ADVANCED_FACE('',(#689),#9204,.F.);
#10222=ADVANCED_FACE('',(#690),#9205,.F.);
#10223=ADVANCED_FACE('',(#691),#9206,.F.);
#10224=ADVANCED_FACE('',(#692),#9207,.F.);
#10225=ADVANCED_FACE('',(#693),#9208,.F.);
#10226=ADVANCED_FACE('',(#694),#9209,.F.);
#10227=ADVANCED_FACE('',(#695),#9210,.F.);
#10228=ADVANCED_FACE('',(#696),#9211,.F.);
#10229=ADVANCED_FACE('',(#697),#9212,.F.);
#10230=ADVANCED_FACE('',(#698),#9213,.F.);
#10231=ADVANCED_FACE('',(#699),#9214,.F.);
#10232=ADVANCED_FACE('',(#700),#9215,.F.);
#10233=ADVANCED_FACE('',(#701),#9216,.F.);
#10234=ADVANCED_FACE('',(#702),#9217,.F.);
#10235=ADVANCED_FACE('',(#703),#9218,.F.);
#10236=ADVANCED_FACE('',(#704),#9219,.F.);
#10237=ADVANCED_FACE('',(#705),#9220,.F.);
#10238=ADVANCED_FACE('',(#706),#9221,.F.);
#10239=ADVANCED_FACE('',(#707),#9222,.F.);
#10240=ADVANCED_FACE('',(#708),#9223,.F.);
#10241=ADVANCED_FACE('',(#709),#9224,.F.);
#10242=ADVANCED_FACE('',(#710),#9225,.F.);
#10243=ADVANCED_FACE('',(#711),#9226,.F.);
#10244=ADVANCED_FACE('',(#712),#9227,.F.);
#10245=ADVANCED_FACE('',(#713),#9228,.F.);
#10246=ADVANCED_FACE('',(#714),#9229,.F.);
#10247=ADVANCED_FACE('',(#715),#9230,.F.);
#10248=ADVANCED_FACE('',(#716),#9231,.F.);
#10249=ADVANCED_FACE('',(#717),#9232,.F.);
#10250=ADVANCED_FACE('',(#718),#9233,.F.);
#10251=ADVANCED_FACE('',(#719),#9234,.F.);
#10252=ADVANCED_FACE('',(#720),#9235,.F.);
#10253=ADVANCED_FACE('',(#721),#9236,.F.);
#10254=ADVANCED_FACE('',(#722),#9237,.F.);
#10255=ADVANCED_FACE('',(#723),#9238,.F.);
#10256=ADVANCED_FACE('',(#724),#9239,.F.);
#10257=ADVANCED_FACE('',(#725),#9240,.F.);
#10258=ADVANCED_FACE('',(#726),#9241,.F.);
#10259=ADVANCED_FACE('',(#727),#9242,.F.);
#10260=ADVANCED_FACE('',(#728),#9243,.F.);
#10261=ADVANCED_FACE('',(#729),#9244,.F.);
#10262=ADVANCED_FACE('',(#730),#9245,.F.);
#10263=ADVANCED_FACE('',(#731),#9246,.F.);
#10264=ADVANCED_FACE('',(#732),#9247,.F.);
#10265=ADVANCED_FACE('',(#733),#9248,.F.);
#10266=ADVANCED_FACE('',(#734),#9249,.F.);
#10267=ADVANCED_FACE('',(#735),#9250,.F.);
#10268=ADVANCED_FACE('',(#736),#9251,.F.);
#10269=ADVANCED_FACE('',(#737),#9252,.F.);
#10270=ADVANCED_FACE('',(#738),#9253,.F.);
#10271=ADVANCED_FACE('',(#739),#9254,.F.);
#10272=ADVANCED_FACE('',(#740),#9255,.F.);
#10273=ADVANCED_FACE('',(#741),#9256,.F.);
#10274=ADVANCED_FACE('',(#742),#9257,.F.);
#10275=ADVANCED_FACE('',(#743),#9258,.F.);
#10276=ADVANCED_FACE('',(#744),#9259,.F.);
#10277=ADVANCED_FACE('',(#745),#9260,.F.);
#10278=ADVANCED_FACE('',(#746),#9261,.F.);
#10279=ADVANCED_FACE('',(#747),#9262,.F.);
#10280=ADVANCED_FACE('',(#748),#9263,.F.);
#10281=ADVANCED_FACE('',(#749),#9264,.F.);
#10282=ADVANCED_FACE('',(#750),#9265,.F.);
#10283=ADVANCED_FACE('',(#751),#9266,.F.);
#10284=ADVANCED_FACE('',(#752),#9267,.F.);
#10285=ADVANCED_FACE('',(#753),#9268,.F.);
#10286=ADVANCED_FACE('',(#754),#9269,.F.);
#10287=ADVANCED_FACE('',(#755),#9270,.F.);
#10288=ADVANCED_FACE('',(#756),#9271,.F.);
#10289=ADVANCED_FACE('',(#757),#9272,.F.);
#10290=ADVANCED_FACE('',(#758),#9273,.F.);
#10291=ADVANCED_FACE('',(#759),#9274,.F.);
#10292=ADVANCED_FACE('',(#760),#9275,.F.);
#10293=ADVANCED_FACE('',(#761),#9276,.F.);
#10294=ADVANCED_FACE('',(#762),#9277,.F.);
#10295=ADVANCED_FACE('',(#763),#9278,.F.);
#10296=ADVANCED_FACE('',(#764),#9279,.F.);
#10297=ADVANCED_FACE('',(#765),#9280,.F.);
#10298=ADVANCED_FACE('',(#766),#9281,.F.);
#10299=ADVANCED_FACE('',(#767),#9282,.F.);
#10300=ADVANCED_FACE('',(#768),#9283,.F.);
#10301=ADVANCED_FACE('',(#769),#9284,.F.);
#10302=ADVANCED_FACE('',(#770),#9285,.F.);
#10303=ADVANCED_FACE('',(#771),#9286,.F.);
#10304=ADVANCED_FACE('',(#772),#9287,.F.);
#10305=ADVANCED_FACE('',(#773),#9288,.F.);
#10306=ADVANCED_FACE('',(#774),#9289,.F.);
#10307=ADVANCED_FACE('',(#775),#9290,.F.);
#10308=ADVANCED_FACE('',(#776),#9291,.F.);
#10309=ADVANCED_FACE('',(#777),#9292,.F.);
#10310=ADVANCED_FACE('',(#778),#9293,.F.);
#10311=ADVANCED_FACE('',(#779),#9294,.F.);
#10312=ADVANCED_FACE('',(#780),#9295,.F.);
#10313=ADVANCED_FACE('',(#781),#9296,.F.);
#10314=ADVANCED_FACE('',(#782),#9297,.F.);
#10315=ADVANCED_FACE('',(#783),#9298,.F.);
#10316=ADVANCED_FACE('',(#784),#9299,.F.);
#10317=ADVANCED_FACE('',(#785),#9300,.F.);
#10318=ADVANCED_FACE('',(#786),#9301,.F.);
#10319=ADVANCED_FACE('',(#787),#9302,.F.);
#10320=ADVANCED_FACE('',(#788),#9303,.F.);
#10321=ADVANCED_FACE('',(#789),#9304,.F.);
#10322=ADVANCED_FACE('',(#790),#9305,.F.);
#10323=ADVANCED_FACE('',(#791),#9306,.F.);
#10324=ADVANCED_FACE('',(#792),#9307,.F.);
#10325=ADVANCED_FACE('',(#793),#9308,.F.);
#10326=ADVANCED_FACE('',(#794),#9309,.F.);
#10327=ADVANCED_FACE('',(#795),#9310,.F.);
#10328=ADVANCED_FACE('',(#796),#9311,.F.);
#10329=ADVANCED_FACE('',(#797),#9312,.F.);
#10330=ADVANCED_FACE('',(#798),#9313,.F.);
#10331=ADVANCED_FACE('',(#799),#9314,.F.);
#10332=CLOSED_SHELL('',(#9824,#9825,#9826,#9827,#9828,#9829,#9830,#9831));
#10333=CLOSED_SHELL('',(#9832,#9833,#9834,#9835,#9836,#9837,#9838,#9839));
#10334=CLOSED_SHELL('',(#9840,#9841,#9842,#9843,#9844,#9845,#9846,#9847,
#9848,#9849,#9850,#9851,#9852,#9853,#9854,#9855,#9856,#9857,#9858,#9859,
#9860,#9861,#9862,#9863,#9864,#9865,#9866,#9867,#9868,#9869,#9870,#9871,
#9872,#9873,#9874,#9875,#9876,#9877,#9878,#9879,#9880,#9881,#9882,#9883,
#9884,#9885,#9886,#9887,#9888,#9889,#9890,#9891,#9892,#9893,#9894,#9895,
#9896,#9897,#9898,#9899,#9900,#9901,#9902,#9903,#9904,#9905,#9906,#9907,
#9908,#9909,#9910,#9911,#9912,#9913,#9914,#9915,#9916,#9917,#9918,#9919,
#9920,#9921,#9922,#9923,#9924,#9925,#9926,#9927,#9928,#9929,#9930,#9931,
#9932,#9933,#9934,#9935,#9936,#9937,#9938,#9939,#9940,#9941,#9942,#9943,
#9944,#9945,#9946,#9947,#9948,#9949,#9950,#9951,#9952,#9953,#9954,#9955,
#9956,#9957,#9958,#9959,#9960,#9961,#9962,#9963,#9964,#9965,#9966,#9967,
#9968,#9969,#9970,#9971,#9972,#9973,#9974,#9975,#9976,#9977,#9978,#9979,
#9980,#9981,#9982,#9983,#9984,#9985,#9986,#9987,#9988,#9989,#9990,#9991,
#9992,#9993,#9994,#9995,#9996,#9997,#9998,#9999,#10000,#10001,#10002,#10003,
#10004,#10005,#10006,#10007,#10008,#10009,#10010,#10011,#10012,#10013,#10014,
#10015,#10016,#10017,#10018,#10019,#10020,#10021,#10022,#10023,#10024,#10025,
#10026,#10027,#10028,#10029,#10030,#10031,#10032,#10033,#10034,#10035,#10036,
#10037,#10038,#10039,#10040,#10041,#10042,#10043,#10044,#10045,#10046,#10047,
#10048,#10049,#10050,#10051,#10052,#10053,#10054,#10055,#10056,#10057,#10058,
#10059,#10060,#10061,#10062,#10063,#10064,#10065,#10066,#10067,#10068,#10069,
#10070,#10071,#10072,#10073,#10074,#10075,#10076,#10077,#10078,#10079,#10080,
#10081,#10082,#10083,#10084,#10085,#10086,#10087,#10088,#10089,#10090,#10091,
#10092,#10093,#10094,#10095,#10096,#10097,#10098,#10099,#10100,#10101,#10102,
#10103,#10104,#10105,#10106,#10107,#10108,#10109,#10110,#10111,#10112,#10113,
#10114,#10115,#10116,#10117,#10118,#10119,#10120,#10121,#10122,#10123,#10124,
#10125,#10126,#10127,#10128,#10129,#10130,#10131,#10132,#10133,#10134,#10135,
#10136,#10137,#10138,#10139,#10140,#10141,#10142,#10143,#10144,#10145,#10146,
#10147,#10148,#10149,#10150,#10151,#10152,#10153,#10154,#10155,#10156,#10157,
#10158,#10159,#10160,#10161,#10162,#10163,#10164,#10165,#10166,#10167,#10168,
#10169,#10170,#10171,#10172,#10173,#10174,#10175,#10176,#10177,#10178,#10179,
#10180,#10181,#10182,#10183,#10184,#10185,#10186,#10187,#10188,#10189,#10190,
#10191,#10192,#10193,#10194,#10195,#10196,#10197,#10198,#10199,#10200,#10201,
#10202,#10203,#10204,#10205,#10206,#10207,#10208,#10209,#10210,#10211,#10212,
#10213,#10214,#10215,#10216,#10217,#10218,#10219,#10220,#10221,#10222,#10223,
#10224,#10225,#10226,#10227,#10228,#10229,#10230,#10231,#10232,#10233,#10234,
#10235,#10236,#10237,#10238,#10239,#10240,#10241,#10242,#10243,#10244,#10245,
#10246,#10247,#10248,#10249,#10250,#10251,#10252,#10253,#10254,#10255,#10256,
#10257,#10258,#10259,#10260,#10261,#10262,#10263,#10264,#10265,#10266,#10267,
#10268,#10269,#10270,#10271,#10272,#10273,#10274,#10275,#10276,#10277,#10278,
#10279,#10280,#10281,#10282,#10283,#10284,#10285,#10286,#10287,#10288,#10289,
#10290,#10291,#10292,#10293,#10294,#10295,#10296,#10297,#10298,#10299,#10300,
#10301,#10302,#10303,#10304,#10305,#10306,#10307,#10308,#10309,#10310,#10311,
#10312,#10313,#10314,#10315,#10316,#10317,#10318,#10319,#10320,#10321,#10322,
#10323,#10324,#10325,#10326,#10327,#10328,#10329,#10330,#10331));
#10335=BREP_WITH_VOIDS('Solid1',#10334,(#290,#291));
#10336=DERIVED_UNIT_ELEMENT(#10339,1.);
#10337=DERIVED_UNIT_ELEMENT(#16801,-3.);
#10338=DIMENSIONAL_EXPONENTS(0.,1.,0.,0.,0.,0.,0.);
#10339=(
CONVERSION_BASED_UNIT('gram',#10341)
MASS_UNIT()
NAMED_UNIT(#10338)
);
#10340=(
MASS_UNIT()
NAMED_UNIT(*)
SI_UNIT(.KILO.,.GRAM.)
);
#10341=MASS_MEASURE_WITH_UNIT(MASS_MEASURE(0.001),#10340);
#10342=DERIVED_UNIT((#10336,#10337));
#10343=MEASURE_REPRESENTATION_ITEM('density measure',
POSITIVE_RATIO_MEASURE(1.),#10342);
#10344=PROPERTY_DEFINITION_REPRESENTATION(#10349,#10346);
#10345=PROPERTY_DEFINITION_REPRESENTATION(#10350,#10347);
#10346=REPRESENTATION('material name',(#10348),#16798);
#10347=REPRESENTATION('density',(#10343),#16798);
#10348=DESCRIPTIVE_REPRESENTATION_ITEM('Generic','Generic');
#10349=PROPERTY_DEFINITION('material property','material name',#16808);
#10350=PROPERTY_DEFINITION('material property','density of part',#16808);
#10351=DATE_TIME_ROLE('creation_date');
#10352=APPLIED_DATE_AND_TIME_ASSIGNMENT(#10353,#10351,(#16808));
#10353=DATE_AND_TIME(#10354,#10355);
#10354=CALENDAR_DATE(2020,9,6);
#10355=LOCAL_TIME(18,43,8.,#10356);
#10356=COORDINATED_UNIVERSAL_TIME_OFFSET(0,0,.BEHIND.);
#10357=AXIS2_PLACEMENT_3D('',#13504,#11001,#11002);
#10358=AXIS2_PLACEMENT_3D('',#13505,#11003,#11004);
#10359=AXIS2_PLACEMENT_3D('',#13514,#11009,#11010);
#10360=AXIS2_PLACEMENT_3D('',#13524,#11016,#11017);
#10361=AXIS2_PLACEMENT_3D('',#13528,#11020,#11021);
#10362=AXIS2_PLACEMENT_3D('',#13536,#11026,#11027);
#10363=AXIS2_PLACEMENT_3D('',#13538,#11029,#11030);
#10364=AXIS2_PLACEMENT_3D('',#13540,#11032,#11033);
#10365=AXIS2_PLACEMENT_3D('',#13542,#11035,#11036);
#10366=AXIS2_PLACEMENT_3D('',#13543,#11037,#11038);
#10367=AXIS2_PLACEMENT_3D('',#13556,#11045,#11046);
#10368=AXIS2_PLACEMENT_3D('',#13562,#11050,#11051);
#10369=AXIS2_PLACEMENT_3D('',#13566,#11054,#11055);
#10370=AXIS2_PLACEMENT_3D('',#13570,#11058,#11059);
#10371=AXIS2_PLACEMENT_3D('',#13574,#11062,#11063);
#10372=AXIS2_PLACEMENT_3D('',#13578,#11066,#11067);
#10373=AXIS2_PLACEMENT_3D('',#13580,#11069,#11070);
#10374=AXIS2_PLACEMENT_3D('',#13581,#11071,#11072);
#10375=AXIS2_PLACEMENT_3D('',#13590,#11077,#11078);
#10376=AXIS2_PLACEMENT_3D('',#13604,#11082,#11083);
#10377=AXIS2_PLACEMENT_3D('',#13618,#11090,#11091);
#10378=AXIS2_PLACEMENT_3D('',#13630,#11097,#11098);
#10379=AXIS2_PLACEMENT_3D('',#13635,#11101,#11102);
#10380=AXIS2_PLACEMENT_3D('',#14101,#11336,#11337);
#10381=AXIS2_PLACEMENT_3D('',#14108,#11341,#11342);
#10382=AXIS2_PLACEMENT_3D('',#14157,#11367,#11368);
#10383=AXIS2_PLACEMENT_3D('',#14212,#11396,#11397);
#10384=AXIS2_PLACEMENT_3D('',#14220,#11402,#11403);
#10385=AXIS2_PLACEMENT_3D('',#14223,#11405,#11406);
#10386=AXIS2_PLACEMENT_3D('',#14224,#11407,#11408);
#10387=AXIS2_PLACEMENT_3D('',#14228,#11411,#11412);
#10388=AXIS2_PLACEMENT_3D('',#14256,#11427,#11428);
#10389=AXIS2_PLACEMENT_3D('',#14264,#11433,#11434);
#10390=AXIS2_PLACEMENT_3D('',#14278,#11437,#11438);
#10391=AXIS2_PLACEMENT_3D('',#14290,#11442,#11443);
#10392=AXIS2_PLACEMENT_3D('',#14295,#11447,#11448);
#10393=AXIS2_PLACEMENT_3D('',#14297,#11449,#11450);
#10394=AXIS2_PLACEMENT_3D('',#14300,#11452,#11453);
#10395=AXIS2_PLACEMENT_3D('',#14316,#11454,#11455);
#10396=AXIS2_PLACEMENT_3D('',#14317,#11456,#11457);
#10397=AXIS2_PLACEMENT_3D('',#14318,#11458,#11459);
#10398=AXIS2_PLACEMENT_3D('',#14319,#11460,#11461);
#10399=AXIS2_PLACEMENT_3D('',#14320,#11462,#11463);
#10400=AXIS2_PLACEMENT_3D('',#14324,#11466,#11467);
#10401=AXIS2_PLACEMENT_3D('',#14326,#11469,#11470);
#10402=AXIS2_PLACEMENT_3D('',#14332,#11474,#11475);
#10403=AXIS2_PLACEMENT_3D('',#14336,#11478,#11479);
#10404=AXIS2_PLACEMENT_3D('',#14340,#11482,#11483);
#10405=AXIS2_PLACEMENT_3D('',#14342,#11485,#11486);
#10406=AXIS2_PLACEMENT_3D('',#14343,#11487,#11488);
#10407=AXIS2_PLACEMENT_3D('',#14351,#11493,#11494);
#10408=AXIS2_PLACEMENT_3D('',#14354,#11495,#11496);
#10409=AXIS2_PLACEMENT_3D('',#14379,#11503,#11504);
#10410=AXIS2_PLACEMENT_3D('',#14380,#11505,#11506);
#10411=AXIS2_PLACEMENT_3D('',#14397,#11507,#11508);
#10412=AXIS2_PLACEMENT_3D('',#14399,#11509,#11510);
#10413=AXIS2_PLACEMENT_3D('',#14400,#11511,#11512);
#10414=AXIS2_PLACEMENT_3D('',#14401,#11513,#11514);
#10415=AXIS2_PLACEMENT_3D('',#14404,#11517,#11518);
#10416=AXIS2_PLACEMENT_3D('',#14408,#11521,#11522);
#10417=AXIS2_PLACEMENT_3D('',#14414,#11526,#11527);
#10418=AXIS2_PLACEMENT_3D('',#14420,#11531,#11532);
#10419=AXIS2_PLACEMENT_3D('',#14426,#11536,#11537);
#10420=AXIS2_PLACEMENT_3D('',#14429,#11540,#11541);
#10421=AXIS2_PLACEMENT_3D('',#14431,#11543,#11544);
#10422=AXIS2_PLACEMENT_3D('',#14432,#11545,#11546);
#10423=AXIS2_PLACEMENT_3D('',#14434,#11548,#11549);
#10424=AXIS2_PLACEMENT_3D('',#14435,#11550,#11551);
#10425=AXIS2_PLACEMENT_3D('',#14436,#11552,#11553);
#10426=AXIS2_PLACEMENT_3D('',#14444,#11558,#11559);
#10427=AXIS2_PLACEMENT_3D('',#14450,#11563,#11564);
#10428=AXIS2_PLACEMENT_3D('',#14456,#11568,#11569);
#10429=AXIS2_PLACEMENT_3D('',#14460,#11572,#11573);
#10430=AXIS2_PLACEMENT_3D('',#14466,#11577,#11578);
#10431=AXIS2_PLACEMENT_3D('',#14469,#11581,#11582);
#10432=AXIS2_PLACEMENT_3D('',#14470,#11583,#11584);
#10433=AXIS2_PLACEMENT_3D('',#14474,#11587,#11588);
#10434=AXIS2_PLACEMENT_3D('',#14487,#11591,#11592);
#10435=AXIS2_PLACEMENT_3D('',#14496,#11594,#11595);
#10436=AXIS2_PLACEMENT_3D('',#14498,#11596,#11597);
#10437=AXIS2_PLACEMENT_3D('',#14501,#11599,#11600);
#10438=AXIS2_PLACEMENT_3D('',#14503,#11602,#11603);
#10439=AXIS2_PLACEMENT_3D('',#14519,#11604,#11605);
#10440=AXIS2_PLACEMENT_3D('',#14520,#11606,#11607);
#10441=AXIS2_PLACEMENT_3D('',#14521,#11608,#11609);
#10442=AXIS2_PLACEMENT_3D('',#14522,#11610,#11611);
#10443=AXIS2_PLACEMENT_3D('',#14523,#11612,#11613);
#10444=AXIS2_PLACEMENT_3D('',#14526,#11615,#11616);
#10445=AXIS2_PLACEMENT_3D('',#14527,#11617,#11618);
#10446=AXIS2_PLACEMENT_3D('',#14531,#11621,#11622);
#10447=AXIS2_PLACEMENT_3D('',#14535,#11625,#11626);
#10448=AXIS2_PLACEMENT_3D('',#14539,#11629,#11630);
#10449=AXIS2_PLACEMENT_3D('',#14543,#11633,#11634);
#10450=AXIS2_PLACEMENT_3D('',#14548,#11637,#11638);
#10451=AXIS2_PLACEMENT_3D('',#14550,#11639,#11640);
#10452=AXIS2_PLACEMENT_3D('',#14552,#11641,#11642);
#10453=AXIS2_PLACEMENT_3D('',#14553,#11643,#11644);
#10454=AXIS2_PLACEMENT_3D('',#14555,#11645,#11646);
#10455=AXIS2_PLACEMENT_3D('',#14557,#11648,#11649);
#10456=AXIS2_PLACEMENT_3D('',#14559,#11650,#11651);
#10457=AXIS2_PLACEMENT_3D('',#14560,#11652,#11653);
#10458=AXIS2_PLACEMENT_3D('',#14564,#11655,#11656);
#10459=AXIS2_PLACEMENT_3D('',#14570,#11657,#11658);
#10460=AXIS2_PLACEMENT_3D('',#14576,#11659,#11660);
#10461=AXIS2_PLACEMENT_3D('',#14582,#11661,#11662);
#10462=AXIS2_PLACEMENT_3D('',#14587,#11663,#11664);
#10463=AXIS2_PLACEMENT_3D('',#14588,#11665,#11666);
#10464=AXIS2_PLACEMENT_3D('',#14611,#11667,#11668);
#10465=AXIS2_PLACEMENT_3D('',#14612,#11669,#11670);
#10466=AXIS2_PLACEMENT_3D('',#14615,#11673,#11674);
#10467=AXIS2_PLACEMENT_3D('',#14617,#11676,#11677);
#10468=AXIS2_PLACEMENT_3D('',#14641,#11679,#11680);
#10469=AXIS2_PLACEMENT_3D('',#14642,#11681,#11682);
#10470=AXIS2_PLACEMENT_3D('',#14643,#11683,#11684);
#10471=AXIS2_PLACEMENT_3D('',#14644,#11685,#11686);
#10472=AXIS2_PLACEMENT_3D('',#14645,#11687,#11688);
#10473=AXIS2_PLACEMENT_3D('',#14647,#11689,#11690);
#10474=AXIS2_PLACEMENT_3D('',#14649,#11692,#11693);
#10475=AXIS2_PLACEMENT_3D('',#14651,#11694,#11695);
#10476=AXIS2_PLACEMENT_3D('',#14652,#11696,#11697);
#10477=AXIS2_PLACEMENT_3D('',#14656,#11699,#11700);
#10478=AXIS2_PLACEMENT_3D('',#14662,#11701,#11702);
#10479=AXIS2_PLACEMENT_3D('',#14668,#11703,#11704);
#10480=AXIS2_PLACEMENT_3D('',#14674,#11705,#11706);
#10481=AXIS2_PLACEMENT_3D('',#14679,#11707,#11708);
#10482=AXIS2_PLACEMENT_3D('',#14680,#11709,#11710);
#10483=AXIS2_PLACEMENT_3D('',#14683,#11711,#11712);
#10484=AXIS2_PLACEMENT_3D('',#14704,#11713,#11714);
#10485=AXIS2_PLACEMENT_3D('',#14706,#11716,#11717);
#10486=AXIS2_PLACEMENT_3D('',#14708,#11719,#11720);
#10487=AXIS2_PLACEMENT_3D('',#14710,#11722,#11723);
#10488=AXIS2_PLACEMENT_3D('',#14734,#11725,#11726);
#10489=AXIS2_PLACEMENT_3D('',#14735,#11727,#11728);
#10490=AXIS2_PLACEMENT_3D('',#14736,#11729,#11730);
#10491=AXIS2_PLACEMENT_3D('',#14737,#11731,#11732);
#10492=AXIS2_PLACEMENT_3D('',#14739,#11733,#11734);
#10493=AXIS2_PLACEMENT_3D('',#14741,#11736,#11737);
#10494=AXIS2_PLACEMENT_3D('',#14743,#11738,#11739);
#10495=AXIS2_PLACEMENT_3D('',#14744,#11740,#11741);
#10496=AXIS2_PLACEMENT_3D('',#14748,#11743,#11744);
#10497=AXIS2_PLACEMENT_3D('',#14754,#11745,#11746);
#10498=AXIS2_PLACEMENT_3D('',#14760,#11747,#11748);
#10499=AXIS2_PLACEMENT_3D('',#14766,#11749,#11750);
#10500=AXIS2_PLACEMENT_3D('',#14771,#11751,#11752);
#10501=AXIS2_PLACEMENT_3D('',#14772,#11753,#11754);
#10502=AXIS2_PLACEMENT_3D('',#14795,#11755,#11756);
#10503=AXIS2_PLACEMENT_3D('',#14796,#11757,#11758);
#10504=AXIS2_PLACEMENT_3D('',#14799,#11761,#11762);
#10505=AXIS2_PLACEMENT_3D('',#14801,#11764,#11765);
#10506=AXIS2_PLACEMENT_3D('',#14825,#11767,#11768);
#10507=AXIS2_PLACEMENT_3D('',#14826,#11769,#11770);
#10508=AXIS2_PLACEMENT_3D('',#14827,#11771,#11772);
#10509=AXIS2_PLACEMENT_3D('',#14828,#11773,#11774);
#10510=AXIS2_PLACEMENT_3D('',#14829,#11775,#11776);
#10511=AXIS2_PLACEMENT_3D('',#14832,#11778,#11779);
#10512=AXIS2_PLACEMENT_3D('',#14833,#11780,#11781);
#10513=AXIS2_PLACEMENT_3D('',#14837,#11784,#11785);
#10514=AXIS2_PLACEMENT_3D('',#14858,#11788,#11789);
#10515=AXIS2_PLACEMENT_3D('',#14870,#11790,#11791);
#10516=AXIS2_PLACEMENT_3D('',#14925,#11792,#11793);
#10517=AXIS2_PLACEMENT_3D('',#14931,#11794,#11795);
#10518=AXIS2_PLACEMENT_3D('',#14932,#11796,#11797);
#10519=AXIS2_PLACEMENT_3D('',#14933,#11798,#11799);
#10520=AXIS2_PLACEMENT_3D('',#14980,#11800,#11801);
#10521=AXIS2_PLACEMENT_3D('',#14982,#11802,#11803);
#10522=AXIS2_PLACEMENT_3D('',#14984,#11804,#11805);
#10523=AXIS2_PLACEMENT_3D('',#14986,#11806,#11807);
#10524=AXIS2_PLACEMENT_3D('',#14987,#11808,#11809);
#10525=AXIS2_PLACEMENT_3D('',#14988,#11810,#11811);
#10526=AXIS2_PLACEMENT_3D('',#14989,#11812,#11813);
#10527=AXIS2_PLACEMENT_3D('',#14990,#11814,#11815);
#10528=AXIS2_PLACEMENT_3D('',#14991,#11816,#11817);
#10529=AXIS2_PLACEMENT_3D('',#15027,#11836,#11837);
#10530=AXIS2_PLACEMENT_3D('',#15029,#11838,#11839);
#10531=AXIS2_PLACEMENT_3D('',#15035,#11843,#11844);
#10532=AXIS2_PLACEMENT_3D('',#15037,#11845,#11846);
#10533=AXIS2_PLACEMENT_3D('',#15041,#11848,#11849);
#10534=AXIS2_PLACEMENT_3D('',#15045,#11851,#11852);
#10535=AXIS2_PLACEMENT_3D('',#15049,#11854,#11855);
#10536=AXIS2_PLACEMENT_3D('',#15054,#11858,#11859);
#10537=AXIS2_PLACEMENT_3D('',#15055,#11860,#11861);
#10538=AXIS2_PLACEMENT_3D('',#15063,#11866,#11867);
#10539=AXIS2_PLACEMENT_3D('',#15068,#11870,#11871);
#10540=AXIS2_PLACEMENT_3D('',#15069,#11872,#11873);
#10541=AXIS2_PLACEMENT_3D('',#15071,#11874,#11875);
#10542=AXIS2_PLACEMENT_3D('',#15077,#11878,#11879);
#10543=AXIS2_PLACEMENT_3D('',#15081,#11881,#11882);
#10544=AXIS2_PLACEMENT_3D('',#15085,#11884,#11885);
#10545=AXIS2_PLACEMENT_3D('',#15088,#11887,#11888);
#10546=AXIS2_PLACEMENT_3D('',#15089,#11889,#11890);
#10547=AXIS2_PLACEMENT_3D('',#15092,#11892,#11893);
#10548=AXIS2_PLACEMENT_3D('',#15093,#11894,#11895);
#10549=AXIS2_PLACEMENT_3D('',#15099,#11899,#11900);
#10550=AXIS2_PLACEMENT_3D('',#15103,#11902,#11903);
#10551=AXIS2_PLACEMENT_3D('',#15107,#11905,#11906);
#10552=AXIS2_PLACEMENT_3D('',#15111,#11908,#11909);
#10553=AXIS2_PLACEMENT_3D('',#15115,#11911,#11912);
#10554=AXIS2_PLACEMENT_3D('',#15118,#11915,#11916);
#10555=AXIS2_PLACEMENT_3D('',#15124,#11920,#11921);
#10556=AXIS2_PLACEMENT_3D('',#15129,#11923,#11924);
#10557=AXIS2_PLACEMENT_3D('',#15133,#11926,#11927);
#10558=AXIS2_PLACEMENT_3D('',#15141,#11931,#11932);
#10559=AXIS2_PLACEMENT_3D('',#15145,#11934,#11935);
#10560=AXIS2_PLACEMENT_3D('',#15149,#11937,#11938);
#10561=AXIS2_PLACEMENT_3D('',#15152,#11940,#11941);
#10562=AXIS2_PLACEMENT_3D('',#15154,#11942,#11943);
#10563=AXIS2_PLACEMENT_3D('',#15158,#11945,#11946);
#10564=AXIS2_PLACEMENT_3D('',#15162,#11948,#11949);
#10565=AXIS2_PLACEMENT_3D('',#15166,#11951,#11952);
#10566=AXIS2_PLACEMENT_3D('',#15170,#11954,#11955);
#10567=AXIS2_PLACEMENT_3D('',#15174,#11957,#11958);
#10568=AXIS2_PLACEMENT_3D('',#15178,#11960,#11961);
#10569=AXIS2_PLACEMENT_3D('',#15182,#11963,#11964);
#10570=AXIS2_PLACEMENT_3D('',#15186,#11967,#11968);
#10571=AXIS2_PLACEMENT_3D('',#15188,#11969,#11970);
#10572=AXIS2_PLACEMENT_3D('',#15190,#11971,#11972);
#10573=AXIS2_PLACEMENT_3D('',#15192,#11973,#11974);
#10574=AXIS2_PLACEMENT_3D('',#15193,#11975,#11976);
#10575=AXIS2_PLACEMENT_3D('',#15195,#11977,#11978);
#10576=AXIS2_PLACEMENT_3D('',#15197,#11980,#11981);
#10577=AXIS2_PLACEMENT_3D('',#15200,#11982,#11983);
#10578=AXIS2_PLACEMENT_3D('',#15201,#11984,#11985);
#10579=AXIS2_PLACEMENT_3D('',#15203,#11987,#11988);
#10580=AXIS2_PLACEMENT_3D('',#15205,#11989,#11990);
#10581=AXIS2_PLACEMENT_3D('',#15207,#11992,#11993);
#10582=AXIS2_PLACEMENT_3D('',#15208,#11994,#11995);
#10583=AXIS2_PLACEMENT_3D('',#15210,#11996,#11997);
#10584=AXIS2_PLACEMENT_3D('',#15212,#11999,#12000);
#10585=AXIS2_PLACEMENT_3D('',#15215,#12001,#12002);
#10586=AXIS2_PLACEMENT_3D('',#15217,#12004,#12005);
#10587=AXIS2_PLACEMENT_3D('',#15218,#12006,#12007);
#10588=AXIS2_PLACEMENT_3D('',#15220,#12008,#12009);
#10589=AXIS2_PLACEMENT_3D('',#15222,#12011,#12012);
#10590=AXIS2_PLACEMENT_3D('',#15223,#12013,#12014);
#10591=AXIS2_PLACEMENT_3D('',#15225,#12015,#12016);
#10592=AXIS2_PLACEMENT_3D('',#15227,#12018,#12019);
#10593=AXIS2_PLACEMENT_3D('',#15230,#12020,#12021);
#10594=AXIS2_PLACEMENT_3D('',#15231,#12022,#12023);
#10595=AXIS2_PLACEMENT_3D('',#15233,#12025,#12026);
#10596=AXIS2_PLACEMENT_3D('',#15235,#12027,#12028);
#10597=AXIS2_PLACEMENT_3D('',#15237,#12030,#12031);
#10598=AXIS2_PLACEMENT_3D('',#15238,#12032,#12033);
#10599=AXIS2_PLACEMENT_3D('',#15287,#12035,#12036);
#10600=AXIS2_PLACEMENT_3D('',#15293,#12040,#12041);
#10601=AXIS2_PLACEMENT_3D('',#15297,#12043,#12044);
#10602=AXIS2_PLACEMENT_3D('',#15298,#12045,#12046);
#10603=AXIS2_PLACEMENT_3D('',#15315,#12051,#12052);
#10604=AXIS2_PLACEMENT_3D('',#15317,#12053,#12054);
#10605=AXIS2_PLACEMENT_3D('',#15319,#12056,#12057);
#10606=AXIS2_PLACEMENT_3D('',#15323,#12060,#12061);
#10607=AXIS2_PLACEMENT_3D('',#15338,#12062,#12063);
#10608=AXIS2_PLACEMENT_3D('',#15339,#12064,#12065);
#10609=AXIS2_PLACEMENT_3D('',#15340,#12066,#12067);
#10610=AXIS2_PLACEMENT_3D('',#15341,#12068,#12069);
#10611=AXIS2_PLACEMENT_3D('',#15342,#12070,#12071);
#10612=AXIS2_PLACEMENT_3D('',#15343,#12072,#12073);
#10613=AXIS2_PLACEMENT_3D('',#15346,#12075,#12076);
#10614=AXIS2_PLACEMENT_3D('',#15347,#12077,#12078);
#10615=AXIS2_PLACEMENT_3D('',#15349,#12079,#12080);
#10616=AXIS2_PLACEMENT_3D('',#15352,#12082,#12083);
#10617=AXIS2_PLACEMENT_3D('',#15353,#12084,#12085);
#10618=AXIS2_PLACEMENT_3D('',#15368,#12086,#12087);
#10619=AXIS2_PLACEMENT_3D('',#15402,#12089,#12090);
#10620=AXIS2_PLACEMENT_3D('',#15406,#12093,#12094);
#10621=AXIS2_PLACEMENT_3D('',#15409,#12096,#12097);
#10622=AXIS2_PLACEMENT_3D('',#15410,#12098,#12099);
#10623=AXIS2_PLACEMENT_3D('',#15416,#12103,#12104);
#10624=AXIS2_PLACEMENT_3D('',#15417,#12105,#12106);
#10625=AXIS2_PLACEMENT_3D('',#15418,#12107,#12108);
#10626=AXIS2_PLACEMENT_3D('',#15420,#12109,#12110);
#10627=AXIS2_PLACEMENT_3D('',#15423,#12112,#12113);
#10628=AXIS2_PLACEMENT_3D('',#15424,#12114,#12115);
#10629=AXIS2_PLACEMENT_3D('',#15456,#12116,#12117);
#10630=AXIS2_PLACEMENT_3D('',#15459,#12119,#12120);
#10631=AXIS2_PLACEMENT_3D('',#15460,#12121,#12122);
#10632=AXIS2_PLACEMENT_3D('',#15467,#12127,#12128);
#10633=AXIS2_PLACEMENT_3D('',#15469,#12130,#12131);
#10634=AXIS2_PLACEMENT_3D('',#15470,#12132,#12133);
#10635=AXIS2_PLACEMENT_3D('',#15473,#12136,#12137);
#10636=AXIS2_PLACEMENT_3D('',#15474,#12138,#12139);
#10637=AXIS2_PLACEMENT_3D('',#15476,#12141,#12142);
#10638=AXIS2_PLACEMENT_3D('',#15478,#12144,#12145);
#10639=AXIS2_PLACEMENT_3D('',#15480,#12147,#12148);
#10640=AXIS2_PLACEMENT_3D('',#15482,#12150,#12151);
#10641=AXIS2_PLACEMENT_3D('',#15484,#12153,#12154);
#10642=AXIS2_PLACEMENT_3D('',#15486,#12156,#12157);
#10643=AXIS2_PLACEMENT_3D('',#15487,#12158,#12159);
#10644=AXIS2_PLACEMENT_3D('',#15491,#12162,#12163);
#10645=AXIS2_PLACEMENT_3D('',#15495,#12166,#12167);
#10646=AXIS2_PLACEMENT_3D('',#15500,#12170,#12171);
#10647=AXIS2_PLACEMENT_3D('',#15501,#12172,#12173);
#10648=AXIS2_PLACEMENT_3D('',#15503,#12175,#12176);
#10649=AXIS2_PLACEMENT_3D('',#15505,#12178,#12179);
#10650=AXIS2_PLACEMENT_3D('',#15507,#12180,#12181);
#10651=AXIS2_PLACEMENT_3D('',#15511,#12183,#12184);
#10652=AXIS2_PLACEMENT_3D('',#15515,#12186,#12187);
#10653=AXIS2_PLACEMENT_3D('',#15519,#12189,#12190);
#10654=AXIS2_PLACEMENT_3D('',#15521,#12192,#12193);
#10655=AXIS2_PLACEMENT_3D('',#15524,#12196,#12197);
#10656=AXIS2_PLACEMENT_3D('',#15526,#12199,#12200);
#10657=AXIS2_PLACEMENT_3D('',#15528,#12202,#12203);
#10658=AXIS2_PLACEMENT_3D('',#15530,#12205,#12206);
#10659=AXIS2_PLACEMENT_3D('',#15532,#12208,#12209);
#10660=AXIS2_PLACEMENT_3D('',#15534,#12211,#12212);
#10661=AXIS2_PLACEMENT_3D('',#15536,#12214,#12215);
#10662=AXIS2_PLACEMENT_3D('',#15537,#12216,#12217);
#10663=AXIS2_PLACEMENT_3D('',#15540,#12219,#12220);
#10664=AXIS2_PLACEMENT_3D('',#15541,#12221,#12222);
#10665=AXIS2_PLACEMENT_3D('',#15546,#12224,#12225);
#10666=AXIS2_PLACEMENT_3D('',#15549,#12227,#12228);
#10667=AXIS2_PLACEMENT_3D('',#15552,#12230,#12231);
#10668=AXIS2_PLACEMENT_3D('',#15553,#12232,#12233);
#10669=AXIS2_PLACEMENT_3D('',#15556,#12236,#12237);
#10670=AXIS2_PLACEMENT_3D('',#15558,#12239,#12240);
#10671=AXIS2_PLACEMENT_3D('',#15559,#12241,#12242);
#10672=AXIS2_PLACEMENT_3D('',#15561,#12244,#12245);
#10673=AXIS2_PLACEMENT_3D('',#15563,#12247,#12248);
#10674=AXIS2_PLACEMENT_3D('',#15564,#12249,#12250);
#10675=AXIS2_PLACEMENT_3D('',#15565,#12251,#12252);
#10676=AXIS2_PLACEMENT_3D('',#15568,#12254,#12255);
#10677=AXIS2_PLACEMENT_3D('',#15569,#12256,#12257);
#10678=AXIS2_PLACEMENT_3D('',#15572,#12258,#12259);
#10679=AXIS2_PLACEMENT_3D('',#15576,#12261,#12262);
#10680=AXIS2_PLACEMENT_3D('',#15580,#12264,#12265);
#10681=AXIS2_PLACEMENT_3D('',#15585,#12268,#12269);
#10682=AXIS2_PLACEMENT_3D('',#15587,#12271,#12272);
#10683=AXIS2_PLACEMENT_3D('',#15590,#12275,#12276);
#10684=AXIS2_PLACEMENT_3D('',#15592,#12278,#12279);
#10685=AXIS2_PLACEMENT_3D('',#15594,#12281,#12282);
#10686=AXIS2_PLACEMENT_3D('',#15596,#12284,#12285);
#10687=AXIS2_PLACEMENT_3D('',#15598,#12287,#12288);
#10688=AXIS2_PLACEMENT_3D('',#15600,#12290,#12291);
#10689=AXIS2_PLACEMENT_3D('',#15602,#12293,#12294);
#10690=AXIS2_PLACEMENT_3D('',#15603,#12295,#12296);
#10691=AXIS2_PLACEMENT_3D('',#15604,#12297,#12298);
#10692=AXIS2_PLACEMENT_3D('',#15607,#12300,#12301);
#10693=AXIS2_PLACEMENT_3D('',#15608,#12302,#12303);
#10694=AXIS2_PLACEMENT_3D('',#15614,#12306,#12307);
#10695=AXIS2_PLACEMENT_3D('',#15618,#12309,#12310);
#10696=AXIS2_PLACEMENT_3D('',#15622,#12312,#12313);
#10697=AXIS2_PLACEMENT_3D('',#15625,#12315,#12316);
#10698=AXIS2_PLACEMENT_3D('',#15626,#12317,#12318);
#10699=AXIS2_PLACEMENT_3D('',#15628,#12320,#12321);
#10700=AXIS2_PLACEMENT_3D('',#15630,#12323,#12324);
#10701=AXIS2_PLACEMENT_3D('',#15632,#12326,#12327);
#10702=AXIS2_PLACEMENT_3D('',#15634,#12329,#12330);
#10703=AXIS2_PLACEMENT_3D('',#15636,#12332,#12333);
#10704=AXIS2_PLACEMENT_3D('',#15638,#12335,#12336);
#10705=AXIS2_PLACEMENT_3D('',#15640,#12338,#12339);
#10706=AXIS2_PLACEMENT_3D('',#15642,#12341,#12342);
#10707=AXIS2_PLACEMENT_3D('',#15643,#12343,#12344);
#10708=AXIS2_PLACEMENT_3D('',#15649,#12348,#12349);
#10709=AXIS2_PLACEMENT_3D('',#15653,#12352,#12353);
#10710=AXIS2_PLACEMENT_3D('',#15657,#12356,#12357);
#10711=AXIS2_PLACEMENT_3D('',#15661,#12360,#12361);
#10712=AXIS2_PLACEMENT_3D('',#15663,#12363,#12364);
#10713=AXIS2_PLACEMENT_3D('',#15670,#12368,#12369);
#10714=AXIS2_PLACEMENT_3D('',#15785,#12427,#12428);
#10715=AXIS2_PLACEMENT_3D('',#15810,#12441,#12442);
#10716=AXIS2_PLACEMENT_3D('',#15928,#12502,#12503);
#10717=AXIS2_PLACEMENT_3D('',#16085,#12582,#12583);
#10718=AXIS2_PLACEMENT_3D('',#16212,#12647,#12648);
#10719=AXIS2_PLACEMENT_3D('',#16233,#12659,#12660);
#10720=AXIS2_PLACEMENT_3D('',#16236,#12663,#12664);
#10721=AXIS2_PLACEMENT_3D('',#16238,#12666,#12667);
#10722=AXIS2_PLACEMENT_3D('',#16239,#12668,#12669);
#10723=AXIS2_PLACEMENT_3D('',#16242,#12672,#12673);
#10724=AXIS2_PLACEMENT_3D('',#16244,#12675,#12676);
#10725=AXIS2_PLACEMENT_3D('',#16246,#12678,#12679);
#10726=AXIS2_PLACEMENT_3D('',#16248,#12681,#12682);
#10727=AXIS2_PLACEMENT_3D('',#16250,#12684,#12685);
#10728=AXIS2_PLACEMENT_3D('',#16252,#12687,#12688);
#10729=AXIS2_PLACEMENT_3D('',#16254,#12690,#12691);
#10730=AXIS2_PLACEMENT_3D('',#16256,#12693,#12694);
#10731=AXIS2_PLACEMENT_3D('',#16258,#12696,#12697);
#10732=AXIS2_PLACEMENT_3D('',#16260,#12699,#12700);
#10733=AXIS2_PLACEMENT_3D('',#16262,#12702,#12703);
#10734=AXIS2_PLACEMENT_3D('',#16264,#12705,#12706);
#10735=AXIS2_PLACEMENT_3D('',#16266,#12708,#12709);
#10736=AXIS2_PLACEMENT_3D('',#16268,#12711,#12712);
#10737=AXIS2_PLACEMENT_3D('',#16270,#12714,#12715);
#10738=AXIS2_PLACEMENT_3D('',#16272,#12717,#12718);
#10739=AXIS2_PLACEMENT_3D('',#16274,#12720,#12721);
#10740=AXIS2_PLACEMENT_3D('',#16276,#12723,#12724);
#10741=AXIS2_PLACEMENT_3D('',#16278,#12726,#12727);
#10742=AXIS2_PLACEMENT_3D('',#16280,#12729,#12730);
#10743=AXIS2_PLACEMENT_3D('',#16282,#12732,#12733);
#10744=AXIS2_PLACEMENT_3D('',#16284,#12735,#12736);
#10745=AXIS2_PLACEMENT_3D('',#16286,#12738,#12739);
#10746=AXIS2_PLACEMENT_3D('',#16288,#12741,#12742);
#10747=AXIS2_PLACEMENT_3D('',#16290,#12744,#12745);
#10748=AXIS2_PLACEMENT_3D('',#16292,#12747,#12748);
#10749=AXIS2_PLACEMENT_3D('',#16294,#12750,#12751);
#10750=AXIS2_PLACEMENT_3D('',#16296,#12753,#12754);
#10751=AXIS2_PLACEMENT_3D('',#16298,#12756,#12757);
#10752=AXIS2_PLACEMENT_3D('',#16300,#12759,#12760);
#10753=AXIS2_PLACEMENT_3D('',#16302,#12762,#12763);
#10754=AXIS2_PLACEMENT_3D('',#16304,#12765,#12766);
#10755=AXIS2_PLACEMENT_3D('',#16305,#12767,#12768);
#10756=AXIS2_PLACEMENT_3D('',#16308,#12771,#12772);
#10757=AXIS2_PLACEMENT_3D('',#16310,#12774,#12775);
#10758=AXIS2_PLACEMENT_3D('',#16312,#12777,#12778);
#10759=AXIS2_PLACEMENT_3D('',#16314,#12780,#12781);
#10760=AXIS2_PLACEMENT_3D('',#16316,#12783,#12784);
#10761=AXIS2_PLACEMENT_3D('',#16318,#12786,#12787);
#10762=AXIS2_PLACEMENT_3D('',#16320,#12789,#12790);
#10763=AXIS2_PLACEMENT_3D('',#16322,#12792,#12793);
#10764=AXIS2_PLACEMENT_3D('',#16324,#12795,#12796);
#10765=AXIS2_PLACEMENT_3D('',#16326,#12798,#12799);
#10766=AXIS2_PLACEMENT_3D('',#16328,#12801,#12802);
#10767=AXIS2_PLACEMENT_3D('',#16330,#12804,#12805);
#10768=AXIS2_PLACEMENT_3D('',#16332,#12807,#12808);
#10769=AXIS2_PLACEMENT_3D('',#16334,#12810,#12811);
#10770=AXIS2_PLACEMENT_3D('',#16336,#12813,#12814);
#10771=AXIS2_PLACEMENT_3D('',#16338,#12816,#12817);
#10772=AXIS2_PLACEMENT_3D('',#16340,#12819,#12820);
#10773=AXIS2_PLACEMENT_3D('',#16342,#12822,#12823);
#10774=AXIS2_PLACEMENT_3D('',#16344,#12825,#12826);
#10775=AXIS2_PLACEMENT_3D('',#16346,#12828,#12829);
#10776=AXIS2_PLACEMENT_3D('',#16348,#12831,#12832);
#10777=AXIS2_PLACEMENT_3D('',#16350,#12834,#12835);
#10778=AXIS2_PLACEMENT_3D('',#16352,#12837,#12838);
#10779=AXIS2_PLACEMENT_3D('',#16353,#12839,#12840);
#10780=AXIS2_PLACEMENT_3D('',#16356,#12843,#12844);
#10781=AXIS2_PLACEMENT_3D('',#16358,#12846,#12847);
#10782=AXIS2_PLACEMENT_3D('',#16360,#12849,#12850);
#10783=AXIS2_PLACEMENT_3D('',#16362,#12852,#12853);
#10784=AXIS2_PLACEMENT_3D('',#16364,#12855,#12856);
#10785=AXIS2_PLACEMENT_3D('',#16366,#12858,#12859);
#10786=AXIS2_PLACEMENT_3D('',#16368,#12861,#12862);
#10787=AXIS2_PLACEMENT_3D('',#16370,#12864,#12865);
#10788=AXIS2_PLACEMENT_3D('',#16372,#12867,#12868);
#10789=AXIS2_PLACEMENT_3D('',#16374,#12870,#12871);
#10790=AXIS2_PLACEMENT_3D('',#16376,#12873,#12874);
#10791=AXIS2_PLACEMENT_3D('',#16377,#12875,#12876);
#10792=AXIS2_PLACEMENT_3D('',#16380,#12879,#12880);
#10793=AXIS2_PLACEMENT_3D('',#16382,#12882,#12883);
#10794=AXIS2_PLACEMENT_3D('',#16384,#12885,#12886);
#10795=AXIS2_PLACEMENT_3D('',#16386,#12888,#12889);
#10796=AXIS2_PLACEMENT_3D('',#16388,#12891,#12892);
#10797=AXIS2_PLACEMENT_3D('',#16390,#12894,#12895);
#10798=AXIS2_PLACEMENT_3D('',#16392,#12897,#12898);
#10799=AXIS2_PLACEMENT_3D('',#16394,#12900,#12901);
#10800=AXIS2_PLACEMENT_3D('',#16396,#12903,#12904);
#10801=AXIS2_PLACEMENT_3D('',#16398,#12906,#12907);
#10802=AXIS2_PLACEMENT_3D('',#16400,#12909,#12910);
#10803=AXIS2_PLACEMENT_3D('',#16402,#12912,#12913);
#10804=AXIS2_PLACEMENT_3D('',#16404,#12915,#12916);
#10805=AXIS2_PLACEMENT_3D('',#16406,#12918,#12919);
#10806=AXIS2_PLACEMENT_3D('',#16408,#12921,#12922);
#10807=AXIS2_PLACEMENT_3D('',#16410,#12924,#12925);
#10808=AXIS2_PLACEMENT_3D('',#16412,#12927,#12928);
#10809=AXIS2_PLACEMENT_3D('',#16413,#12929,#12930);
#10810=AXIS2_PLACEMENT_3D('',#16415,#12932,#12933);
#10811=AXIS2_PLACEMENT_3D('',#16417,#12935,#12936);
#10812=AXIS2_PLACEMENT_3D('',#16419,#12938,#12939);
#10813=AXIS2_PLACEMENT_3D('',#16421,#12941,#12942);
#10814=AXIS2_PLACEMENT_3D('',#16423,#12944,#12945);
#10815=AXIS2_PLACEMENT_3D('',#16425,#12947,#12948);
#10816=AXIS2_PLACEMENT_3D('',#16427,#12950,#12951);
#10817=AXIS2_PLACEMENT_3D('',#16429,#12953,#12954);
#10818=AXIS2_PLACEMENT_3D('',#16431,#12956,#12957);
#10819=AXIS2_PLACEMENT_3D('',#16433,#12959,#12960);
#10820=AXIS2_PLACEMENT_3D('',#16435,#12962,#12963);
#10821=AXIS2_PLACEMENT_3D('',#16437,#12965,#12966);
#10822=AXIS2_PLACEMENT_3D('',#16439,#12968,#12969);
#10823=AXIS2_PLACEMENT_3D('',#16441,#12971,#12972);
#10824=AXIS2_PLACEMENT_3D('',#16443,#12974,#12975);
#10825=AXIS2_PLACEMENT_3D('',#16445,#12977,#12978);
#10826=AXIS2_PLACEMENT_3D('',#16447,#12980,#12981);
#10827=AXIS2_PLACEMENT_3D('',#16449,#12983,#12984);
#10828=AXIS2_PLACEMENT_3D('',#16451,#12986,#12987);
#10829=AXIS2_PLACEMENT_3D('',#16453,#12989,#12990);
#10830=AXIS2_PLACEMENT_3D('',#16455,#12992,#12993);
#10831=AXIS2_PLACEMENT_3D('',#16457,#12995,#12996);
#10832=AXIS2_PLACEMENT_3D('',#16459,#12998,#12999);
#10833=AXIS2_PLACEMENT_3D('',#16461,#13001,#13002);
#10834=AXIS2_PLACEMENT_3D('',#16463,#13004,#13005);
#10835=AXIS2_PLACEMENT_3D('',#16465,#13007,#13008);
#10836=AXIS2_PLACEMENT_3D('',#16467,#13010,#13011);
#10837=AXIS2_PLACEMENT_3D('',#16469,#13013,#13014);
#10838=AXIS2_PLACEMENT_3D('',#16471,#13016,#13017);
#10839=AXIS2_PLACEMENT_3D('',#16473,#13019,#13020);
#10840=AXIS2_PLACEMENT_3D('',#16475,#13022,#13023);
#10841=AXIS2_PLACEMENT_3D('',#16477,#13025,#13026);
#10842=AXIS2_PLACEMENT_3D('',#16479,#13028,#13029);
#10843=AXIS2_PLACEMENT_3D('',#16481,#13031,#13032);
#10844=AXIS2_PLACEMENT_3D('',#16483,#13034,#13035);
#10845=AXIS2_PLACEMENT_3D('',#16485,#13037,#13038);
#10846=AXIS2_PLACEMENT_3D('',#16487,#13040,#13041);
#10847=AXIS2_PLACEMENT_3D('',#16489,#13043,#13044);
#10848=AXIS2_PLACEMENT_3D('',#16491,#13046,#13047);
#10849=AXIS2_PLACEMENT_3D('',#16493,#13049,#13050);
#10850=AXIS2_PLACEMENT_3D('',#16494,#13051,#13052);
#10851=AXIS2_PLACEMENT_3D('',#16497,#13055,#13056);
#10852=AXIS2_PLACEMENT_3D('',#16499,#13058,#13059);
#10853=AXIS2_PLACEMENT_3D('',#16501,#13061,#13062);
#10854=AXIS2_PLACEMENT_3D('',#16503,#13064,#13065);
#10855=AXIS2_PLACEMENT_3D('',#16505,#13067,#13068);
#10856=AXIS2_PLACEMENT_3D('',#16507,#13070,#13071);
#10857=AXIS2_PLACEMENT_3D('',#16509,#13073,#13074);
#10858=AXIS2_PLACEMENT_3D('',#16511,#13076,#13077);
#10859=AXIS2_PLACEMENT_3D('',#16513,#13079,#13080);
#10860=AXIS2_PLACEMENT_3D('',#16515,#13082,#13083);
#10861=AXIS2_PLACEMENT_3D('',#16517,#13085,#13086);
#10862=AXIS2_PLACEMENT_3D('',#16519,#13088,#13089);
#10863=AXIS2_PLACEMENT_3D('',#16521,#13091,#13092);
#10864=AXIS2_PLACEMENT_3D('',#16523,#13094,#13095);
#10865=AXIS2_PLACEMENT_3D('',#16525,#13097,#13098);
#10866=AXIS2_PLACEMENT_3D('',#16527,#13100,#13101);
#10867=AXIS2_PLACEMENT_3D('',#16529,#13103,#13104);
#10868=AXIS2_PLACEMENT_3D('',#16531,#13106,#13107);
#10869=AXIS2_PLACEMENT_3D('',#16533,#13109,#13110);
#10870=AXIS2_PLACEMENT_3D('',#16535,#13112,#13113);
#10871=AXIS2_PLACEMENT_3D('',#16537,#13115,#13116);
#10872=AXIS2_PLACEMENT_3D('',#16539,#13118,#13119);
#10873=AXIS2_PLACEMENT_3D('',#16541,#13121,#13122);
#10874=AXIS2_PLACEMENT_3D('',#16543,#13124,#13125);
#10875=AXIS2_PLACEMENT_3D('',#16545,#13127,#13128);
#10876=AXIS2_PLACEMENT_3D('',#16547,#13130,#13131);
#10877=AXIS2_PLACEMENT_3D('',#16549,#13133,#13134);
#10878=AXIS2_PLACEMENT_3D('',#16551,#13136,#13137);
#10879=AXIS2_PLACEMENT_3D('',#16553,#13139,#13140);
#10880=AXIS2_PLACEMENT_3D('',#16555,#13142,#13143);
#10881=AXIS2_PLACEMENT_3D('',#16557,#13145,#13146);
#10882=AXIS2_PLACEMENT_3D('',#16559,#13148,#13149);
#10883=AXIS2_PLACEMENT_3D('',#16561,#13151,#13152);
#10884=AXIS2_PLACEMENT_3D('',#16563,#13154,#13155);
#10885=AXIS2_PLACEMENT_3D('',#16565,#13157,#13158);
#10886=AXIS2_PLACEMENT_3D('',#16567,#13160,#13161);
#10887=AXIS2_PLACEMENT_3D('',#16569,#13163,#13164);
#10888=AXIS2_PLACEMENT_3D('',#16571,#13166,#13167);
#10889=AXIS2_PLACEMENT_3D('',#16573,#13169,#13170);
#10890=AXIS2_PLACEMENT_3D('',#16575,#13172,#13173);
#10891=AXIS2_PLACEMENT_3D('',#16577,#13175,#13176);
#10892=AXIS2_PLACEMENT_3D('',#16579,#13178,#13179);
#10893=AXIS2_PLACEMENT_3D('',#16581,#13181,#13182);
#10894=AXIS2_PLACEMENT_3D('',#16583,#13184,#13185);
#10895=AXIS2_PLACEMENT_3D('',#16585,#13187,#13188);
#10896=AXIS2_PLACEMENT_3D('',#16587,#13190,#13191);
#10897=AXIS2_PLACEMENT_3D('',#16589,#13193,#13194);
#10898=AXIS2_PLACEMENT_3D('',#16591,#13196,#13197);
#10899=AXIS2_PLACEMENT_3D('',#16593,#13199,#13200);
#10900=AXIS2_PLACEMENT_3D('',#16595,#13202,#13203);
#10901=AXIS2_PLACEMENT_3D('',#16597,#13205,#13206);
#10902=AXIS2_PLACEMENT_3D('',#16599,#13208,#13209);
#10903=AXIS2_PLACEMENT_3D('',#16601,#13211,#13212);
#10904=AXIS2_PLACEMENT_3D('',#16603,#13214,#13215);
#10905=AXIS2_PLACEMENT_3D('',#16605,#13217,#13218);
#10906=AXIS2_PLACEMENT_3D('',#16607,#13220,#13221);
#10907=AXIS2_PLACEMENT_3D('',#16609,#13223,#13224);
#10908=AXIS2_PLACEMENT_3D('',#16611,#13226,#13227);
#10909=AXIS2_PLACEMENT_3D('',#16613,#13229,#13230);
#10910=AXIS2_PLACEMENT_3D('',#16615,#13232,#13233);
#10911=AXIS2_PLACEMENT_3D('',#16617,#13235,#13236);
#10912=AXIS2_PLACEMENT_3D('',#16619,#13238,#13239);
#10913=AXIS2_PLACEMENT_3D('',#16621,#13241,#13242);
#10914=AXIS2_PLACEMENT_3D('',#16623,#13244,#13245);
#10915=AXIS2_PLACEMENT_3D('',#16625,#13247,#13248);
#10916=AXIS2_PLACEMENT_3D('',#16627,#13250,#13251);
#10917=AXIS2_PLACEMENT_3D('',#16629,#13253,#13254);
#10918=AXIS2_PLACEMENT_3D('',#16631,#13256,#13257);
#10919=AXIS2_PLACEMENT_3D('',#16633,#13259,#13260);
#10920=AXIS2_PLACEMENT_3D('',#16635,#13262,#13263);
#10921=AXIS2_PLACEMENT_3D('',#16637,#13265,#13266);
#10922=AXIS2_PLACEMENT_3D('',#16639,#13268,#13269);
#10923=AXIS2_PLACEMENT_3D('',#16641,#13271,#13272);
#10924=AXIS2_PLACEMENT_3D('',#16643,#13274,#13275);
#10925=AXIS2_PLACEMENT_3D('',#16645,#13277,#13278);
#10926=AXIS2_PLACEMENT_3D('',#16647,#13280,#13281);
#10927=AXIS2_PLACEMENT_3D('',#16649,#13283,#13284);
#10928=AXIS2_PLACEMENT_3D('',#16650,#13285,#13286);
#10929=AXIS2_PLACEMENT_3D('',#16653,#13289,#13290);
#10930=AXIS2_PLACEMENT_3D('',#16655,#13292,#13293);
#10931=AXIS2_PLACEMENT_3D('',#16657,#13295,#13296);
#10932=AXIS2_PLACEMENT_3D('',#16659,#13298,#13299);
#10933=AXIS2_PLACEMENT_3D('',#16661,#13301,#13302);
#10934=AXIS2_PLACEMENT_3D('',#16663,#13304,#13305);
#10935=AXIS2_PLACEMENT_3D('',#16665,#13307,#13308);
#10936=AXIS2_PLACEMENT_3D('',#16667,#13310,#13311);
#10937=AXIS2_PLACEMENT_3D('',#16669,#13313,#13314);
#10938=AXIS2_PLACEMENT_3D('',#16671,#13316,#13317);
#10939=AXIS2_PLACEMENT_3D('',#16673,#13319,#13320);
#10940=AXIS2_PLACEMENT_3D('',#16675,#13322,#13323);
#10941=AXIS2_PLACEMENT_3D('',#16677,#13325,#13326);
#10942=AXIS2_PLACEMENT_3D('',#16679,#13328,#13329);
#10943=AXIS2_PLACEMENT_3D('',#16681,#13331,#13332);
#10944=AXIS2_PLACEMENT_3D('',#16683,#13334,#13335);
#10945=AXIS2_PLACEMENT_3D('',#16685,#13337,#13338);
#10946=AXIS2_PLACEMENT_3D('',#16687,#13340,#13341);
#10947=AXIS2_PLACEMENT_3D('',#16689,#13343,#13344);
#10948=AXIS2_PLACEMENT_3D('',#16691,#13346,#13347);
#10949=AXIS2_PLACEMENT_3D('',#16693,#13349,#13350);
#10950=AXIS2_PLACEMENT_3D('',#16695,#13352,#13353);
#10951=AXIS2_PLACEMENT_3D('',#16697,#13355,#13356);
#10952=AXIS2_PLACEMENT_3D('',#16699,#13358,#13359);
#10953=AXIS2_PLACEMENT_3D('',#16701,#13361,#13362);
#10954=AXIS2_PLACEMENT_3D('',#16703,#13364,#13365);
#10955=AXIS2_PLACEMENT_3D('',#16704,#13366,#13367);
#10956=AXIS2_PLACEMENT_3D('',#16707,#13370,#13371);
#10957=AXIS2_PLACEMENT_3D('',#16709,#13373,#13374);
#10958=AXIS2_PLACEMENT_3D('',#16711,#13376,#13377);
#10959=AXIS2_PLACEMENT_3D('',#16713,#13379,#13380);
#10960=AXIS2_PLACEMENT_3D('',#16715,#13382,#13383);
#10961=AXIS2_PLACEMENT_3D('',#16717,#13385,#13386);
#10962=AXIS2_PLACEMENT_3D('',#16719,#13388,#13389);
#10963=AXIS2_PLACEMENT_3D('',#16721,#13391,#13392);
#10964=AXIS2_PLACEMENT_3D('',#16723,#13394,#13395);
#10965=AXIS2_PLACEMENT_3D('',#16725,#13397,#13398);
#10966=AXIS2_PLACEMENT_3D('',#16727,#13400,#13401);
#10967=AXIS2_PLACEMENT_3D('',#16729,#13403,#13404);
#10968=AXIS2_PLACEMENT_3D('',#16731,#13406,#13407);
#10969=AXIS2_PLACEMENT_3D('',#16733,#13409,#13410);
#10970=AXIS2_PLACEMENT_3D('',#16735,#13412,#13413);
#10971=AXIS2_PLACEMENT_3D('',#16737,#13415,#13416);
#10972=AXIS2_PLACEMENT_3D('',#16739,#13418,#13419);
#10973=AXIS2_PLACEMENT_3D('',#16741,#13421,#13422);
#10974=AXIS2_PLACEMENT_3D('',#16743,#13424,#13425);
#10975=AXIS2_PLACEMENT_3D('',#16745,#13427,#13428);
#10976=AXIS2_PLACEMENT_3D('',#16747,#13430,#13431);
#10977=AXIS2_PLACEMENT_3D('',#16749,#13433,#13434);
#10978=AXIS2_PLACEMENT_3D('',#16751,#13436,#13437);
#10979=AXIS2_PLACEMENT_3D('',#16753,#13439,#13440);
#10980=AXIS2_PLACEMENT_3D('',#16755,#13442,#13443);
#10981=AXIS2_PLACEMENT_3D('',#16757,#13445,#13446);
#10982=AXIS2_PLACEMENT_3D('',#16759,#13448,#13449);
#10983=AXIS2_PLACEMENT_3D('',#16761,#13451,#13452);
#10984=AXIS2_PLACEMENT_3D('',#16763,#13454,#13455);
#10985=AXIS2_PLACEMENT_3D('',#16765,#13457,#13458);
#10986=AXIS2_PLACEMENT_3D('',#16767,#13460,#13461);
#10987=AXIS2_PLACEMENT_3D('',#16769,#13463,#13464);
#10988=AXIS2_PLACEMENT_3D('',#16771,#13466,#13467);
#10989=AXIS2_PLACEMENT_3D('',#16773,#13469,#13470);
#10990=AXIS2_PLACEMENT_3D('',#16775,#13472,#13473);
#10991=AXIS2_PLACEMENT_3D('',#16776,#13474,#13475);
#10992=AXIS2_PLACEMENT_3D('',#16779,#13478,#13479);
#10993=AXIS2_PLACEMENT_3D('',#16781,#13481,#13482);
#10994=AXIS2_PLACEMENT_3D('',#16783,#13484,#13485);
#10995=AXIS2_PLACEMENT_3D('',#16785,#13487,#13488);
#10996=AXIS2_PLACEMENT_3D('',#16787,#13490,#13491);
#10997=AXIS2_PLACEMENT_3D('',#16789,#13493,#13494);
#10998=AXIS2_PLACEMENT_3D('',#16791,#13496,#13497);
#10999=AXIS2_PLACEMENT_3D('',#16793,#13499,#13500);
#11000=AXIS2_PLACEMENT_3D('',#16795,#13502,#13503);
#11001=DIRECTION('axis',(0.,0.,1.));
#11002=DIRECTION('refdir',(1.,0.,0.));
#11003=DIRECTION('center_axis',(0.,0.,-1.));
#11004=DIRECTION('ref_axis',(-1.,0.,0.));
#11005=DIRECTION('',(1.,0.,0.));
#11006=DIRECTION('',(0.,-1.,0.));
#11007=DIRECTION('',(-1.,0.,0.));
#11008=DIRECTION('',(0.,-1.,0.));
#11009=DIRECTION('center_axis',(0.,1.,0.));
#11010=DIRECTION('ref_axis',(1.,0.,0.));
#11011=DIRECTION('',(-0.540098673867408,0.,-0.841601700620113));
#11012=DIRECTION('',(0.,0.,-1.));
#11013=DIRECTION('',(-1.,0.,0.));
#11014=DIRECTION('',(0.,0.,1.));
#11015=DIRECTION('',(-0.936729107170885,0.,0.350055109631094));
#11016=DIRECTION('center_axis',(-0.841601700620113,0.,0.540098673867409));
#11017=DIRECTION('ref_axis',(-0.540098673867409,0.,-0.841601700620113));
#11018=DIRECTION('',(-0.540098673867408,0.,-0.841601700620113));
#11019=DIRECTION('',(0.,1.,0.));
#11020=DIRECTION('center_axis',(0.,1.,0.));
#11021=DIRECTION('ref_axis',(-1.,0.,0.));
#11022=DIRECTION('',(-0.936729107170885,0.,0.350055109631094));
#11023=DIRECTION('',(0.,0.,1.));
#11024=DIRECTION('',(-1.,0.,0.));
#11025=DIRECTION('',(0.,0.,-1.));
#11026=DIRECTION('center_axis',(0.350055109631094,0.,0.936729107170885));
#11027=DIRECTION('ref_axis',(-0.936729107170885,0.,0.350055109631094));
#11028=DIRECTION('',(0.,1.,0.));
#11029=DIRECTION('center_axis',(1.,0.,0.));
#11030=DIRECTION('ref_axis',(0.,0.,1.));
#11031=DIRECTION('',(0.,1.,0.));
#11032=DIRECTION('center_axis',(0.,0.,1.));
#11033=DIRECTION('ref_axis',(-1.,0.,0.));
#11034=DIRECTION('',(0.,1.,0.));
#11035=DIRECTION('center_axis',(-1.,0.,0.));
#11036=DIRECTION('ref_axis',(0.,0.,-1.));
#11037=DIRECTION('center_axis',(0.,1.,0.));
#11038=DIRECTION('ref_axis',(1.,0.,0.));
#11039=DIRECTION('',(1.,0.,0.));
#11040=DIRECTION('',(-0.936729107170885,0.,0.350055109631094));
#11041=DIRECTION('',(0.,0.,1.));
#11042=DIRECTION('',(1.,0.,0.));
#11043=DIRECTION('',(0.,0.,-1.));
#11044=DIRECTION('',(-0.540098673867408,0.,-0.841601700620113));
#11045=DIRECTION('center_axis',(0.,0.,-1.));
#11046=DIRECTION('ref_axis',(1.,0.,0.));
#11047=DIRECTION('',(0.,1.,0.));
#11048=DIRECTION('',(1.,0.,0.));
#11049=DIRECTION('',(0.,1.,0.));
#11050=DIRECTION('center_axis',(-0.841601700620113,0.,0.540098673867409));
#11051=DIRECTION('ref_axis',(-0.540098673867409,0.,-0.841601700620113));
#11052=DIRECTION('',(0.,1.,-1.7763568394E-14));
#11053=DIRECTION('',(-0.540098673867408,0.,-0.841601700620113));
#11054=DIRECTION('center_axis',(-1.,0.,0.));
#11055=DIRECTION('ref_axis',(0.,0.,-1.));
#11056=DIRECTION('',(0.,1.,0.));
#11057=DIRECTION('',(0.,0.,-1.));
#11058=DIRECTION('center_axis',(0.,0.,1.));
#11059=DIRECTION('ref_axis',(1.,0.,0.));
#11060=DIRECTION('',(0.,1.,0.));
#11061=DIRECTION('',(-1.,0.,0.));
#11062=DIRECTION('center_axis',(1.,0.,0.));
#11063=DIRECTION('ref_axis',(0.,0.,1.));
#11064=DIRECTION('',(0.,1.,-1.7763568394E-14));
#11065=DIRECTION('',(0.,0.,1.));
#11066=DIRECTION('center_axis',(0.350055109631094,0.,0.936729107170885));
#11067=DIRECTION('ref_axis',(-0.936729107170885,0.,0.350055109631094));
#11068=DIRECTION('',(-0.936729107170885,0.,0.350055109631094));
#11069=DIRECTION('center_axis',(0.,1.,0.));
#11070=DIRECTION('ref_axis',(1.,0.,0.));
#11071=DIRECTION('center_axis',(0.954336841051808,0.,0.298732646042003));
#11072=DIRECTION('ref_axis',(0.298732646042003,0.,-0.954336841051808));
#11073=DIRECTION('',(0.298732646042002,0.,-0.954336841051808));
#11074=DIRECTION('',(0.,-1.,0.));
#11075=DIRECTION('',(0.298732646042002,0.,-0.954336841051808));
#11076=DIRECTION('',(0.,-1.,0.));
#11077=DIRECTION('center_axis',(0.,1.,0.));
#11078=DIRECTION('ref_axis',(1.,0.,0.));
#11079=DIRECTION('',(-1.,0.,0.));
#11080=DIRECTION('',(-1.,0.,-5.427203096841E-10));
#11081=DIRECTION('',(0.,0.,1.));
#11082=DIRECTION('center_axis',(0.,1.,0.));
#11083=DIRECTION('ref_axis',(1.,0.,0.));
#11084=DIRECTION('',(-1.,0.,0.));
#11085=DIRECTION('',(-3.921143467058E-10,0.,1.));
#11086=DIRECTION('',(-0.731055267409021,0.,0.68231825125342));
#11087=DIRECTION('',(-1.,0.,0.));
#11088=DIRECTION('',(-0.980580675690936,0.,0.196116135138107));
#11089=DIRECTION('',(-1.,0.,2.249408389023E-14));
#11090=DIRECTION('center_axis',(0.,1.,0.));
#11091=DIRECTION('ref_axis',(0.,0.,-1.));
#11092=DIRECTION('',(0.,0.,1.));
#11093=DIRECTION('',(0.996194698091907,0.,0.0871557427458106));
#11094=DIRECTION('',(0.412464801504796,-1.96128908688098E-14,-0.910973538320191));
#11095=DIRECTION('',(0.987074069787456,0.,0.160264720862793));
#11096=DIRECTION('',(0.173648177666999,1.060651596009E-14,0.984807753012196));
#11097=DIRECTION('center_axis',(0.,1.,0.));
#11098=DIRECTION('ref_axis',(-0.984807753015705,0.,0.173648177647101));
#11099=DIRECTION('',(-1.,0.,-1.301693393314E-14));
#11100=DIRECTION('',(0.,0.,-1.));
#11101=DIRECTION('center_axis',(0.,1.,0.));
#11102=DIRECTION('ref_axis',(1.,0.,0.));
#11103=DIRECTION('',(1.,0.,0.));
#11104=DIRECTION('',(0.707300350796421,0.,0.706913158572721));
#11105=DIRECTION('',(-0.70691326455157,0.,0.70730024487557));
#11106=DIRECTION('',(-1.,0.,0.));
#11107=DIRECTION('',(0.,0.,-1.));
#11108=DIRECTION('',(0.952246843212035,0.,0.305329247850111));
#11109=DIRECTION('',(0.,0.,1.));
#11110=DIRECTION('',(-0.00588552205575887,0.,0.999982680165077));
#11111=DIRECTION('',(-0.0241369592374806,0.,0.999708661160224));
#11112=DIRECTION('',(-0.0649149341129692,0.,0.997890801304987));
#11113=DIRECTION('',(-0.137405563102293,0.,0.99051487178565));
#11114=DIRECTION('',(-0.226757984751294,0.,0.973951136531773));
#11115=DIRECTION('',(-0.326616229138008,0.,0.945157044550623));
#11116=DIRECTION('',(-0.435818003821313,0.,0.900034814629527));
#11117=DIRECTION('',(-0.543291166629689,0.,0.839544345619784));
#11118=DIRECTION('',(-0.645799228432685,0.,0.763507273413783));
#11119=DIRECTION('',(-0.733531520456165,0.,0.679655433655368));
#11120=DIRECTION('',(-0.811660388837323,0.,0.584129620197817));
#11121=DIRECTION('',(-0.874255937773514,0.,0.485465297696708));
#11122=DIRECTION('',(-0.923622257470928,0.,0.383303959677312));
#11123=DIRECTION('',(-0.960434229819945,0.,0.278506894331484));
#11124=DIRECTION('',(-0.983450193324412,0.,0.181178688730702));
#11125=DIRECTION('',(-0.995931678306243,0.,0.0901115538990939));
#11126=DIRECTION('',(-0.99999244724516,0.,0.00388657337964985));
#11127=DIRECTION('',(-0.997203323951401,0.,-0.0747364081306901));
#11128=DIRECTION('',(-0.984584083424829,0.,-0.174911928313905));
#11129=DIRECTION('',(-0.950557624777335,0.,-0.310548228102611));
#11130=DIRECTION('',(-0.89352303909829,0.,-0.449017347772395));
#11131=DIRECTION('',(-0.824552088603806,0.,-0.565786048943504));
#11132=DIRECTION('',(-0.746072079805477,0.,-0.665865190361179));
#11133=DIRECTION('',(-0.64509335254813,0.,-0.764103766839435));
#11134=DIRECTION('',(-0.526603424542104,0.,-0.850111071131607));
#11135=DIRECTION('',(-0.399495668882019,0.,-0.916735081986344));
#11136=DIRECTION('',(-0.283551799697598,0.,-0.958956921289092));
#11137=DIRECTION('',(-0.159778584899406,0.,-0.98715287762714));
#11138=DIRECTION('',(-0.0744281428067667,0.,-0.997226379293255));
#11139=DIRECTION('',(-0.0201227675298602,0.,-0.999797516613709));
#11140=DIRECTION('',(0.,0.,-1.));
#11141=DIRECTION('',(0.952377751805661,0.,0.304920674709988));
#11142=DIRECTION('',(0.,0.,1.));
#11143=DIRECTION('',(-0.95272767957201,0.,-0.303825556162303));
#11144=DIRECTION('',(0.,0.,-1.));
#11145=DIRECTION('',(-0.952004245667554,0.,-0.306084818687485));
#11146=DIRECTION('',(0.,0.,1.));
#11147=DIRECTION('',(-0.952727680308992,0.,-0.303825553851297));
#11148=DIRECTION('',(0.,0.,-1.));
#11149=DIRECTION('',(-0.946205466863936,0.,-0.323566398868612));
#11150=DIRECTION('',(0.,0.,1.));
#11151=DIRECTION('',(-0.951603934559782,0.,-0.307327108681194));
#11152=DIRECTION('',(0.,0.,-1.));
#11153=DIRECTION('',(0.906054032176728,0.,0.423162014807913));
#11154=DIRECTION('',(0.840144954023476,0.,0.542361923653285));
#11155=DIRECTION('',(0.741697878610607,0.,0.670734117862306));
#11156=DIRECTION('',(0.613584732468704,0.,0.789628885034805));
#11157=DIRECTION('',(0.456873457954285,0.,0.88953169893877));
#11158=DIRECTION('',(0.273974953254393,0.,0.961736827302175));
#11159=DIRECTION('',(0.087975970558402,0.,0.996122597175823));
#11160=DIRECTION('',(-0.0833050206408165,0.,0.996524095813058));
#11161=DIRECTION('',(-0.286698752600899,0.,0.958020785399298));
#11162=DIRECTION('',(-0.525738497804519,0.,0.850646243703131));
#11163=DIRECTION('',(-0.747037444387002,0.,0.664781961761702));
#11164=DIRECTION('',(-0.901312041893215,0.,0.433170408890407));
#11165=DIRECTION('',(-0.978085666524198,0.,0.2082028552636));
#11166=DIRECTION('',(-0.112029679984495,0.,-0.993704861013858));
#11167=DIRECTION('',(0.962495508750074,0.,-0.271297614504693));
#11168=DIRECTION('',(0.884873158970565,0.,-0.465832043266082));
#11169=DIRECTION('',(0.739374555470425,0.,-0.673294338846623));
#11170=DIRECTION('',(0.529631465431385,0.,-0.848227864918976));
#11171=DIRECTION('',(0.0890403673583417,0.,-0.996028018170519));
#11172=DIRECTION('',(-0.0875358665234564,0.,-0.996161368490059));
#11173=DIRECTION('',(-0.264236175457303,0.,-0.964458005088712));
#11174=DIRECTION('',(-0.428386376461998,0.,-0.903595657615595));
#11175=DIRECTION('',(-0.59036063031762,0.,-0.807139595219428));
#11176=DIRECTION('',(-0.734803444869397,0.,-0.678280102470997));
#11177=DIRECTION('',(-0.839546858552667,0.,-0.543287283390978));
#11178=DIRECTION('',(-0.90753115875698,0.,-0.419984756729591));
#11179=DIRECTION('',(-0.955203225168841,0.,-0.295950669245813));
#11180=DIRECTION('',(-0.985211298247609,0.,-0.171343800019902));
#11181=DIRECTION('',(-0.999592309387501,0.,-0.02855197039368));
#11182=DIRECTION('',(-0.981425923306352,0.,0.19184148941841));
#11183=DIRECTION('',(-0.87347358819572,0.,0.486871534107811));
#11184=DIRECTION('',(-0.639159181844135,0.,0.769074469908042));
#11185=DIRECTION('',(-0.350259361598597,0.,0.936652752951991));
#11186=DIRECTION('',(-0.0990792077710534,0.,0.995079549879034));
#11187=DIRECTION('',(0.0469281005405697,0.,0.998898269785094));
#11188=DIRECTION('',(0.135639528799798,0.,0.990758254180589));
#11189=DIRECTION('',(0.216309538949593,0.,0.976324834959869));
#11190=DIRECTION('',(0.2772450063952,0.,0.960799253969801));
#11191=DIRECTION('',(0.33678789177421,0.,0.941580541405929));
#11192=DIRECTION('',(0.404569848685106,0.,0.914507100866314));
#11193=DIRECTION('',(0.95292400867833,0.,0.30320922427331));
#11194=DIRECTION('',(0.,0.,-1.));
#11195=DIRECTION('',(0.952389022077132,0.,0.30488547132811));
#11196=DIRECTION('',(0.,0.,1.));
#11197=DIRECTION('',(-0.952054040107004,0.,-0.305929901637501));
#11198=DIRECTION('',(-0.471364915095604,0.,-0.881938272679508));
#11199=DIRECTION('',(-0.391133104095797,0.,-0.920334121327894));
#11200=DIRECTION('',(-0.319492073651783,0.,-0.94758894826485));
#11201=DIRECTION('',(-0.2404447303001,0.,-0.970662831095799));
#11202=DIRECTION('',(-0.147196767000299,0.,-0.989107229669594));
#11203=DIRECTION('',(-0.0495754459656224,0.,-0.998770381597948));
#11204=DIRECTION('',(0.0821628662471085,0.,-0.996618915839981));
#11205=DIRECTION('',(0.291384127474104,0.,-0.956606131203514));
#11206=DIRECTION('',(0.551019848715667,0.,-0.83449213676425));
#11207=DIRECTION('',(0.803149212619294,0.,-0.595777930330596));
#11208=DIRECTION('',(0.959035131236913,0.,-0.283287163587404));
#11209=DIRECTION('',(0.999999207836621,0.,-0.00125870017533403));
#11210=DIRECTION('',(0.984428575817706,0.,0.175785036659901));
#11211=DIRECTION('',(0.952802183355003,0.,0.303591830249001));
#11212=DIRECTION('',(0.521372708346077,0.,-0.853329068409062));
#11213=DIRECTION('',(0.63206102155233,0.,-0.774918618329838));
#11214=DIRECTION('',(0.760841913458478,0.,-0.648937271795081));
#11215=DIRECTION('',(0.867172836734661,0.,-0.498007300377777));
#11216=DIRECTION('',(0.947524997191966,0.,-0.319681684956089));
#11217=DIRECTION('',(0.991359508514415,0.,-0.131172881641202));
#11218=DIRECTION('',(0.999306225686726,0.,0.037243352477321));
#11219=DIRECTION('',(0.972553566393751,0.,0.232679093377112));
#11220=DIRECTION('',(0.876813305449239,0.,0.480830975902322));
#11221=DIRECTION('',(0.723554460859282,0.,0.690267297625083));
#11222=DIRECTION('',(0.523200062055603,0.,0.852209889091305));
#11223=DIRECTION('',(0.290368134398409,0.,0.956915015310131));
#11224=DIRECTION('',(0.0856555569824638,0.,0.996324809265545));
#11225=DIRECTION('',(-0.0849408575003028,0.,0.996385994846933));
#11226=DIRECTION('',(-0.298802250402189,0.,0.954315050260965));
#11227=DIRECTION('',(-0.558348373329483,0.,0.829606589896874));
#11228=DIRECTION('',(-0.787859118899991,0.,0.615855509649893));
#11229=DIRECTION('',(-0.937301604917511,0.,0.348519298488704));
#11230=DIRECTION('',(-0.997000813417299,0.,0.0773910721287999));
#11231=DIRECTION('',(-0.0445387033865785,0.,-0.999007659580567));
#11232=DIRECTION('',(0.995363226068193,0.,-0.0961875677575793));
#11233=DIRECTION('',(0.940773891728037,0.,-0.339034636346913));
#11234=DIRECTION('',(0.795382347559191,0.,-0.606108011159093));
#11235=DIRECTION('',(0.553463255772289,0.,-0.832873594556784));
#11236=DIRECTION('',(0.289186123793292,0.,-0.957272889935472));
#11237=DIRECTION('',(0.0808667412901029,0.,-0.996724922008635));
#11238=DIRECTION('',(-0.0642814661264616,0.,-0.997931807846925));
#11239=DIRECTION('',(-0.233275691552592,0.,-0.972410639457765));
#11240=DIRECTION('',(-0.467244849567399,0.,-0.884127960508398));
#11241=DIRECTION('',(-0.690809271691005,0.,-0.723037032347405));
#11242=DIRECTION('',(-0.85977847822359,0.,-0.510667179661594));
#11243=DIRECTION('',(-0.969692029665272,0.,-0.244330447557493));
#11244=DIRECTION('',(-0.999644564925795,0.,0.0266597789622699));
#11245=DIRECTION('',(-0.940740910626707,0.,0.339126140356703));
#11246=DIRECTION('',(-0.778879656297196,0.,0.627173405850696));
#11247=DIRECTION('',(-0.596997622461233,0.,0.802243004815645));
#11248=DIRECTION('',(-0.490964218960111,0.,0.871179737884719));
#11249=DIRECTION('',(0.435132050037209,0.,-0.900366647000218));
#11250=DIRECTION('',(-0.504412722949312,0.,0.863462682996121));
#11251=DIRECTION('',(-0.633488271430313,0.,0.773752292378016));
#11252=DIRECTION('',(-0.830404976776889,0.,0.557160277248993));
#11253=DIRECTION('',(-0.960434220757596,0.,0.278506925583099));
#11254=DIRECTION('',(-0.999984476109463,0.,0.00557203195275079));
#11255=DIRECTION('',(-0.970149645234812,0.,-0.242507042889003));
#11256=DIRECTION('',(-0.867008838538123,0.,-0.498292759225713));
#11257=DIRECTION('',(-0.71295114793043,0.,-0.70121370541703));
#11258=DIRECTION('',(-0.52419466470032,0.,-0.851598469643833));
#11259=DIRECTION('',(-0.296432146910894,0.,-0.955053915900981));
#11260=DIRECTION('',(-0.0888048019139212,0.,-0.996049048569913));
#11261=DIRECTION('',(0.0588615494020501,0.,-0.998266155893302));
#11262=DIRECTION('',(0.194318825096206,0.,-0.98093842529143));
#11263=DIRECTION('',(0.351561116636213,0.,-0.936164932727935));
#11264=DIRECTION('',(0.522212592629825,0.,-0.852815342321441));
#11265=DIRECTION('',(0.707987621154605,0.,-0.706224842590405));
#11266=DIRECTION('',(0.872075964370986,0.,-0.489370526662992));
#11267=DIRECTION('',(0.962364849892167,0.,-0.271760732432091));
#11268=DIRECTION('',(0.995739318861475,0.,-0.0922128454895777));
#11269=DIRECTION('',(0.997694111961897,0.,0.0678708991878098));
#11270=DIRECTION('',(0.0519461064135805,0.,0.998649889615209));
#11271=DIRECTION('',(-0.999861769022286,0.,-0.0166265705310898));
#11272=DIRECTION('',(-0.990116987280933,0.,0.140243900037505));
#11273=DIRECTION('',(-0.912053752115317,0.,0.410070668607707));
#11274=DIRECTION('',(-0.643668287928595,0.,0.765304602831494));
#11275=DIRECTION('',(-0.314634120593711,0.,0.949213026753332));
#11276=DIRECTION('',(-0.08207850539273,0.,0.9966258670898));
#11277=DIRECTION('',(0.065296874235059,0.,0.997865881877485));
#11278=DIRECTION('',(0.234230933206007,0.,0.972180986200328));
#11279=DIRECTION('',(0.4615053612663,0.,0.887137419751));
#11280=DIRECTION('',(0.679295076657094,0.,0.733865245688494));
#11281=DIRECTION('',(0.846482981491874,0.,0.532415779297184));
#11282=DIRECTION('',(0.966201076567399,0.,0.2577896034366));
#11283=DIRECTION('',(0.999388094545773,0.,-0.034977656870769));
#11284=DIRECTION('',(0.934676878324854,0.,-0.355498429145483));
#11285=DIRECTION('',(0.772403389194088,0.,-0.63513227312229));
#11286=DIRECTION('',(0.581110200951203,0.,-0.813824879412305));
#11287=DIRECTION('',(0.47771603441938,0.,-0.878514308624863));
#11288=DIRECTION('',(-0.429185422999279,0.,0.903216404127455));
#11289=DIRECTION('',(0.464888509180296,0.,-0.885369230339592));
#11290=DIRECTION('',(0.946419543801641,0.,0.322939695779714));
#11291=DIRECTION('',(0.916997883188933,0.,0.398892068393214));
#11292=DIRECTION('',(0.866896611851507,0.,0.498487978150304));
#11293=DIRECTION('',(0.801826213523793,0.,0.597557297090494));
#11294=DIRECTION('',(0.716866740549702,0.,0.697210209544902));
#11295=DIRECTION('',(0.613594623209233,0.,0.789621199290343));
#11296=DIRECTION('',(0.499489606879369,0.,0.866319878924346));
#11297=DIRECTION('',(0.368430786975305,0.,0.929655180811013));
#11298=DIRECTION('',(0.216814579205293,0.,0.976212803769768));
#11299=DIRECTION('',(0.0692574000693592,0.,0.997598823443388));
#11300=DIRECTION('',(-0.111389661000103,0.,0.993776807649626));
#11301=DIRECTION('',(-0.372902978463005,0.,0.927870340432013));
#11302=DIRECTION('',(-0.639729735568666,0.,0.768599938478559));
#11303=DIRECTION('',(-0.844192985342489,0.,0.536039367489493));
#11304=DIRECTION('',(-0.967252107509102,0.,0.253817573306501));
#11305=DIRECTION('',(-0.999990731208755,0.,-0.00430551931583781));
#11306=DIRECTION('',(-0.982399516141765,0.,-0.186791837842093));
#11307=DIRECTION('',(-0.942800210642323,0.,-0.333358309950108));
#11308=DIRECTION('',(-0.8854041366255,0.,-0.4648220249154));
#11309=DIRECTION('',(-0.811418007529678,0.,-0.584466266825184));
#11310=DIRECTION('',(-0.707866201221202,0.,-0.706346544671002));
#11311=DIRECTION('',(-0.57731514280081,0.,-0.816521417902115));
#11312=DIRECTION('',(-0.427722766411505,0.,-0.90390997067921));
#11313=DIRECTION('',(-0.259086634006803,0.,-0.965854086329309));
#11314=DIRECTION('',(-0.0844253802991183,0.,-0.996429804432479));
#11315=DIRECTION('',(0.0805196557473318,0.,-0.996753021083122));
#11316=DIRECTION('',(0.268201398999013,0.,-0.963362864955346));
#11317=DIRECTION('',(0.479083052389803,0.,-0.877769576206005));
#11318=DIRECTION('',(0.661158924690122,0.,-0.750245877231325));
#11319=DIRECTION('',(0.8030222423207,0.,-0.5959490568314));
#11320=DIRECTION('',(0.915595151453489,0.,-0.402101378553795));
#11321=DIRECTION('',(0.972541951010704,0.,-0.232727638075701));
#11322=DIRECTION('',(0.995219364781879,0.,-0.097664814355798));
#11323=DIRECTION('',(0.999129202540089,0.,0.0417233343778595));
#11324=DIRECTION('',(0.987208234084129,0.,0.159436202151505));
#11325=DIRECTION('',(0.96897191257845,0.,0.247170857169813));
#11326=DIRECTION('',(0.952451871401885,0.,0.304689075391695));
#11327=DIRECTION('',(0.,0.,1.));
#11328=DIRECTION('',(-0.959567380003859,0.,0.281479028050988));
#11329=DIRECTION('',(0.952306731648269,0.,0.30514240750409));
#11330=DIRECTION('',(0.,0.,1.));
#11331=DIRECTION('',(-0.952447512635985,0.,-0.304702700469695));
#11332=DIRECTION('',(0.,0.,-1.));
#11333=DIRECTION('',(0.960263915503804,0.,-0.279093555248601));
#11334=DIRECTION('',(-0.952358989539278,0.,-0.304979269858993));
#11335=DIRECTION('',(0.,0.,-1.));
#11336=DIRECTION('center_axis',(0.,1.,0.));
#11337=DIRECTION('ref_axis',(1.,0.,0.));
#11338=DIRECTION('',(0.,0.,-1.));
#11339=DIRECTION('',(-0.705996990444838,0.,0.708214832859938));
#11340=DIRECTION('',(0.707106781186198,0.,0.707106781186898));
#11341=DIRECTION('center_axis',(0.,1.,0.));
#11342=DIRECTION('ref_axis',(1.,0.,0.));
#11343=DIRECTION('',(-0.952431132453418,0.,-0.304753897322906));
#11344=DIRECTION('',(0.,0.,1.));
#11345=DIRECTION('',(0.0225322866570902,0.,0.999746115800408));
#11346=DIRECTION('',(0.0840901012822223,0.,0.996458155100527));
#11347=DIRECTION('',(0.182763178273597,0.,0.983156966443982));
#11348=DIRECTION('',(0.334318618128186,0.,0.942460111396159));
#11349=DIRECTION('',(0.466431206693707,0.,0.884557476607514));
#11350=DIRECTION('',(0.584783049323518,0.,0.811189734417225));
#11351=DIRECTION('',(0.689872185056588,0.,0.723931190297288));
#11352=DIRECTION('',(0.778837695108273,0.,0.627225513414779));
#11353=DIRECTION('',(0.845053052707377,0.,0.534682464748885));
#11354=DIRECTION('',(0.906325138288582,0.,0.422581049866392));
#11355=DIRECTION('',(0.95689334309103,0.,0.290439546116009));
#11356=DIRECTION('',(0.985889202401382,0.,0.167399165435097));
#11357=DIRECTION('',(0.998605332183189,0.,0.0527957435339494));
#11358=DIRECTION('',(0.994654349296567,0.,-0.103260473683897));
#11359=DIRECTION('',(0.943608492348273,0.,-0.33106345791739));
#11360=DIRECTION('',(0.830435215648515,0.,-0.55711520586931));
#11361=DIRECTION('',(0.679515995519029,0.,-0.733660692577831));
#11362=DIRECTION('',(0.464779464474213,0.,-0.885426478824224));
#11363=DIRECTION('',(0.229127949501395,0.,-0.973396313305781));
#11364=DIRECTION('',(0.0987696326545071,0.,-0.995110325373671));
#11365=DIRECTION('',(0.0254786868700808,0.,-0.99967536556393));
#11366=DIRECTION('',(0.,0.,-1.));
#11367=DIRECTION('center_axis',(0.,1.,0.));
#11368=DIRECTION('ref_axis',(1.,0.,0.));
#11369=DIRECTION('',(-0.979009109225829,0.,-0.203816496027306));
#11370=DIRECTION('',(-0.99999337031576,0.,-0.00364133554158386));
#11371=DIRECTION('',(-0.9694558565639,0.,0.2452658601884));
#11372=DIRECTION('',(-0.8626366410186,0.,0.5058241053688));
#11373=DIRECTION('',(-0.677391791610287,0.,0.735622430774786));
#11374=DIRECTION('',(-0.404998417341782,0.,0.914317385786058));
#11375=DIRECTION('',(-0.122249410252503,0.,0.992499411432025));
#11376=DIRECTION('',(0.109862250390202,0.,0.99394682249062));
#11377=DIRECTION('',(0.314442233588291,0.,0.949276609706574));
#11378=DIRECTION('',(0.482778058214301,0.,0.875742739911002));
#11379=DIRECTION('',(0.62883427603799,0.,0.777539358026188));
#11380=DIRECTION('',(0.753239488824809,0.,0.657746358769808));
#11381=DIRECTION('',(0.840094740299886,0.,0.542439699248191));
#11382=DIRECTION('',(0.898543991452347,0.,0.438883464515223));
#11383=DIRECTION('',(0.946202726936295,0.,0.323574411130298));
#11384=DIRECTION('',(0.982496372345567,0.,0.186281717642394));
#11385=DIRECTION('',(0.999892197070049,0.,0.0146831276787607));
#11386=DIRECTION('',(0.97433240431206,0.,-0.225114117521491));
#11387=DIRECTION('',(0.862683074649972,0.,-0.505744908736084));
#11388=DIRECTION('',(0.664815897660518,0.,-0.74700724375192));
#11389=DIRECTION('',(0.39973687254392,0.,-0.916629932267546));
#11390=DIRECTION('',(0.121672126771702,0.,-0.992570346910913));
#11391=DIRECTION('',(-0.160712380670595,0.,-0.987001282014968));
#11392=DIRECTION('',(-0.474483770042585,0.,-0.880264251214472));
#11393=DIRECTION('',(-0.707796627998603,0.,-0.706416260708803));
#11394=DIRECTION('',(-0.836955179404617,0.,-0.547271438746611));
#11395=DIRECTION('',(-0.922501967743206,0.,-0.385992382709702));
#11396=DIRECTION('center_axis',(0.,0.,1.));
#11397=DIRECTION('ref_axis',(-1.,0.,0.));
#11398=DIRECTION('',(0.,-1.,0.));
#11399=DIRECTION('',(-1.,0.,-6.661338147751E-14));
#11400=DIRECTION('',(-2.167994567772E-14,1.,1.049029629567E-14));
#11401=DIRECTION('',(3.337476693377E-10,1.,1.049029629567E-14));
#11402=DIRECTION('center_axis',(0.,1.,0.));
#11403=DIRECTION('ref_axis',(1.,0.,0.));
#11404=DIRECTION('',(0.,-1.,0.));
#11405=DIRECTION('center_axis',(0.,-1.,0.));
#11406=DIRECTION('ref_axis',(2.04281036531E-13,0.,-1.));
#11407=DIRECTION('center_axis',(1.,0.,0.));
#11408=DIRECTION('ref_axis',(0.,0.,-1.));
#11409=DIRECTION('',(0.,-1.,-1.969844526632E-14));
#11410=DIRECTION('',(0.,0.,1.));
#11411=DIRECTION('center_axis',(0.,0.,1.));
#11412=DIRECTION('ref_axis',(1.,0.,0.));
#11413=DIRECTION('',(0.,1.,0.));
#11414=DIRECTION('',(-1.,0.,1.188502663461E-14));
#11415=DIRECTION('',(1.,0.,2.703151745147E-14));
#11416=DIRECTION('',(-6.87051105583998E-8,-0.999999999999998,-5.17341038278899E-14));
#11417=DIRECTION('',(-1.,0.,-2.728896152911E-14));
#11418=DIRECTION('',(-4.452337696693E-14,1.,5.219192775557E-14));
#11419=DIRECTION('',(1.,-9.319437465825E-14,2.059544191343E-14));
#11420=DIRECTION('',(-9.34824201492696E-8,-0.999999999999996,-7.94016237668496E-14));
#11421=DIRECTION('',(-1.,0.,-2.059544288724E-14));
#11422=DIRECTION('',(1.787808996673E-14,1.,7.991060853458E-14));
#11423=DIRECTION('',(1.,0.,3.295270670789E-14));
#11424=DIRECTION('',(-8.937293057798E-9,-1.,0.));
#11425=DIRECTION('',(-1.,0.,-3.295270685686E-14));
#11426=DIRECTION('',(-5.089847677363E-14,1.,0.));
#11427=DIRECTION('center_axis',(0.,1.,0.));
#11428=DIRECTION('ref_axis',(-1.,0.,0.));
#11429=DIRECTION('',(-0.936729083315892,-4.06516683449896E-13,0.350055173465797));
#11430=DIRECTION('',(1.06419815970099E-7,1.02140524704699E-13,-0.999999999999994));
#11431=DIRECTION('',(-0.540098673866918,3.91686053480913E-13,-0.841601700620428));
#11432=DIRECTION('',(-1.,0.,-3.762013890859E-14));
#11433=DIRECTION('center_axis',(0.350055109631215,0.,0.93672910717084));
#11434=DIRECTION('ref_axis',(-0.93672910717084,0.,0.350055109631215));
#11435=DIRECTION('',(-0.936073218461127,0.0374151526060511,0.34980999990751));
#11436=DIRECTION('',(0.,-1.,0.));
#11437=DIRECTION('center_axis',(0.350055109631215,0.,0.93672910717084));
#11438=DIRECTION('ref_axis',(0.936729107170839,0.,-0.350055109631215));
#11439=DIRECTION('',(0.,-1.,0.));
#11440=DIRECTION('',(0.916830574934712,0.205021682528203,-0.342619039982004));
#11441=DIRECTION('',(1.140357649579E-13,1.,5.51939446528E-14));
#11442=DIRECTION('center_axis',(0.,0.994328556292323,-0.106351878881502));
#11443=DIRECTION('ref_axis',(0.,-0.106351878881502,-0.994328556292322));
#11444=DIRECTION('',(-3.28587257575484E-7,0.106351838017195,0.994328560663052));
#11445=DIRECTION('',(1.,-3.739085544736E-13,-6.290050449089E-14));
#11446=DIRECTION('',(0.537923683780326,0.0896539469836343,0.83821255074024));
#11447=DIRECTION('center_axis',(1.,0.,0.));
#11448=DIRECTION('ref_axis',(0.,1.,0.));
#11449=DIRECTION('center_axis',(-1.,0.,0.));
#11450=DIRECTION('ref_axis',(0.,-1.,3.10049372939943E-11));
#11451=DIRECTION('',(-4.085365041325E-12,-1.,7.578648192602E-13));
#11452=DIRECTION('center_axis',(-1.,0.,0.));
#11453=DIRECTION('ref_axis',(0.,1.,-3.10049372939943E-11));
#11454=DIRECTION('center_axis',(5.904342496914E-12,3.19356285719E-11,1.));
#11455=DIRECTION('ref_axis',(9.01051916810105E-6,-0.999999999959405,3.19355753694123E-11));
#11456=DIRECTION('center_axis',(5.904342496914E-12,3.19356285719E-11,1.));
#11457=DIRECTION('ref_axis',(0.594654939230608,-0.803981034134911,2.21645932562855E-11));
#11458=DIRECTION('center_axis',(0.,0.,-1.));
#11459=DIRECTION('ref_axis',(0.,1.,0.));
#11460=DIRECTION('center_axis',(0.,0.,1.));
#11461=DIRECTION('ref_axis',(0.,1.,0.));
#11462=DIRECTION('center_axis',(0.841601700620743,0.,-0.540098673866427));
#11463=DIRECTION('ref_axis',(0.540098673866427,0.,0.841601700620743));
#11464=DIRECTION('',(-0.482380248181224,0.449791567791122,-0.751662718051537));
#11465=DIRECTION('',(0.,1.,5.519394465282E-14));
#11466=DIRECTION('center_axis',(0.,0.858099759319889,0.513483011457194));
#11467=DIRECTION('ref_axis',(0.,-0.513483011457194,0.858099759319889));
#11468=DIRECTION('',(-1.,0.,6.290050449088E-14));
#11469=DIRECTION('center_axis',(0.,1.,0.));
#11470=DIRECTION('ref_axis',(0.,0.,1.));
#11471=DIRECTION('',(1.493239761325E-13,-2.493061166734E-13,1.));
#11472=DIRECTION('',(-2.661862183233E-13,1.999642810819E-13,-1.));
#11473=DIRECTION('',(-1.,1.412349290652E-14,0.));
#11474=DIRECTION('center_axis',(1.,0.,0.));
#11475=DIRECTION('ref_axis',(0.,0.,1.));
#11476=DIRECTION('',(1.0829234443E-12,-1.340020377119E-12,1.));
#11477=DIRECTION('',(0.,1.,0.));
#11478=DIRECTION('center_axis',(0.,1.,0.));
#11479=DIRECTION('ref_axis',(0.,0.,-1.));
#11480=DIRECTION('',(2.35022953739E-13,-4.677086626342E-12,1.));
#11481=DIRECTION('',(1.,0.,0.));
#11482=DIRECTION('center_axis',(1.,0.,0.));
#11483=DIRECTION('ref_axis',(0.,0.,1.));
#11484=DIRECTION('',(0.,-1.,0.));
#11485=DIRECTION('center_axis',(0.,0.,1.));
#11486=DIRECTION('ref_axis',(1.,0.,0.));
#11487=DIRECTION('center_axis',(0.,1.,0.));
#11488=DIRECTION('ref_axis',(1.,0.,0.));
#11489=DIRECTION('',(-0.936729114181407,3.65320952117403E-14,0.350055090871303));
#11490=DIRECTION('',(8.077777213034E-9,2.36847542431E-14,-1.));
#11491=DIRECTION('',(-0.540098673866685,-3.5879638486759E-14,-0.841601700620577));
#11492=DIRECTION('',(1.,0.,4.467391495396E-14));
#11493=DIRECTION('center_axis',(0.350055109631215,0.,0.93672910717084));
#11494=DIRECTION('ref_axis',(-0.93672910717084,0.,0.350055109631215));
#11495=DIRECTION('center_axis',(0.350055109631215,0.,0.93672910717084));
#11496=DIRECTION('ref_axis',(0.936729107170839,0.,-0.350055109631215));
#11497=DIRECTION('',(0.,-1.,0.));
#11498=DIRECTION('',(0.916830574934706,0.205021682528401,-0.342619039981902));
#11499=DIRECTION('',(4.107825191113E-14,1.,1.268826313857E-14));
#11500=DIRECTION('',(-0.916830574934674,0.205021682528394,0.34261903998199));
#11501=DIRECTION('',(0.936729295945348,1.16980761153106E-13,-0.350054604480118));
#11502=DIRECTION('',(-1.94797890108296E-7,-0.999999999999978,-8.15711132550482E-8));
#11503=DIRECTION('center_axis',(0.,0.,1.));
#11504=DIRECTION('ref_axis',(0.,-1.,0.));
#11505=DIRECTION('center_axis',(1.377373175832E-11,-2.019148856102E-11,
-1.));
#11506=DIRECTION('ref_axis',(0.594654744861817,0.803981177897423,-8.04296181225231E-12));
#11507=DIRECTION('center_axis',(-1.,-5.181823308491E-12,-1.377373175822E-11));
#11508=DIRECTION('ref_axis',(-1.37738764462323E-11,2.79232566290713E-5,
0.999999999610146));
#11509=DIRECTION('center_axis',(-1.377373175832E-11,2.019148856102E-11,
1.));
#11510=DIRECTION('ref_axis',(1.26051410074394E-5,-0.999999999920555,2.01916621792469E-11));
#11511=DIRECTION('center_axis',(-1.,-6.633229310961E-12,-1.377373175819E-11));
#11512=DIRECTION('ref_axis',(1.66262652922636E-12,-0.942809082804064,0.333333216739887));
#11513=DIRECTION('center_axis',(1.,0.,0.));
#11514=DIRECTION('ref_axis',(0.,-1.,0.));
#11515=DIRECTION('',(0.,1.,0.));
#11516=DIRECTION('',(3.78469447974414E-6,2.44248344465009E-14,-0.999999999992838));
#11517=DIRECTION('center_axis',(0.,1.,0.));
#11518=DIRECTION('ref_axis',(1.,0.,0.));
#11519=DIRECTION('',(0.540098673866498,-1.121238702712E-13,0.841601700620697));
#11520=DIRECTION('',(-1.,0.,-3.967749025516E-14));
#11521=DIRECTION('center_axis',(0.841601700620743,0.,-0.540098673866427));
#11522=DIRECTION('ref_axis',(0.540098673866427,0.,0.841601700620743));
#11523=DIRECTION('',(4.599495387732E-14,1.,1.268826313857E-14));
#11524=DIRECTION('',(-0.48238024818121,0.449791567791509,-0.751662718051315));
#11525=DIRECTION('',(0.482380248181097,0.449791567791497,0.751662718051395));
#11526=DIRECTION('center_axis',(1.,0.,0.));
#11527=DIRECTION('ref_axis',(0.,0.,1.));
#11528=DIRECTION('',(0.,-1.,-2.918300521872E-14));
#11529=DIRECTION('',(3.593513947364E-13,-3.713622362949E-13,1.));
#11530=DIRECTION('',(7.596045742396E-13,3.226696353821E-13,1.));
#11531=DIRECTION('center_axis',(0.,0.,1.));
#11532=DIRECTION('ref_axis',(1.,0.,0.));
#11533=DIRECTION('',(0.,1.,2.918300521872E-14));
#11534=DIRECTION('',(-1.,0.,0.));
#11535=DIRECTION('',(1.,0.,0.));
#11536=DIRECTION('center_axis',(1.,0.,0.));
#11537=DIRECTION('ref_axis',(0.,0.,1.));
#11538=DIRECTION('',(-2.012627504395E-13,-3.174757579513E-13,1.));
#11539=DIRECTION('',(8.440050824884E-14,3.057895337323E-13,1.));
#11540=DIRECTION('center_axis',(0.,1.,0.));
#11541=DIRECTION('ref_axis',(0.,0.,-1.));
#11542=DIRECTION('',(1.,0.,-1.863718651581E-14));
#11543=DIRECTION('center_axis',(0.,0.858099759319405,-0.513483011458003));
#11544=DIRECTION('ref_axis',(0.,-0.513483011458003,-0.858099759319405));
#11545=DIRECTION('center_axis',(0.,1.,0.));
#11546=DIRECTION('ref_axis',(0.,0.,-1.));
#11547=DIRECTION('',(1.,0.,-1.80547744372E-14));
#11548=DIRECTION('center_axis',(0.,0.858099759319405,0.513483011458003));
#11549=DIRECTION('ref_axis',(0.,0.513483011458003,-0.858099759319405));
#11550=DIRECTION('center_axis',(0.,0.,1.));
#11551=DIRECTION('ref_axis',(0.,-1.,0.));
#11552=DIRECTION('center_axis',(0.,0.994328556292323,0.106351878881502));
#11553=DIRECTION('ref_axis',(0.,0.106351878881502,-0.994328556292322));
#11554=DIRECTION('',(-0.537923683780313,0.0896539469838922,-0.838212550740221));
#11555=DIRECTION('',(-1.,-8.124648496738E-14,3.261507640268E-14));
#11556=DIRECTION('',(0.936073217872998,0.0374151506325199,-0.349810001692399));
#11557=DIRECTION('',(-4.51800622991696E-8,0.106351860371799,-0.994328558272091));
#11558=DIRECTION('center_axis',(0.841601700620743,0.,-0.540098673866427));
#11559=DIRECTION('ref_axis',(0.540098673866427,0.,0.841601700620743));
#11560=DIRECTION('',(0.540098673866498,-8.89516037484297E-14,0.841601700620697));
#11561=DIRECTION('',(0.482380248181097,0.449791567791497,0.751662718051395));
#11562=DIRECTION('',(6.24896959575E-14,1.,-3.425831047416E-14));
#11563=DIRECTION('center_axis',(1.,0.,0.));
#11564=DIRECTION('ref_axis',(0.,0.,1.));
#11565=DIRECTION('',(-2.804693812576E-13,-2.747561160838E-12,-1.));
#11566=DIRECTION('',(8.131664352435E-13,3.778545830832E-13,1.));
#11567=DIRECTION('',(0.,-1.,0.));
#11568=DIRECTION('center_axis',(0.,1.,0.));
#11569=DIRECTION('ref_axis',(0.,0.,-1.));
#11570=DIRECTION('',(1.636071390669E-13,2.994270338795E-12,1.));
#11571=DIRECTION('',(-1.,-1.089110587018E-13,0.));
#11572=DIRECTION('center_axis',(1.,0.,0.));
#11573=DIRECTION('ref_axis',(0.,0.,1.));
#11574=DIRECTION('',(-2.077550972278E-14,3.440943797836E-13,1.));
#11575=DIRECTION('',(-2.252166707097E-14,1.,-3.425831047416E-14));
#11576=DIRECTION('',(0.,1.,0.));
#11577=DIRECTION('center_axis',(0.,1.,0.));
#11578=DIRECTION('ref_axis',(0.,0.,1.));
#11579=DIRECTION('',(1.,0.,-3.261507640268E-14));
#11580=DIRECTION('',(1.,0.,0.));
#11581=DIRECTION('center_axis',(0.,0.,1.));
#11582=DIRECTION('ref_axis',(1.,0.,0.));
#11583=DIRECTION('center_axis',(0.,0.858099759319405,-0.513483011458003));
#11584=DIRECTION('ref_axis',(0.,0.513483011458003,0.858099759319405));
#11585=DIRECTION('',(-0.916830574934706,0.205021682528401,0.342619039981902));
#11586=DIRECTION('',(-1.,0.,-4.52617296244E-14));
#11587=DIRECTION('center_axis',(0.350055109631094,0.,0.936729107170885));
#11588=DIRECTION('ref_axis',(-0.936729107170885,0.,0.350055109631094));
#11589=DIRECTION('',(0.936729363225361,9.32737498250561E-14,-0.350054424441985));
#11590=DIRECTION('',(-2.34285859571694E-7,-0.999999999999972,-8.34185911178977E-9));
#11591=DIRECTION('center_axis',(0.350055109631094,0.,0.936729107170885));
#11592=DIRECTION('ref_axis',(0.936729107170885,0.,-0.350055109631094));
#11593=DIRECTION('',(0.,-1.,0.));
#11594=DIRECTION('center_axis',(1.,0.,0.));
#11595=DIRECTION('ref_axis',(0.,-1.,0.));
#11596=DIRECTION('center_axis',(-1.,0.,0.));
#11597=DIRECTION('ref_axis',(0.,-0.942809078071922,0.333333230124408));
#11598=DIRECTION('',(-1.58632920324407E-6,-0.999999999998742,3.93315086873716E-10));
#11599=DIRECTION('center_axis',(-1.,1.653512817168E-11,0.));
#11600=DIRECTION('ref_axis',(6.02420243110096E-16,3.6432753157721E-5,0.999999999336327));
#11601=DIRECTION('',(4.42464496936705E-6,2.66452546693203E-14,-0.999999999990211));
#11602=DIRECTION('center_axis',(0.,1.,0.));
#11603=DIRECTION('ref_axis',(-1.,0.,0.));
#11604=DIRECTION('center_axis',(0.,0.,1.));
#11605=DIRECTION('ref_axis',(0.594652853730208,-0.803982576646111,0.));
#11606=DIRECTION('center_axis',(0.,0.,1.));
#11607=DIRECTION('ref_axis',(1.05184782241198E-5,-0.999999999944681,0.));
#11608=DIRECTION('center_axis',(0.,0.,1.));
#11609=DIRECTION('ref_axis',(0.,-1.,0.));
#11610=DIRECTION('center_axis',(0.,0.,1.));
#11611=DIRECTION('ref_axis',(0.,-1.,0.));
#11612=DIRECTION('center_axis',(0.,1.,0.));
#11613=DIRECTION('ref_axis',(-0.984807753011613,0.,0.173648177670302));
#11614=DIRECTION('',(1.340426748891E-14,1.,1.876597448448E-14));
#11615=DIRECTION('center_axis',(0.,-1.,0.));
#11616=DIRECTION('ref_axis',(2.042810365314E-13,0.,1.));
#11617=DIRECTION('center_axis',(0.984807753011862,0.,-0.173648177668893));
#11618=DIRECTION('ref_axis',(-0.173648177668893,0.,-0.984807753011862));
#11619=DIRECTION('',(2.610918189145E-14,1.,1.445329711848E-14));
#11620=DIRECTION('',(-0.173648177667792,0.,-0.984807753012056));
#11621=DIRECTION('center_axis',(-0.160264720862695,0.,0.987074069787472));
#11622=DIRECTION('ref_axis',(0.987074069787472,0.,0.160264720862695));
#11623=DIRECTION('',(0.,1.,0.));
#11624=DIRECTION('',(-0.987074069787456,0.,-0.160264720862793));
#11625=DIRECTION('center_axis',(0.910973538318198,0.,0.412464801509199));
#11626=DIRECTION('ref_axis',(0.,-1.,0.));
#11627=DIRECTION('',(0.,1.,0.));
#11628=DIRECTION('',(-0.412464801504713,0.,0.910973538320229));
#11629=DIRECTION('center_axis',(-0.0871557427467919,0.,0.996194698091821));
#11630=DIRECTION('ref_axis',(0.996194698091821,0.,0.0871557427467919));
#11631=DIRECTION('',(0.,1.,0.));
#11632=DIRECTION('',(-0.996194698091907,0.,-0.0871557427458106));
#11633=DIRECTION('center_axis',(1.,0.,0.));
#11634=DIRECTION('ref_axis',(0.,0.,1.));
#11635=DIRECTION('',(0.,-1.,0.));
#11636=DIRECTION('',(0.,0.,-1.));
#11637=DIRECTION('center_axis',(1.,0.,0.));
#11638=DIRECTION('ref_axis',(0.,0.,1.));
#11639=DIRECTION('center_axis',(1.,0.,0.));
#11640=DIRECTION('ref_axis',(0.,0.,-1.));
#11641=DIRECTION('center_axis',(1.,0.,0.));
#11642=DIRECTION('ref_axis',(0.,0.,-1.));
#11643=DIRECTION('center_axis',(-1.,0.,0.));
#11644=DIRECTION('ref_axis',(0.,0.,-1.));
#11645=DIRECTION('center_axis',(-1.,0.,0.));
#11646=DIRECTION('ref_axis',(0.,0.,1.));
#11647=DIRECTION('',(-1.,0.,0.));
#11648=DIRECTION('center_axis',(-1.,0.,0.));
#11649=DIRECTION('ref_axis',(0.,0.,-1.));
#11650=DIRECTION('center_axis',(1.,0.,0.));
#11651=DIRECTION('ref_axis',(0.,2.312634940624E-13,-1.));
#11652=DIRECTION('center_axis',(1.,0.,0.));
#11653=DIRECTION('ref_axis',(0.,0.,1.));
#11654=DIRECTION('',(-0.996155984757121,-1.07275522838148E-17,0.0875971120104485));
#11655=DIRECTION('center_axis',(-1.,0.,0.));
#11656=DIRECTION('ref_axis',(0.,0.976025753726188,-0.217655066706997));
#11657=DIRECTION('center_axis',(-1.,0.,0.));
#11658=DIRECTION('ref_axis',(0.,0.977202639012034,0.212308742890907));
#11659=DIRECTION('center_axis',(-1.,0.,0.));
#11660=DIRECTION('ref_axis',(0.,-0.976025753726188,0.217655066706997));
#11661=DIRECTION('center_axis',(-1.,0.,0.));
#11662=DIRECTION('ref_axis',(0.,-0.977202639012034,-0.212308742890907));
#11663=DIRECTION('center_axis',(-1.,0.,0.));
#11664=DIRECTION('ref_axis',(0.,0.976025753726188,-0.217655066706997));
#11665=DIRECTION('center_axis',(1.,0.,0.));
#11666=DIRECTION('ref_axis',(0.,2.07201962188772E-13,-1.));
#11667=DIRECTION('center_axis',(-1.,0.,0.));
#11668=DIRECTION('ref_axis',(0.,1.615999535011E-14,-1.));
#11669=DIRECTION('center_axis',(0.,0.,1.));
#11670=DIRECTION('ref_axis',(-1.,0.,0.));
#11671=DIRECTION('',(0.,-1.,1.85282461774E-14));
#11672=DIRECTION('',(0.,-1.,0.));
#11673=DIRECTION('center_axis',(1.,0.,0.));
#11674=DIRECTION('ref_axis',(0.,0.,-1.));
#11675=DIRECTION('',(0.,1.,0.));
#11676=DIRECTION('center_axis',(0.,0.,1.));
#11677=DIRECTION('ref_axis',(1.,0.,0.));
#11678=DIRECTION('',(0.,-1.,-1.57041828489E-12));
#11679=DIRECTION('center_axis',(1.,0.,0.));
#11680=DIRECTION('ref_axis',(0.,0.,1.));
#11681=DIRECTION('center_axis',(-1.,0.,0.));
#11682=DIRECTION('ref_axis',(0.,-1.558285265903E-14,1.));
#11683=DIRECTION('center_axis',(1.,0.,0.));
#11684=DIRECTION('ref_axis',(0.,0.,1.));
#11685=DIRECTION('center_axis',(1.,0.,0.));
#11686=DIRECTION('ref_axis',(0.,0.,1.));
#11687=DIRECTION('center_axis',(-1.,0.,0.));
#11688=DIRECTION('ref_axis',(0.,0.,-1.));
#11689=DIRECTION('center_axis',(-1.,0.,0.));
#11690=DIRECTION('ref_axis',(0.,0.,-1.));
#11691=DIRECTION('',(-1.,0.,0.));
#11692=DIRECTION('center_axis',(-1.,0.,0.));
#11693=DIRECTION('ref_axis',(0.,0.,-1.));
#11694=DIRECTION('center_axis',(1.,0.,0.));
#11695=DIRECTION('ref_axis',(0.,0.,1.));
#11696=DIRECTION('center_axis',(1.,0.,0.));
#11697=DIRECTION('ref_axis',(0.,0.,1.));
#11698=DIRECTION('',(-0.996155984757121,-1.07275522838148E-17,0.0875971120104485));
#11699=DIRECTION('center_axis',(-1.,0.,0.));
#11700=DIRECTION('ref_axis',(0.,0.976025753726119,-0.217655066707304));
#11701=DIRECTION('center_axis',(-1.,0.,0.));
#11702=DIRECTION('ref_axis',(0.,0.977202639012034,0.212308742890907));
#11703=DIRECTION('center_axis',(-1.,0.,0.));
#11704=DIRECTION('ref_axis',(0.,-0.976025753726166,0.217655066707093));
#11705=DIRECTION('center_axis',(-1.,0.,0.));
#11706=DIRECTION('ref_axis',(0.,-0.977202639012034,-0.212308742890907));
#11707=DIRECTION('center_axis',(-1.,0.,0.));
#11708=DIRECTION('ref_axis',(0.,0.976025753726119,-0.217655066707304));
#11709=DIRECTION('center_axis',(1.,0.,0.));
#11710=DIRECTION('ref_axis',(0.,0.,1.));
#11711=DIRECTION('center_axis',(-1.,0.,0.));
#11712=DIRECTION('ref_axis',(0.,0.,1.));
#11713=DIRECTION('center_axis',(1.,0.,0.));
#11714=DIRECTION('ref_axis',(0.,0.,1.));
#11715=DIRECTION('',(0.,-1.,-1.687564615553E-12));
#11716=DIRECTION('center_axis',(0.,0.,1.));
#11717=DIRECTION('ref_axis',(1.,0.,0.));
#11718=DIRECTION('',(0.,1.,2.074397253322E-14));
#11719=DIRECTION('center_axis',(1.,0.,0.));
#11720=DIRECTION('ref_axis',(0.,0.,-1.));
#11721=DIRECTION('',(0.,-1.,-2.074397253322E-14));
#11722=DIRECTION('center_axis',(0.,0.,1.));
#11723=DIRECTION('ref_axis',(-1.,0.,0.));
#11724=DIRECTION('',(0.,-1.,1.374676329293E-14));
#11725=DIRECTION('center_axis',(1.,0.,0.));
#11726=DIRECTION('ref_axis',(0.,0.,1.));
#11727=DIRECTION('center_axis',(-1.,0.,0.));
#11728=DIRECTION('ref_axis',(0.,0.965629625814573,-0.259921960882893));
#11729=DIRECTION('center_axis',(1.,0.,0.));
#11730=DIRECTION('ref_axis',(0.,1.20747064212571E-16,-1.));
#11731=DIRECTION('center_axis',(-1.,0.,0.));
#11732=DIRECTION('ref_axis',(0.,0.,-1.));
#11733=DIRECTION('center_axis',(-1.,0.,0.));
#11734=DIRECTION('ref_axis',(0.,0.,1.));
#11735=DIRECTION('',(-1.,0.,0.));
#11736=DIRECTION('center_axis',(-1.,0.,0.));
#11737=DIRECTION('ref_axis',(0.,0.,-1.));
#11738=DIRECTION('center_axis',(1.,0.,0.));
#11739=DIRECTION('ref_axis',(0.,2.298533508059E-13,-1.));
#11740=DIRECTION('center_axis',(1.,0.,0.));
#11741=DIRECTION('ref_axis',(0.,0.,1.));
#11742=DIRECTION('',(-0.996155984757121,-1.07275522838148E-17,0.0875971120104485));
#11743=DIRECTION('center_axis',(-1.,0.,0.));
#11744=DIRECTION('ref_axis',(0.,0.976025753726119,-0.217655066707304));
#11745=DIRECTION('center_axis',(-1.,0.,0.));
#11746=DIRECTION('ref_axis',(0.,0.977202639012034,0.212308742890907));
#11747=DIRECTION('center_axis',(-1.,0.,0.));
#11748=DIRECTION('ref_axis',(0.,-0.976025753726188,0.217655066706997));
#11749=DIRECTION('center_axis',(-1.,0.,0.));
#11750=DIRECTION('ref_axis',(0.,-0.977202639012034,-0.212308742890907));
#11751=DIRECTION('center_axis',(-1.,0.,0.));
#11752=DIRECTION('ref_axis',(0.,0.976025753726119,-0.217655066707304));
#11753=DIRECTION('center_axis',(1.,0.,0.));
#11754=DIRECTION('ref_axis',(0.,-5.94075555925848E-14,-1.));
#11755=DIRECTION('center_axis',(-1.,0.,0.));
#11756=DIRECTION('ref_axis',(0.,-2.193142226086E-14,-1.));
#11757=DIRECTION('center_axis',(0.,0.,1.));
#11758=DIRECTION('ref_axis',(-1.,0.,0.));
#11759=DIRECTION('',(0.,-1.,0.));
#11760=DIRECTION('',(0.,-1.,-5.451323014544E-14));
#11761=DIRECTION('center_axis',(1.,0.,0.));
#11762=DIRECTION('ref_axis',(0.,0.,-1.));
#11763=DIRECTION('',(0.,1.,-5.451323014544E-14));
#11764=DIRECTION('center_axis',(0.,0.,1.));
#11765=DIRECTION('ref_axis',(1.,0.,0.));
#11766=DIRECTION('',(0.,-1.,-6.786717269174E-13));
#11767=DIRECTION('center_axis',(1.,0.,0.));
#11768=DIRECTION('ref_axis',(0.,0.,1.));
#11769=DIRECTION('center_axis',(-1.,0.,0.));
#11770=DIRECTION('ref_axis',(0.,0.,1.));
#11771=DIRECTION('center_axis',(1.,0.,0.));
#11772=DIRECTION('ref_axis',(0.,0.,1.));
#11773=DIRECTION('center_axis',(1.,0.,0.));
#11774=DIRECTION('ref_axis',(0.,0.,1.));
#11775=DIRECTION('center_axis',(0.,1.,0.));
#11776=DIRECTION('ref_axis',(1.,0.,0.));
#11777=DIRECTION('',(0.,1.,0.));
#11778=DIRECTION('center_axis',(0.,-1.,0.));
#11779=DIRECTION('ref_axis',(-1.,0.,-4.805045250578E-13));
#11780=DIRECTION('center_axis',(0.,0.,1.));
#11781=DIRECTION('ref_axis',(-1.,0.,0.));
#11782=DIRECTION('',(0.,1.,0.));
#11783=DIRECTION('',(1.,0.,-2.42318242766E-14));
#11784=DIRECTION('center_axis',(0.196116135138107,0.,0.980580675690936));
#11785=DIRECTION('ref_axis',(-0.980580675690936,0.,0.196116135138107));
#11786=DIRECTION('',(0.,1.,0.));
#11787=DIRECTION('',(0.980580675690936,0.,-0.196116135138107));
#11788=DIRECTION('center_axis',(-0.196116135138107,0.,-0.980580675690936));
#11789=DIRECTION('ref_axis',(0.980580675690936,0.,-0.196116135138107));
#11790=DIRECTION('center_axis',(-0.196115348826242,1.40907887468843E-7,
-0.98058083295297));
#11791=DIRECTION('ref_axis',(0.980580832949709,-2.55498728228136E-6,-0.196115348825957));
#11792=DIRECTION('center_axis',(-6.176074908968E-12,3.978623903486E-11,
-1.));
#11793=DIRECTION('ref_axis',(0.999999990492566,-0.000137894408446795,-6.18156115014541E-12));
#11794=DIRECTION('center_axis',(-4.410101913038E-11,5.921189464337E-14,
-1.));
#11795=DIRECTION('ref_axis',(-4.632541264258E-11,1.,5.92118966863679E-14));
#11796=DIRECTION('center_axis',(0.,0.,-1.));
#11797=DIRECTION('ref_axis',(-0.999999999995351,3.04938835674649E-6,0.));
#11798=DIRECTION('center_axis',(0.,0.,1.));
#11799=DIRECTION('ref_axis',(0.,1.,0.));
#11800=DIRECTION('center_axis',(-1.769743363105E-11,9.337053358376E-12,
-1.));
#11801=DIRECTION('ref_axis',(0.555555523694597,-0.831479440571096,-1.75954749119533E-11));
#11802=DIRECTION('center_axis',(1.00164440260983E-21,-1.,2.116683518406E-11));
#11803=DIRECTION('ref_axis',(-1.,0.,4.73214060533779E-11));
#11804=DIRECTION('center_axis',(-1.769743363105E-11,9.337053358376E-12,
-1.));
#11805=DIRECTION('ref_axis',(0.000149709829608098,-0.999999988793483,-9.33970273351356E-12));
#11806=DIRECTION('center_axis',(-4.666489416965E-11,-2.083962632027E-11,
-1.));
#11807=DIRECTION('ref_axis',(-6.43670236780428E-5,0.999999997928443,-2.08366225967516E-11));
#11808=DIRECTION('center_axis',(-1.769743363105E-11,9.337053358376E-12,
-1.));
#11809=DIRECTION('ref_axis',(0.000149709829608098,-0.999999988793483,-9.33970273351356E-12));
#11810=DIRECTION('center_axis',(-1.769743363105E-11,9.337053358376E-12,
-1.));
#11811=DIRECTION('ref_axis',(0.555555523694597,-0.831479440571096,-1.75954749119533E-11));
#11812=DIRECTION('center_axis',(0.,0.,1.));
#11813=DIRECTION('ref_axis',(0.,-1.,0.));
#11814=DIRECTION('center_axis',(0.,0.,1.));
#11815=DIRECTION('ref_axis',(-0.999999999983864,5.68076627951145E-6,0.));
#11816=DIRECTION('center_axis',(2.911424015625E-14,0.,1.));
#11817=DIRECTION('ref_axis',(-1.,0.,2.911424015625E-14));
#11818=DIRECTION('',(-1.,0.,-2.971908813664E-13));
#11819=DIRECTION('',(0.,-1.,0.));
#11820=DIRECTION('',(-1.,0.,-3.290327615128E-13));
#11821=DIRECTION('',(8.326672684689E-14,1.,3.275157922644E-14));
#11822=DIRECTION('',(-1.,0.,-6.466653437128E-14));
#11823=DIRECTION('',(2.92231117976E-14,1.,-1.400539964973E-14));
#11824=DIRECTION('',(1.,0.,-2.758736000584E-14));
#11825=DIRECTION('',(0.,1.,1.362256412399E-14));
#11826=DIRECTION('',(1.,0.,1.761131148834E-13));
#11827=DIRECTION('',(-3.586020369539E-13,1.,1.540434446667E-14));
#11828=DIRECTION('',(-2.6645352591E-14,1.,2.470246229791E-14));
#11829=DIRECTION('',(-1.,0.,0.));
#11830=DIRECTION('',(-3.386180225107E-14,-1.,-1.602884491803E-14));
#11831=DIRECTION('',(-1.,0.,1.503502622077E-14));
#11832=DIRECTION('',(-1.,0.,1.456915216886E-14));
#11833=DIRECTION('',(0.,-1.,0.));
#11834=DIRECTION('',(1.,0.,0.));
#11835=DIRECTION('',(0.,1.,-1.533495552763E-14));
#11836=DIRECTION('center_axis',(0.,1.,0.));
#11837=DIRECTION('ref_axis',(-1.,0.,0.));
#11838=DIRECTION('center_axis',(0.,1.,0.));
#11839=DIRECTION('ref_axis',(2.960594732337E-14,0.,1.));
#11840=DIRECTION('',(0.342020144185694,0.,-0.939692620472885));
#11841=DIRECTION('',(-1.,0.,0.));
#11842=DIRECTION('',(-0.731055268243082,0.,0.682318250359783));
#11843=DIRECTION('center_axis',(0.,1.,0.));
#11844=DIRECTION('ref_axis',(-1.,0.,0.));
#11845=DIRECTION('center_axis',(0.,1.,0.));
#11846=DIRECTION('ref_axis',(2.960594732334E-14,0.,1.));
#11847=DIRECTION('',(0.186137307311394,0.,-0.982523741609771));
#11848=DIRECTION('center_axis',(0.,-1.,0.));
#11849=DIRECTION('ref_axis',(-0.982523741596793,0.,-0.186137307379899));
#11850=DIRECTION('',(0.766044443118825,0.,-0.642787609686721));
#11851=DIRECTION('center_axis',(0.,-1.,0.));
#11852=DIRECTION('ref_axis',(-0.642787609678678,0.,-0.766044443125574));
#11853=DIRECTION('',(0.777145961457404,0.,0.629320391049303));
#11854=DIRECTION('center_axis',(0.,1.,0.));
#11855=DIRECTION('ref_axis',(0.777145961465502,0.,0.629320391039302));
#11856=DIRECTION('',(-0.62932039105008,0.,0.777145961456775));
#11857=DIRECTION('',(-7.079304462903E-14,0.,-1.));
#11858=DIRECTION('center_axis',(0.,1.,0.));
#11859=DIRECTION('ref_axis',(-1.,0.,1.506202570075E-12));
#11860=DIRECTION('center_axis',(0.682318250359783,0.,0.731055268243082));
#11861=DIRECTION('ref_axis',(-0.731055268243082,0.,0.682318250359783));
#11862=DIRECTION('',(-4.79286822714499E-8,0.999999999999999,1.223534225537E-8));
#11863=DIRECTION('',(4.233356825914E-10,1.,-1.924715355008E-9));
#11864=DIRECTION('',(4.703366593707E-8,0.999999999999999,-8.17663043218999E-9));
#11865=DIRECTION('',(-0.731055268243132,0.,0.682318250359729));
#11866=DIRECTION('center_axis',(0.,1.,0.));
#11867=DIRECTION('ref_axis',(-1.,0.,0.));
#11868=DIRECTION('',(-1.,0.,-8.078043297905E-10));
#11869=DIRECTION('',(-0.342020144068601,0.,0.939692620515503));
#11870=DIRECTION('center_axis',(0.,-1.,0.));
#11871=DIRECTION('ref_axis',(0.939692620624555,0.,0.342020143768984));
#11872=DIRECTION('center_axis',(0.,1.,0.));
#11873=DIRECTION('ref_axis',(-1.,0.,0.));
#11874=DIRECTION('center_axis',(0.,-1.,0.));
#11875=DIRECTION('ref_axis',(2.960594732334E-14,0.,1.));
#11876=DIRECTION('',(2.377183417432E-14,0.,1.));
#11877=DIRECTION('',(0.629320391050128,0.,-0.777145961456735));
#11878=DIRECTION('center_axis',(0.,-1.,0.));
#11879=DIRECTION('ref_axis',(0.62932039100891,0.,-0.777145961490113));
#11880=DIRECTION('',(-0.777145961457227,0.,-0.629320391049522));
#11881=DIRECTION('center_axis',(0.,1.,0.));
#11882=DIRECTION('ref_axis',(0.629320391114504,0.,-0.777145961404605));
#11883=DIRECTION('',(-0.766044443119097,0.,0.642787609686398));
#11884=DIRECTION('center_axis',(0.,1.,0.));
#11885=DIRECTION('ref_axis',(-0.642787609666389,0.,-0.766044443135886));
#11886=DIRECTION('',(-0.186137307311201,0.,0.982523741609807));
#11887=DIRECTION('center_axis',(0.,-1.,0.));
#11888=DIRECTION('ref_axis',(0.982523741607971,0.,0.186137307320895));
#11889=DIRECTION('center_axis',(0.,-1.,0.));
#11890=DIRECTION('ref_axis',(0.939692620624187,0.,0.342020143769995));
#11891=DIRECTION('',(3.053113317719E-14,-1.,-6.078471059823E-14));
#11892=DIRECTION('center_axis',(0.,1.,0.));
#11893=DIRECTION('ref_axis',(-1.163513729808E-12,0.,1.));
#11894=DIRECTION('center_axis',(0.,1.,0.));
#11895=DIRECTION('ref_axis',(-1.,0.,0.));
#11896=DIRECTION('',(1.,0.,-7.357174114615E-9));
#11897=DIRECTION('',(-0.731055274954007,0.,0.682318243169506));
#11898=DIRECTION('',(0.342020144072286,0.,-0.939692620514162));
#11899=DIRECTION('center_axis',(0.,0.,1.));
#11900=DIRECTION('ref_axis',(-1.,0.,0.));
#11901=DIRECTION('',(-3.855341134269E-8,0.999999999999999,4.241466326883E-10));
#11902=DIRECTION('center_axis',(0.,0.,1.));
#11903=DIRECTION('ref_axis',(-0.999999999997965,2.01755574025193E-6,0.));
#11904=DIRECTION('',(0.707106781192498,0.707106781180597,0.));
#11905=DIRECTION('center_axis',(0.,0.,-1.));
#11906=DIRECTION('ref_axis',(-0.707106777891097,0.707106784481997,0.));
#11907=DIRECTION('',(0.,1.,0.));
#11908=DIRECTION('center_axis',(0.,0.,-1.));
#11909=DIRECTION('ref_axis',(1.,0.,0.));
#11910=DIRECTION('',(-0.707106787039898,0.707106775333198,0.));
#11911=DIRECTION('center_axis',(0.,0.,1.));
#11912=DIRECTION('ref_axis',(0.707536783327721,0.706676517395521,0.));
#11913=DIRECTION('',(8.984761482275E-9,-1.,1.533251747644E-9));
#11914=DIRECTION('',(2.123318187941E-10,-1.,-5.794688513749E-10));
#11915=DIRECTION('center_axis',(1.,0.,0.));
#11916=DIRECTION('ref_axis',(0.,0.,1.));
#11917=DIRECTION('',(1.161613476255E-9,1.,0.));
#11918=DIRECTION('',(8.54478629807488E-10,-1.70612073770098E-7,-0.999999999999985));
#11919=DIRECTION('',(6.31094106787375E-11,3.90883742628985E-6,0.99999999999236));
#11920=DIRECTION('center_axis',(0.,0.,1.));
#11921=DIRECTION('ref_axis',(-1.,0.,0.));
#11922=DIRECTION('',(1.667873788743E-13,-1.,0.));
#11923=DIRECTION('center_axis',(0.,0.,-1.));
#11924=DIRECTION('ref_axis',(0.681640926215696,0.731686850850696,0.));
#11925=DIRECTION('',(1.70384382505E-14,-1.,-6.815375300198E-14));
#11926=DIRECTION('center_axis',(0.,0.,-1.));
#11927=DIRECTION('ref_axis',(0.681640926215696,0.731686850850696,0.));
#11928=DIRECTION('',(-1.67355326816E-13,1.,0.));
#11929=DIRECTION('',(1.,0.,0.));
#11930=DIRECTION('',(-3.088479631728E-8,-0.999999999999999,0.));
#11931=DIRECTION('center_axis',(0.,0.,1.));
#11932=DIRECTION('ref_axis',(0.707235958332038,0.706977580438138,0.));
#11933=DIRECTION('',(0.707106785011297,-0.707106777361798,0.));
#11934=DIRECTION('center_axis',(0.,0.,-1.));
#11935=DIRECTION('ref_axis',(1.,0.,0.));
#11936=DIRECTION('',(0.,-1.,0.));
#11937=DIRECTION('center_axis',(0.,0.,-1.));
#11938=DIRECTION('ref_axis',(-0.707106777728298,0.707106784644797,0.));
#11939=DIRECTION('',(-0.707106781195398,-0.707106781177697,0.));
#11940=DIRECTION('center_axis',(0.,0.,1.));
#11941=DIRECTION('ref_axis',(-0.999999999654049,-2.63040407647913E-5,0.));
#11942=DIRECTION('center_axis',(0.,0.,1.));
#11943=DIRECTION('ref_axis',(0.707145341001972,0.707068219268272,0.));
#11944=DIRECTION('',(0.707106781446197,-0.707106780926898,0.));
#11945=DIRECTION('center_axis',(0.,0.,-1.));
#11946=DIRECTION('ref_axis',(1.,8.983924715267E-12,0.));
#11947=DIRECTION('',(0.,-1.,-2.960594732329E-14));
#11948=DIRECTION('center_axis',(0.,0.,-1.));
#11949=DIRECTION('ref_axis',(-0.707106777357598,0.707106785015497,0.));
#11950=DIRECTION('',(-0.707106781195798,-0.707106781177297,0.));
#11951=DIRECTION('center_axis',(0.,0.,1.));
#11952=DIRECTION('ref_axis',(-0.999999999338398,-3.63758587962299E-5,0.));
#11953=DIRECTION('',(1.846470966342E-9,1.,0.));
#11954=DIRECTION('center_axis',(0.,0.,1.));
#11955=DIRECTION('ref_axis',(0.707132587053288,0.707080974377988,0.));
#11956=DIRECTION('',(0.707106781307797,-0.707106781065297,0.));
#11957=DIRECTION('center_axis',(0.,0.,-1.));
#11958=DIRECTION('ref_axis',(1.,2.6645352591E-14,0.));
#11959=DIRECTION('',(0.,-1.,0.));
#11960=DIRECTION('center_axis',(0.,0.,-1.));
#11961=DIRECTION('ref_axis',(-0.707106777606097,0.707106784766997,0.));
#11962=DIRECTION('',(-0.707106781196498,-0.707106781176598,0.));
#11963=DIRECTION('center_axis',(0.,0.,1.));
#11964=DIRECTION('ref_axis',(-0.999999999474927,-3.24059418410609E-5,0.));
#11965=DIRECTION('',(2.612988241845E-8,-1.,0.));
#11966=DIRECTION('',(1.54860472099E-13,1.,0.));
#11967=DIRECTION('center_axis',(0.,0.,-1.));
#11968=DIRECTION('ref_axis',(0.681640926215593,0.731686850850792,0.));
#11969=DIRECTION('center_axis',(0.,0.,1.));
#11970=DIRECTION('ref_axis',(-1.,0.,0.));
#11971=DIRECTION('center_axis',(0.,0.,1.));
#11972=DIRECTION('ref_axis',(-1.,0.,0.));
#11973=DIRECTION('center_axis',(0.,0.,1.));
#11974=DIRECTION('ref_axis',(-1.,0.,0.));
#11975=DIRECTION('center_axis',(0.,0.,-1.));
#11976=DIRECTION('ref_axis',(1.,0.,0.));
#11977=DIRECTION('center_axis',(0.,0.,-1.));
#11978=DIRECTION('ref_axis',(1.,0.,0.));
#11979=DIRECTION('',(0.,0.,-1.));
#11980=DIRECTION('center_axis',(0.,0.,-1.));
#11981=DIRECTION('ref_axis',(1.,0.,0.));
#11982=DIRECTION('center_axis',(0.,0.,-1.));
#11983=DIRECTION('ref_axis',(-1.,0.,0.));
#11984=DIRECTION('center_axis',(0.,0.,-1.));
#11985=DIRECTION('ref_axis',(-1.,0.,0.));
#11986=DIRECTION('',(-0.894427191000212,1.09535739652877E-16,-0.447213595499365));
#11987=DIRECTION('center_axis',(0.,0.,-1.));
#11988=DIRECTION('ref_axis',(-1.,0.,0.));
#11989=DIRECTION('center_axis',(0.,0.,-1.));
#11990=DIRECTION('ref_axis',(-1.,0.,0.));
#11991=DIRECTION('',(0.,0.,-1.));
#11992=DIRECTION('center_axis',(0.,0.,-1.));
#11993=DIRECTION('ref_axis',(-1.,0.,0.));
#11994=DIRECTION('center_axis',(0.,0.,-1.));
#11995=DIRECTION('ref_axis',(1.,0.,0.));
#11996=DIRECTION('center_axis',(0.,0.,-1.));
#11997=DIRECTION('ref_axis',(1.,0.,0.));
#11998=DIRECTION('',(0.,0.,-1.));
#11999=DIRECTION('center_axis',(0.,0.,-1.));
#12000=DIRECTION('ref_axis',(1.,0.,0.));
#12001=DIRECTION('center_axis',(0.,0.,-1.));
#12002=DIRECTION('ref_axis',(1.,0.,0.));
#12003=DIRECTION('',(-0.894427191000212,1.09535739652877E-16,-0.447213595499365));
#12004=DIRECTION('center_axis',(0.,0.,-1.));
#12005=DIRECTION('ref_axis',(1.,0.,0.));
#12006=DIRECTION('center_axis',(0.,0.,-1.));
#12007=DIRECTION('ref_axis',(-1.,0.,0.));
#12008=DIRECTION('center_axis',(0.,0.,-1.));
#12009=DIRECTION('ref_axis',(1.,0.,0.));
#12010=DIRECTION('',(0.,0.,-1.));
#12011=DIRECTION('center_axis',(0.,0.,-1.));
#12012=DIRECTION('ref_axis',(-1.,0.,0.));
#12013=DIRECTION('center_axis',(0.,0.,-1.));
#12014=DIRECTION('ref_axis',(1.,0.,0.));
#12015=DIRECTION('center_axis',(0.,0.,-1.));
#12016=DIRECTION('ref_axis',(1.,0.,0.));
#12017=DIRECTION('',(0.,0.,-1.));
#12018=DIRECTION('center_axis',(0.,0.,-1.));
#12019=DIRECTION('ref_axis',(1.,0.,0.));
#12020=DIRECTION('center_axis',(0.,0.,-1.));
#12021=DIRECTION('ref_axis',(-1.,0.,0.));
#12022=DIRECTION('center_axis',(0.,0.,-1.));
#12023=DIRECTION('ref_axis',(-1.,0.,0.));
#12024=DIRECTION('',(-0.894427191000212,1.09535739652877E-16,-0.447213595499365));
#12025=DIRECTION('center_axis',(0.,0.,-1.));
#12026=DIRECTION('ref_axis',(-1.,0.,0.));
#12027=DIRECTION('center_axis',(0.,0.,-1.));
#12028=DIRECTION('ref_axis',(-1.,0.,0.));
#12029=DIRECTION('',(0.,0.,-1.));
#12030=DIRECTION('center_axis',(0.,0.,-1.));
#12031=DIRECTION('ref_axis',(-1.,0.,0.));
#12032=DIRECTION('center_axis',(0.,1.,0.));
#12033=DIRECTION('ref_axis',(1.,0.,0.));
#12034=DIRECTION('',(-3.407901979943E-13,-1.,0.));
#12035=DIRECTION('center_axis',(1.,0.,0.));
#12036=DIRECTION('ref_axis',(0.,1.,0.));
#12037=DIRECTION('',(4.344350965925E-14,1.,0.));
#12038=DIRECTION('',(0.,-5.87863091539E-14,1.));
#12039=DIRECTION('',(4.224398608699E-14,-1.411648575811E-13,-1.));
#12040=DIRECTION('center_axis',(0.,0.,1.));
#12041=DIRECTION('ref_axis',(1.,0.,0.));
#12042=DIRECTION('',(2.501983616662E-13,1.,0.));
#12043=DIRECTION('center_axis',(0.,0.,1.));
#12044=DIRECTION('ref_axis',(0.848481847531206,0.529224483948004,0.));
#12045=DIRECTION('center_axis',(0.,0.,1.));
#12046=DIRECTION('ref_axis',(0.7137990453367,-0.7003505714115,0.));
#12047=DIRECTION('',(0.,0.,-1.));
#12048=DIRECTION('',(0.,1.,0.));
#12049=DIRECTION('',(-9.224984200186E-14,1.,0.));
#12050=DIRECTION('',(2.626470488029E-9,1.,0.));
#12051=DIRECTION('center_axis',(0.,0.,1.));
#12052=DIRECTION('ref_axis',(1.,0.,0.));
#12053=DIRECTION('center_axis',(0.,0.,1.));
#12054=DIRECTION('ref_axis',(0.848481847531206,0.529224483948004,0.));
#12055=DIRECTION('',(4.257463946604E-13,-1.,0.));
#12056=DIRECTION('center_axis',(1.,0.,0.));
#12057=DIRECTION('ref_axis',(0.,1.,0.));
#12058=DIRECTION('',(-3.763656053581E-14,-1.568745133838E-13,1.));
#12059=DIRECTION('',(1.06195245834E-12,-1.,0.));
#12060=DIRECTION('center_axis',(0.,-1.,0.));
#12061=DIRECTION('ref_axis',(0.,0.,-1.));
#12062=DIRECTION('center_axis',(0.,0.,-1.));
#12063=DIRECTION('ref_axis',(0.167287208453993,0.98590820560926,0.));
#12064=DIRECTION('center_axis',(0.,0.,-1.));
#12065=DIRECTION('ref_axis',(0.713799045336799,0.700350571411399,0.));
#12066=DIRECTION('center_axis',(0.,0.,-1.));
#12067=DIRECTION('ref_axis',(1.,2.45473712216682E-14,0.));
#12068=DIRECTION('center_axis',(0.,0.,1.));
#12069=DIRECTION('ref_axis',(1.,1.315845942553E-14,0.));
#12070=DIRECTION('center_axis',(0.,0.,1.));
#12071=DIRECTION('ref_axis',(1.,0.,0.));
#12072=DIRECTION('center_axis',(0.,0.,1.));
#12073=DIRECTION('ref_axis',(1.,0.,0.));
#12074=DIRECTION('',(2.627637153496E-14,-1.,0.));
#12075=DIRECTION('center_axis',(0.,0.,1.));
#12076=DIRECTION('ref_axis',(0.848481847531161,-0.529224483948076,0.));
#12077=DIRECTION('center_axis',(0.,0.,-1.));
#12078=DIRECTION('ref_axis',(1.,8.7163949810527E-14,0.));
#12079=DIRECTION('center_axis',(0.,0.,1.));
#12080=DIRECTION('ref_axis',(0.713799045336601,-0.700350571411602,0.));
#12081=DIRECTION('',(1.61537450083E-14,-4.996003610813E-14,-1.));
#12082=DIRECTION('center_axis',(0.,0.,-1.));
#12083=DIRECTION('ref_axis',(0.99999889596136,-0.00148595964284294,0.));
#12084=DIRECTION('center_axis',(0.,0.,-1.));
#12085=DIRECTION('ref_axis',(1.,1.4952794801734E-16,0.));
#12086=DIRECTION('center_axis',(0.,1.,0.));
#12087=DIRECTION('ref_axis',(1.,0.,0.));
#12088=DIRECTION('',(7.578478907235E-14,-1.,-1.312959403037E-13));
#12089=DIRECTION('center_axis',(1.,0.,0.));
#12090=DIRECTION('ref_axis',(0.,1.,0.));
#12091=DIRECTION('',(2.99277510986E-14,1.,0.));
#12092=DIRECTION('',(-2.825517597671E-14,-1.052491427345E-13,1.));
#12093=DIRECTION('center_axis',(0.,0.,1.));
#12094=DIRECTION('ref_axis',(1.,0.,0.));
#12095=DIRECTION('',(2.866617342649E-14,1.,0.));
#12096=DIRECTION('center_axis',(0.,0.,1.));
#12097=DIRECTION('ref_axis',(0.848481847531161,0.529224483948076,0.));
#12098=DIRECTION('center_axis',(1.,0.,0.));
#12099=DIRECTION('ref_axis',(0.,0.,-1.));
#12100=DIRECTION('',(-1.791159813062E-13,0.,1.));
#12101=DIRECTION('',(-3.595884794612E-13,-1.,0.));
#12102=DIRECTION('',(1.812504552654E-13,-1.,0.));
#12103=DIRECTION('center_axis',(0.,0.,1.));
#12104=DIRECTION('ref_axis',(1.,0.,0.));
#12105=DIRECTION('center_axis',(0.,0.,1.));
#12106=DIRECTION('ref_axis',(0.848481847530971,-0.529224483948382,0.));
#12107=DIRECTION('center_axis',(0.,0.,-1.));
#12108=DIRECTION('ref_axis',(1.,1.22464679914735E-16,0.));
#12109=DIRECTION('center_axis',(0.,0.,1.));
#12110=DIRECTION('ref_axis',(0.7137990453367,-0.7003505714115,0.));
#12111=DIRECTION('',(1.837419105756E-14,-1.194599974498E-13,-1.));
#12112=DIRECTION('center_axis',(0.,0.,-1.));
#12113=DIRECTION('ref_axis',(0.999998895961359,-0.00148595964395394,0.));
#12114=DIRECTION('center_axis',(0.,0.,-1.));
#12115=DIRECTION('ref_axis',(1.,0.,0.));
#12116=DIRECTION('center_axis',(0.,-1.,0.));
#12117=DIRECTION('ref_axis',(0.,0.,-1.));
#12118=DIRECTION('',(-3.687871264416E-13,-1.,0.));
#12119=DIRECTION('center_axis',(0.,-1.,0.));
#12120=DIRECTION('ref_axis',(3.700743415417E-14,0.,-1.));
#12121=DIRECTION('center_axis',(0.,1.,0.));
#12122=DIRECTION('ref_axis',(1.,0.,0.));
#12123=DIRECTION('',(0.731055267908725,0.,-0.682318250718023));
#12124=DIRECTION('',(-1.463779460453E-9,0.,1.));
#12125=DIRECTION('',(0.,0.,-1.));
#12126=DIRECTION('',(1.,0.,1.809666999585E-11));
#12127=DIRECTION('center_axis',(0.,0.,1.));
#12128=DIRECTION('ref_axis',(1.,0.,0.));
#12129=DIRECTION('',(-1.061952458338E-14,-1.,0.));
#12130=DIRECTION('center_axis',(1.,0.,0.));
#12131=DIRECTION('ref_axis',(0.,1.,0.));
#12132=DIRECTION('center_axis',(1.,0.,0.));
#12133=DIRECTION('ref_axis',(0.,0.,1.));
#12134=DIRECTION('',(-2.897143267197E-8,-0.999999999999999,-2.674741920767E-9));
#12135=DIRECTION('',(-1.74874893774996E-9,2.69277027442593E-6,0.999999999996375));
#12136=DIRECTION('center_axis',(0.682318250359936,0.,0.731055268242939));
#12137=DIRECTION('ref_axis',(-0.731055268242939,0.,0.682318250359936));
#12138=DIRECTION('center_axis',(0.,0.,-1.));
#12139=DIRECTION('ref_axis',(-0.382322053219392,0.924029137864228,0.));
#12140=DIRECTION('',(-1.81283924786702E-6,1.81299312237102E-6,-0.999999999996713));
#12141=DIRECTION('center_axis',(0.707106781188898,0.707106781184198,0.));
#12142=DIRECTION('ref_axis',(0.707106781184198,-0.707106781188898,0.));
#12143=DIRECTION('',(2.537568548862E-12,-2.148000652848E-12,1.));
#12144=DIRECTION('center_axis',(0.,0.,-1.));
#12145=DIRECTION('ref_axis',(0.,-1.,0.));
#12146=DIRECTION('',(0.,0.,-1.));
#12147=DIRECTION('center_axis',(1.,0.,0.));
#12148=DIRECTION('ref_axis',(0.,1.,0.));
#12149=DIRECTION('',(0.,0.,1.));
#12150=DIRECTION('center_axis',(0.,0.,-1.));
#12151=DIRECTION('ref_axis',(0.382683434296894,0.923879531711107,0.));
#12152=DIRECTION('',(7.531324961264E-13,5.546299697959E-13,-1.));
#12153=DIRECTION('center_axis',(0.707106781186548,-0.707106781186548,0.));
#12154=DIRECTION('ref_axis',(-0.707106781186548,-0.707106781186548,0.));
#12155=DIRECTION('',(-3.108123129686E-10,-3.108330192968E-10,1.));
#12156=DIRECTION('center_axis',(0.,0.,-1.));
#12157=DIRECTION('ref_axis',(0.,-1.,0.));
#12158=DIRECTION('center_axis',(1.,0.,0.));
#12159=DIRECTION('ref_axis',(0.,0.,1.));
#12160=DIRECTION('',(6.77303033334696E-10,-1.10773797910599E-7,-0.999999999999994));
#12161=DIRECTION('',(-2.42155002263E-8,1.,-2.184036463577E-9));
#12162=DIRECTION('center_axis',(0.682318250359936,0.,0.731055268242939));
#12163=DIRECTION('ref_axis',(-0.731055268242939,0.,0.682318250359936));
#12164=DIRECTION('',(7.081962727975E-9,1.,5.658778793195E-10));
#12165=DIRECTION('',(0.731055274481821,0.,-0.68231824367542));
#12166=DIRECTION('center_axis',(0.,1.,0.));
#12167=DIRECTION('ref_axis',(-1.,0.,0.));
#12168=DIRECTION('',(1.,0.,-6.000269173899E-9));
#12169=DIRECTION('',(-0.342020144183912,0.,0.939692620473533));
#12170=DIRECTION('center_axis',(0.,-1.,0.));
#12171=DIRECTION('ref_axis',(0.939692620624511,0.,0.342020143769104));
#12172=DIRECTION('center_axis',(0.,-1.,0.));
#12173=DIRECTION('ref_axis',(0.939692620624187,0.,0.342020143769995));
#12174=DIRECTION('',(-3.530509218308E-13,-1.,6.064593272015E-13));
#12175=DIRECTION('center_axis',(0.939692620624079,0.,0.342020143770292));
#12176=DIRECTION('ref_axis',(0.342020143770292,0.,-0.939692620624079));
#12177=DIRECTION('',(-1.587302511652E-10,1.,4.346658623311E-10));
#12178=DIRECTION('center_axis',(0.,0.,1.));
#12179=DIRECTION('ref_axis',(-1.,0.,0.));
#12180=DIRECTION('center_axis',(0.,0.,1.));
#12181=DIRECTION('ref_axis',(-0.999999999996953,2.46844277166689E-6,0.));
#12182=DIRECTION('',(0.707106781189297,0.707106781183798,0.));
#12183=DIRECTION('center_axis',(0.,0.,-1.));
#12184=DIRECTION('ref_axis',(-0.707106776479997,0.707106785893098,0.));
#12185=DIRECTION('',(0.,1.,0.));
#12186=DIRECTION('center_axis',(0.,0.,-1.));
#12187=DIRECTION('ref_axis',(1.,0.,0.));
#12188=DIRECTION('',(-0.707106781226697,0.707106781146397,0.));
#12189=DIRECTION('center_axis',(0.,0.,1.));
#12190=DIRECTION('ref_axis',(0.707106781541897,0.707106780831198,0.));
#12191=DIRECTION('',(4.077344732887E-8,0.999999999999999,-1.17918398135E-9));
#12192=DIRECTION('center_axis',(1.,0.,0.));
#12193=DIRECTION('ref_axis',(0.,0.,1.));
#12194=DIRECTION('',(-4.30316934142487E-10,-2.41604915871893E-7,-0.999999999999971));
#12195=DIRECTION('',(-1.18540962875397E-9,4.20129267761289E-6,0.999999999991175));
#12196=DIRECTION('center_axis',(0.,0.,-1.));
#12197=DIRECTION('ref_axis',(-0.382530278748434,0.923942955945141,0.));
#12198=DIRECTION('',(1.55454513839896E-7,-1.55460934781296E-7,-0.999999999999976));
#12199=DIRECTION('center_axis',(0.707106781181898,0.707106781191198,0.));
#12200=DIRECTION('ref_axis',(0.707106781191198,-0.707106781181898,0.));
#12201=DIRECTION('',(-3.386849034158E-12,3.63602053419E-12,1.));
#12202=DIRECTION('center_axis',(0.,0.,-1.));
#12203=DIRECTION('ref_axis',(0.,-1.,0.));
#12204=DIRECTION('',(0.,0.,-1.));
#12205=DIRECTION('center_axis',(1.,0.,0.));
#12206=DIRECTION('ref_axis',(0.,1.,0.));
#12207=DIRECTION('',(0.,0.,1.));
#12208=DIRECTION('center_axis',(0.,0.,-1.));
#12209=DIRECTION('ref_axis',(0.382683434726464,0.923879531533174,0.));
#12210=DIRECTION('',(-4.478024377011E-12,-4.566735209533E-12,-1.));
#12211=DIRECTION('center_axis',(-0.707106781185398,0.707106781187698,0.));
#12212=DIRECTION('ref_axis',(-0.707106781187698,-0.707106781185398,0.));
#12213=DIRECTION('',(-4.133704356055E-10,-4.138242626752E-10,1.));
#12214=DIRECTION('center_axis',(0.,0.,-1.));
#12215=DIRECTION('ref_axis',(0.,-1.,0.));
#12216=DIRECTION('center_axis',(0.,0.,-1.));
#12217=DIRECTION('ref_axis',(0.,-1.,0.));
#12218=DIRECTION('',(-1.990422819871E-10,-1.993585617873E-10,1.));
#12219=DIRECTION('center_axis',(0.,0.,1.));
#12220=DIRECTION('ref_axis',(1.581173710482E-9,-1.,0.));
#12221=DIRECTION('center_axis',(0.,0.,1.));
#12222=DIRECTION('ref_axis',(-1.,0.,0.));
#12223=DIRECTION('',(0.,1.,0.));
#12224=DIRECTION('center_axis',(0.,0.,-1.));
#12225=DIRECTION('ref_axis',(1.,-9.992007221626E-13,0.));
#12226=DIRECTION('',(-0.707106781473447,0.707106780899648,0.));
#12227=DIRECTION('center_axis',(0.,0.,1.));
#12228=DIRECTION('ref_axis',(0.707552821791008,0.706660459043508,0.));
#12229=DIRECTION('',(0.707106781188598,0.707106781184498,0.));
#12230=DIRECTION('center_axis',(0.,0.,-1.));
#12231=DIRECTION('ref_axis',(-0.707106776403997,0.707106785969097,0.));
#12232=DIRECTION('center_axis',(1.,0.,0.));
#12233=DIRECTION('ref_axis',(0.,1.,0.));
#12234=DIRECTION('',(0.,4.01017906967E-14,-1.));
#12235=DIRECTION('',(0.,0.,1.));
#12236=DIRECTION('center_axis',(0.,0.,-1.));
#12237=DIRECTION('ref_axis',(0.382683434783626,0.923879531509496,0.));
#12238=DIRECTION('',(-3.715314535275E-12,-3.944100735433E-12,-1.));
#12239=DIRECTION('center_axis',(0.707106781186548,-0.707106781186548,0.));
#12240=DIRECTION('ref_axis',(-0.707106781186548,-0.707106781186548,0.));
#12241=DIRECTION('center_axis',(0.,0.,-1.));
#12242=DIRECTION('ref_axis',(0.,-1.,0.));
#12243=DIRECTION('',(5.175511960096E-13,-2.662930117378E-13,1.));
#12244=DIRECTION('center_axis',(0.707106781186548,0.707106781186548,0.));
#12245=DIRECTION('ref_axis',(0.707106781186548,-0.707106781186548,0.));
#12246=DIRECTION('',(-2.45554484449993E-6,2.45554666486393E-6,-0.99999999999397));
#12247=DIRECTION('center_axis',(0.,0.,-1.));
#12248=DIRECTION('ref_axis',(-0.382456771039166,0.92397338613528,0.));
#12249=DIRECTION('center_axis',(0.939692620624619,0.,0.342020143768807));
#12250=DIRECTION('ref_axis',(0.342020143768807,0.,-0.939692620624619));
#12251=DIRECTION('center_axis',(0.,1.,0.));
#12252=DIRECTION('ref_axis',(0.,0.,1.));
#12253=DIRECTION('',(1.221245327088E-14,-1.,-2.98441826807E-13));
#12254=DIRECTION('center_axis',(0.,1.,0.));
#12255=DIRECTION('ref_axis',(5.092222939614E-13,0.,1.));
#12256=DIRECTION('center_axis',(0.,1.,0.));
#12257=DIRECTION('ref_axis',(-1.,0.,0.));
#12258=DIRECTION('center_axis',(0.,-1.,0.));
#12259=DIRECTION('ref_axis',(-0.982523741595676,0.,-0.186137307385795));
#12260=DIRECTION('',(0.766044443119188,0.,-0.64278760968629));
#12261=DIRECTION('center_axis',(0.,-1.,0.));
#12262=DIRECTION('ref_axis',(-0.642787609678678,0.,-0.766044443125574));
#12263=DIRECTION('',(0.777145961457227,0.,0.629320391049521));
#12264=DIRECTION('center_axis',(0.,-1.,0.));
#12265=DIRECTION('ref_axis',(0.629320390988581,0.,-0.777145961506576));
#12266=DIRECTION('',(-0.62932039104997,0.,0.777145961456863));
#12267=DIRECTION('',(-2.377183417432E-14,0.,-1.));
#12268=DIRECTION('center_axis',(0.,1.,0.));
#12269=DIRECTION('ref_axis',(-1.,0.,9.788466333778E-13));
#12270=DIRECTION('',(0.186137307311201,0.,-0.982523741609807));
#12271=DIRECTION('center_axis',(0.,-1.,0.));
#12272=DIRECTION('ref_axis',(-1.,0.,0.));
#12273=DIRECTION('',(-1.292854712176E-12,-1.,1.191269305423E-12));
#12274=DIRECTION('',(-1.981748098956E-13,1.,1.691424778016E-12));
#12275=DIRECTION('center_axis',(0.642787609685966,0.,0.766044443119459));
#12276=DIRECTION('ref_axis',(0.766044443119459,0.,-0.642787609685966));
#12277=DIRECTION('',(-7.066569551739E-13,1.,4.676814491233E-13));
#12278=DIRECTION('center_axis',(0.,-1.,0.));
#12279=DIRECTION('ref_axis',(-1.,0.,0.));
#12280=DIRECTION('',(7.877032359715E-13,-1.,6.433742427703E-13));
#12281=DIRECTION('center_axis',(-0.62932039104991,0.,0.777145961456912));
#12282=DIRECTION('ref_axis',(0.777145961456912,0.,0.62932039104991));
#12283=DIRECTION('',(1.056932319443E-12,1.,8.618106228653E-13));
#12284=DIRECTION('center_axis',(0.,-1.,0.));
#12285=DIRECTION('ref_axis',(0.994521895364041,0.,-0.104528463307924));
#12286=DIRECTION('',(-1.683653216844E-12,-1.,2.142730437527E-12));
#12287=DIRECTION('center_axis',(0.777145961457227,0.,0.629320391049522));
#12288=DIRECTION('ref_axis',(-0.629320391049522,0.,0.777145961457227));
#12289=DIRECTION('',(0.,1.,-1.590394482776E-13));
#12290=DIRECTION('center_axis',(1.,0.,0.));
#12291=DIRECTION('ref_axis',(0.,0.,1.));
#12292=DIRECTION('',(0.,1.,-1.582067810091E-14));
#12293=DIRECTION('center_axis',(0.,1.,0.));
#12294=DIRECTION('ref_axis',(-1.,0.,0.));
#12295=DIRECTION('center_axis',(0.982523741609771,0.,0.186137307311394));
#12296=DIRECTION('ref_axis',(0.186137307311394,0.,-0.982523741609771));
#12297=DIRECTION('center_axis',(0.,1.,0.));
#12298=DIRECTION('ref_axis',(-1.,0.,0.));
#12299=DIRECTION('',(0.,1.,4.163336342344E-14));
#12300=DIRECTION('center_axis',(0.,-1.,0.));
#12301=DIRECTION('ref_axis',(0.,0.,1.));
#12302=DIRECTION('center_axis',(0.,1.,0.));
#12303=DIRECTION('ref_axis',(-1.,0.,0.));
#12304=DIRECTION('',(-7.053181568206E-14,0.,-1.));
#12305=DIRECTION('',(0.62932039105008,0.,-0.777145961456775));
#12306=DIRECTION('center_axis',(0.,1.,0.));
#12307=DIRECTION('ref_axis',(0.777145961468903,0.,0.629320391035102));
#12308=DIRECTION('',(-0.777145961457492,0.,-0.629320391049194));
#12309=DIRECTION('center_axis',(0.,1.,0.));
#12310=DIRECTION('ref_axis',(0.6293203910766,0.,-0.777145961435299));
#12311=DIRECTION('',(-0.766044443118825,0.,0.642787609686721));
#12312=DIRECTION('center_axis',(0.,1.,0.));
#12313=DIRECTION('ref_axis',(-0.642787609686613,0.,-0.766044443118916));
#12314=DIRECTION('',(-0.186137307311394,0.,0.982523741609771));
#12315=DIRECTION('center_axis',(0.,-1.,0.));
#12316=DIRECTION('ref_axis',(0.982523741604276,0.,0.186137307340396));
#12317=DIRECTION('center_axis',(0.,1.,0.));
#12318=DIRECTION('ref_axis',(0.,0.,1.));
#12319=DIRECTION('',(1.215694211965E-13,-1.,-5.263844915504E-13));
#12320=DIRECTION('center_axis',(0.982523741609712,0.,0.186137307311702));
#12321=DIRECTION('ref_axis',(0.186137307311702,0.,-0.982523741609712));
#12322=DIRECTION('',(-2.914335439641E-13,1.,1.423583473326E-12));
#12323=DIRECTION('center_axis',(0.,-1.,0.));
#12324=DIRECTION('ref_axis',(-1.,0.,0.));
#12325=DIRECTION('',(2.053912595557E-14,-1.,2.775557561563E-14));
#12326=DIRECTION('center_axis',(0.642787609686829,0.,0.766044443118735));
#12327=DIRECTION('ref_axis',(0.766044443118735,0.,-0.642787609686829));
#12328=DIRECTION('',(0.,1.,-5.440092820663E-14));
#12329=DIRECTION('center_axis',(0.,-1.,0.));
#12330=DIRECTION('ref_axis',(-1.,0.,0.));
#12331=DIRECTION('',(6.417089082333E-13,-1.,5.048739204483E-13));
#12332=DIRECTION('center_axis',(-0.629320391049303,0.,0.777145961457404));
#12333=DIRECTION('ref_axis',(0.777145961457404,0.,0.629320391049303));
#12334=DIRECTION('',(4.141131881852E-13,1.,2.889355421587E-13));
#12335=DIRECTION('center_axis',(0.,-1.,0.));
#12336=DIRECTION('ref_axis',(0.994521895365472,0.,-0.104528463294309));
#12337=DIRECTION('',(-1.498801083244E-13,-1.,2.345346139521E-13));
#12338=DIRECTION('center_axis',(0.77714596145646,0.,0.629320391050468));
#12339=DIRECTION('ref_axis',(-0.629320391050468,0.,0.77714596145646));
#12340=DIRECTION('',(0.,1.,-5.911937606129E-14));
#12341=DIRECTION('center_axis',(1.,0.,0.));
#12342=DIRECTION('ref_axis',(0.,0.,1.));
#12343=DIRECTION('center_axis',(0.,0.,1.));
#12344=DIRECTION('ref_axis',(1.,0.,0.));
#12345=DIRECTION('',(0.,-1.,0.));
#12346=DIRECTION('',(1.,0.,0.));
#12347=DIRECTION('',(0.,-1.,0.));
#12348=DIRECTION('center_axis',(-0.706913158572721,0.,0.707300350796421));
#12349=DIRECTION('ref_axis',(0.707300350796421,0.,0.706913158572721));
#12350=DIRECTION('',(0.707300350796421,0.,0.706913158572721));
#12351=DIRECTION('',(0.,-1.,0.));
#12352=DIRECTION('center_axis',(-0.70730024487557,0.,-0.70691326455157));
#12353=DIRECTION('ref_axis',(-0.70691326455157,0.,0.70730024487557));
#12354=DIRECTION('',(-0.70691326455157,0.,0.70730024487557));
#12355=DIRECTION('',(0.,-1.,0.));
#12356=DIRECTION('center_axis',(0.,0.,-1.));
#12357=DIRECTION('ref_axis',(-1.,0.,0.));
#12358=DIRECTION('',(-1.,0.,0.));
#12359=DIRECTION('',(0.,-1.,0.));
#12360=DIRECTION('center_axis',(1.,0.,0.));
#12361=DIRECTION('ref_axis',(0.,0.,-1.));
#12362=DIRECTION('',(0.,0.,-1.));
#12363=DIRECTION('center_axis',(0.,1.,0.));
#12364=DIRECTION('ref_axis',(-1.,0.,0.));
#12365=DIRECTION('',(0.,0.,-1.));
#12366=DIRECTION('',(0.707106781186198,0.,0.707106781186898));
#12367=DIRECTION('',(-0.705996990444838,0.,0.708214832859938));
#12368=DIRECTION('center_axis',(0.,1.,0.));
#12369=DIRECTION('ref_axis',(-1.,0.,0.));
#12370=DIRECTION('',(0.952246843212035,0.,0.305329247850111));
#12371=DIRECTION('',(0.,0.,-1.));
#12372=DIRECTION('',(-0.0201227675298602,0.,-0.999797516613709));
#12373=DIRECTION('',(-0.0744281428067667,0.,-0.997226379293255));
#12374=DIRECTION('',(-0.159778584899406,0.,-0.98715287762714));
#12375=DIRECTION('',(-0.283551799697598,0.,-0.958956921289092));
#12376=DIRECTION('',(-0.399495668882019,0.,-0.916735081986344));
#12377=DIRECTION('',(-0.526603424542104,0.,-0.850111071131607));
#12378=DIRECTION('',(-0.64509335254813,0.,-0.764103766839435));
#12379=DIRECTION('',(-0.746072079805477,0.,-0.665865190361179));
#12380=DIRECTION('',(-0.824552088603853,0.,-0.565786048943436));
#12381=DIRECTION('',(-0.89352303909829,0.,-0.449017347772395));
#12382=DIRECTION('',(-0.950557624777335,0.,-0.310548228102611));
#12383=DIRECTION('',(-0.984584083424829,0.,-0.174911928313905));
#12384=DIRECTION('',(-0.997203323951401,0.,-0.0747364081306901));
#12385=DIRECTION('',(-0.99999244724516,0.,0.00388657337964985));
#12386=DIRECTION('',(-0.995931678306242,0.,0.0901115538991038));
#12387=DIRECTION('',(-0.983450193324412,0.,0.181178688730702));
#12388=DIRECTION('',(-0.960434229819972,0.,0.278506894331392));
#12389=DIRECTION('',(-0.923622257470928,0.,0.383303959677312));
#12390=DIRECTION('',(-0.87425593777358,0.,0.485465297696589));
#12391=DIRECTION('',(-0.811660388837323,0.,0.584129620197817));
#12392=DIRECTION('',(-0.733531520456215,0.,0.679655433655314));
#12393=DIRECTION('',(-0.645799228432685,0.,0.763507273413782));
#12394=DIRECTION('',(-0.54329116662969,0.,0.839544345619784));
#12395=DIRECTION('',(-0.435818003821313,0.,0.900034814629527));
#12396=DIRECTION('',(-0.326616229138008,0.,0.945157044550623));
#12397=DIRECTION('',(-0.226757984751294,0.,0.973951136531773));
#12398=DIRECTION('',(-0.137405563102293,0.,0.99051487178565));
#12399=DIRECTION('',(-0.0649149341129692,0.,0.997890801304987));
#12400=DIRECTION('',(-0.0241369592374806,0.,0.999708661160224));
#12401=DIRECTION('',(-0.00588552205575887,0.,0.999982680165077));
#12402=DIRECTION('',(0.,0.,1.));
#12403=DIRECTION('',(-0.952431132453418,0.,-0.304753897322906));
#12404=DIRECTION('',(0.,0.,-1.));
#12405=DIRECTION('',(0.0254786868700808,0.,-0.99967536556393));
#12406=DIRECTION('',(0.0987696326545071,0.,-0.995110325373671));
#12407=DIRECTION('',(0.229127949501395,0.,-0.973396313305781));
#12408=DIRECTION('',(0.464779464474213,0.,-0.885426478824224));
#12409=DIRECTION('',(0.679515995519083,0.,-0.733660692577781));
#12410=DIRECTION('',(0.830435215648515,0.,-0.55711520586931));
#12411=DIRECTION('',(0.943608492348273,0.,-0.33106345791739));
#12412=DIRECTION('',(0.994654349296567,0.,-0.103260473683897));
#12413=DIRECTION('',(0.998605332183189,0.,0.0527957435339494));
#12414=DIRECTION('',(0.985889202401382,0.,0.167399165435097));
#12415=DIRECTION('',(0.95689334309103,0.,0.290439546116009));
#12416=DIRECTION('',(0.906325138288582,0.,0.422581049866392));
#12417=DIRECTION('',(0.845053052707377,0.,0.534682464748885));
#12418=DIRECTION('',(0.778837695108273,0.,0.627225513414779));
#12419=DIRECTION('',(0.689872185056638,0.,0.72393119029724));
#12420=DIRECTION('',(0.584783049323518,0.,0.811189734417225));
#12421=DIRECTION('',(0.466431206693707,0.,0.884557476607514));
#12422=DIRECTION('',(0.334318618128186,0.,0.942460111396159));
#12423=DIRECTION('',(0.182763178273597,0.,0.983156966443982));
#12424=DIRECTION('',(0.0840901012822223,0.,0.996458155100527));
#12425=DIRECTION('',(0.0225322866570902,0.,0.999746115800408));
#12426=DIRECTION('',(0.,0.,1.));
#12427=DIRECTION('center_axis',(0.,1.,0.));
#12428=DIRECTION('ref_axis',(-1.,0.,0.));
#12429=DIRECTION('',(0.952377751805661,0.,0.304920674709988));
#12430=DIRECTION('',(0.,0.,-1.));
#12431=DIRECTION('',(-0.951603934559782,0.,-0.307327108681194));
#12432=DIRECTION('',(0.,0.,1.));
#12433=DIRECTION('',(-0.946205466863905,0.,-0.323566398868702));
#12434=DIRECTION('',(0.,0.,-1.));
#12435=DIRECTION('',(-0.952727680308992,0.,-0.303825553851297));
#12436=DIRECTION('',(0.,0.,1.));
#12437=DIRECTION('',(-0.952004245667554,0.,-0.306084818687485));
#12438=DIRECTION('',(0.,0.,-1.));
#12439=DIRECTION('',(-0.95272767957201,0.,-0.303825556162303));
#12440=DIRECTION('',(0.,0.,1.));
#12441=DIRECTION('center_axis',(0.,1.,0.));
#12442=DIRECTION('ref_axis',(-1.,0.,0.));
#12443=DIRECTION('',(0.906054032176728,0.,0.423162014807913));
#12444=DIRECTION('',(0.952802183355032,0.,0.30359183024891));
#12445=DIRECTION('',(0.984428575817706,0.,0.175785036659901));
#12446=DIRECTION('',(0.999999207836621,0.,-0.00125870017533403));
#12447=DIRECTION('',(0.959035131236913,0.,-0.283287163587404));
#12448=DIRECTION('',(0.803149212619294,0.,-0.595777930330596));
#12449=DIRECTION('',(0.551019848715597,0.,-0.834492136764296));
#12450=DIRECTION('',(0.291384127474104,0.,-0.956606131203514));
#12451=DIRECTION('',(0.0821628662471085,0.,-0.996618915839981));
#12452=DIRECTION('',(-0.0495754459656224,0.,-0.998770381597948));
#12453=DIRECTION('',(-0.147196767000299,0.,-0.989107229669594));
#12454=DIRECTION('',(-0.240444730300006,0.,-0.970662831095823));
#12455=DIRECTION('',(-0.319492073651783,0.,-0.94758894826485));
#12456=DIRECTION('',(-0.391133104095797,0.,-0.920334121327894));
#12457=DIRECTION('',(-0.471364915095604,0.,-0.881938272679508));
#12458=DIRECTION('',(-0.952054040107004,0.,-0.305929901637501));
#12459=DIRECTION('',(0.,0.,1.));
#12460=DIRECTION('',(0.952389022077132,0.,0.30488547132811));
#12461=DIRECTION('',(0.,0.,-1.));
#12462=DIRECTION('',(0.95292400867833,0.,0.30320922427331));
#12463=DIRECTION('',(0.404569848685106,0.,0.914507100866314));
#12464=DIRECTION('',(0.336787891774299,0.,0.941580541405898));
#12465=DIRECTION('',(0.2772450063952,0.,0.960799253969801));
#12466=DIRECTION('',(0.216309538949593,0.,0.976324834959869));
#12467=DIRECTION('',(0.135639528799798,0.,0.990758254180589));
#12468=DIRECTION('',(0.0469281005405697,0.,0.998898269785094));
#12469=DIRECTION('',(-0.0990792077710534,0.,0.995079549879034));
#12470=DIRECTION('',(-0.350259361598597,0.,0.936652752951991));
#12471=DIRECTION('',(-0.639159181844086,0.,0.769074469908083));
#12472=DIRECTION('',(-0.873473588195744,0.,0.486871534107769));
#12473=DIRECTION('',(-0.981425923306352,0.,0.19184148941841));
#12474=DIRECTION('',(-0.999592309387501,0.,-0.02855197039369));
#12475=DIRECTION('',(-0.985211298247609,0.,-0.171343800019902));
#12476=DIRECTION('',(-0.955203225168841,0.,-0.295950669245813));
#12477=DIRECTION('',(-0.907531158757018,0.,-0.419984756729508));
#12478=DIRECTION('',(-0.839546858552667,0.,-0.543287283390978));
#12479=DIRECTION('',(-0.734803444869397,0.,-0.678280102470997));
#12480=DIRECTION('',(-0.59036063031762,0.,-0.807139595219428));
#12481=DIRECTION('',(-0.428386376461998,0.,-0.903595657615595));
#12482=DIRECTION('',(-0.264236175457303,0.,-0.964458005088712));
#12483=DIRECTION('',(-0.0875358665234564,0.,-0.996161368490059));
#12484=DIRECTION('',(0.0890403673583417,0.,-0.996028018170519));
#12485=DIRECTION('',(0.529631465431385,0.,-0.848227864918976));
#12486=DIRECTION('',(0.739374555470425,0.,-0.673294338846623));
#12487=DIRECTION('',(0.884873158970565,0.,-0.465832043266082));
#12488=DIRECTION('',(0.962495508750074,0.,-0.271297614504693));
#12489=DIRECTION('',(-0.112029679984495,0.,-0.993704861013858));
#12490=DIRECTION('',(-0.978085666524198,0.,0.2082028552636));
#12491=DIRECTION('',(-0.901312041893215,0.,0.433170408890407));
#12492=DIRECTION('',(-0.747037444387002,0.,0.664781961761702));
#12493=DIRECTION('',(-0.525738497804519,0.,0.850646243703131));
#12494=DIRECTION('',(-0.286698752600899,0.,0.958020785399298));
#12495=DIRECTION('',(-0.0833050206408165,0.,0.996524095813058));
#12496=DIRECTION('',(0.087975970558402,0.,0.996122597175823));
#12497=DIRECTION('',(0.273974953254393,0.,0.961736827302175));
#12498=DIRECTION('',(0.456873457954285,0.,0.88953169893877));
#12499=DIRECTION('',(0.613584732468704,0.,0.789628885034805));
#12500=DIRECTION('',(0.741697878610607,0.,0.670734117862306));
#12501=DIRECTION('',(0.840144954023476,0.,0.542361923653285));
#12502=DIRECTION('center_axis',(0.,1.,0.));
#12503=DIRECTION('ref_axis',(-1.,0.,0.));
#12504=DIRECTION('',(0.521372708346077,0.,-0.853329068409062));
#12505=DIRECTION('',(0.464888509180296,0.,-0.885369230339592));
#12506=DIRECTION('',(0.429185422999279,0.,-0.903216404127455));
#12507=DIRECTION('',(0.47771603441938,0.,-0.878514308624863));
#12508=DIRECTION('',(0.581110200951203,0.,-0.813824879412305));
#12509=DIRECTION('',(0.772403389194137,0.,-0.63513227312223));
#12510=DIRECTION('',(0.934676878324842,0.,-0.355498429145516));
#12511=DIRECTION('',(0.999388094545773,0.,-0.034977656870769));
#12512=DIRECTION('',(0.966201076567399,0.,0.2577896034366));
#12513=DIRECTION('',(0.846482981491874,0.,0.532415779297184));
#12514=DIRECTION('',(0.679295076657094,0.,0.733865245688494));
#12515=DIRECTION('',(0.4615053612663,0.,0.887137419751));
#12516=DIRECTION('',(0.234230933206007,0.,0.972180986200328));
#12517=DIRECTION('',(0.065296874235059,0.,0.997865881877485));
#12518=DIRECTION('',(-0.08207850539273,0.,0.9966258670898));
#12519=DIRECTION('',(-0.314634120593711,0.,0.949213026753332));
#12520=DIRECTION('',(-0.643668287928703,0.,0.765304602831404));
#12521=DIRECTION('',(-0.912053752115354,0.,0.410070668607624));
#12522=DIRECTION('',(-0.990116987280933,0.,0.140243900037505));
#12523=DIRECTION('',(-0.999861769022286,0.,-0.0166265705310898));
#12524=DIRECTION('',(0.0519461064135805,0.,0.998649889615209));
#12525=DIRECTION('',(0.997694111961897,0.,0.0678708991878098));
#12526=DIRECTION('',(0.995739318861476,0.,-0.0922128454895678));
#12527=DIRECTION('',(0.962364849892167,0.,-0.271760732432091));
#12528=DIRECTION('',(0.872075964370986,0.,-0.489370526662992));
#12529=DIRECTION('',(0.707987621154555,0.,-0.706224842590455));
#12530=DIRECTION('',(0.522212592629825,0.,-0.852815342321441));
#12531=DIRECTION('',(0.351561116636213,0.,-0.936164932727935));
#12532=DIRECTION('',(0.194318825096206,0.,-0.98093842529143));
#12533=DIRECTION('',(0.0588615494020501,0.,-0.998266155893302));
#12534=DIRECTION('',(-0.0888048019139212,0.,-0.996049048569913));
#12535=DIRECTION('',(-0.296432146910894,0.,-0.955053915900981));
#12536=DIRECTION('',(-0.52419466470032,0.,-0.851598469643833));
#12537=DIRECTION('',(-0.71295114793043,0.,-0.70121370541703));
#12538=DIRECTION('',(-0.867008838538123,0.,-0.498292759225713));
#12539=DIRECTION('',(-0.970149645234812,0.,-0.242507042889003));
#12540=DIRECTION('',(-0.999984476109463,0.,0.0055720319527368));
#12541=DIRECTION('',(-0.960434220757596,0.,0.278506925583099));
#12542=DIRECTION('',(-0.830404976776889,0.,0.557160277248993));
#12543=DIRECTION('',(-0.633488271430313,0.,0.773752292378016));
#12544=DIRECTION('',(-0.504412722949312,0.,0.863462682996121));
#12545=DIRECTION('',(-0.435132050037209,0.,0.900366647000218));
#12546=DIRECTION('',(-0.490964218960111,-1.85372462084904E-14,0.871179737884719));
#12547=DIRECTION('',(-0.596997622461233,0.,0.802243004815645));
#12548=DIRECTION('',(-0.778879656297196,0.,0.627173405850696));
#12549=DIRECTION('',(-0.940740910626707,0.,0.339126140356703));
#12550=DIRECTION('',(-0.999644564925795,0.,0.0266597789622699));
#12551=DIRECTION('',(-0.969692029665272,0.,-0.244330447557493));
#12552=DIRECTION('',(-0.85977847822359,0.,-0.510667179661594));
#12553=DIRECTION('',(-0.690809271691005,0.,-0.723037032347405));
#12554=DIRECTION('',(-0.467244849567399,0.,-0.884127960508398));
#12555=DIRECTION('',(-0.233275691552592,0.,-0.972410639457765));
#12556=DIRECTION('',(-0.0642814661264616,0.,-0.997931807846925));
#12557=DIRECTION('',(0.0808667412901029,0.,-0.996724922008635));
#12558=DIRECTION('',(0.289186123793292,0.,-0.957272889935472));
#12559=DIRECTION('',(0.553463255772289,0.,-0.832873594556784));
#12560=DIRECTION('',(0.795382347559191,0.,-0.606108011159093));
#12561=DIRECTION('',(0.940773891728037,0.,-0.339034636346913));
#12562=DIRECTION('',(0.995363226068193,0.,-0.0961875677575793));
#12563=DIRECTION('',(-0.0445387033865785,0.,-0.999007659580567));
#12564=DIRECTION('',(-0.997000813417299,0.,0.0773910721287999));
#12565=DIRECTION('',(-0.937301604917511,0.,0.348519298488704));
#12566=DIRECTION('',(-0.787859118899991,0.,0.615855509649893));
#12567=DIRECTION('',(-0.558348373329483,0.,0.829606589896874));
#12568=DIRECTION('',(-0.298802250402189,0.,0.954315050260965));
#12569=DIRECTION('',(-0.0849408575003028,0.,0.996385994846933));
#12570=DIRECTION('',(0.0856555569824638,0.,0.996324809265545));
#12571=DIRECTION('',(0.290368134398409,0.,0.956915015310131));
#12572=DIRECTION('',(0.523200062055603,0.,0.852209889091305));
#12573=DIRECTION('',(0.723554460859282,0.,0.690267297625083));
#12574=DIRECTION('',(0.876813305449239,0.,0.480830975902322));
#12575=DIRECTION('',(0.972553566393729,0.,0.232679093377207));
#12576=DIRECTION('',(0.999306225686726,0.,0.037243352477321));
#12577=DIRECTION('',(0.991359508514415,0.,-0.131172881641202));
#12578=DIRECTION('',(0.947524997191966,0.,-0.319681684956089));
#12579=DIRECTION('',(0.867172836734661,0.,-0.498007300377777));
#12580=DIRECTION('',(0.760841913458435,0.,-0.64893727179513));
#12581=DIRECTION('',(0.632061021552282,0.,-0.774918618329878));
#12582=DIRECTION('center_axis',(0.,1.,0.));
#12583=DIRECTION('ref_axis',(-1.,0.,0.));
#12584=DIRECTION('',(0.946419543801641,0.,0.322939695779714));
#12585=DIRECTION('',(0.96897191257845,0.,0.247170857169813));
#12586=DIRECTION('',(0.987208234084129,0.,0.159436202151505));
#12587=DIRECTION('',(0.999129202540089,0.,0.0417233343778595));
#12588=DIRECTION('',(0.995219364781879,0.,-0.097664814355798));
#12589=DIRECTION('',(0.972541951010704,0.,-0.232727638075701));
#12590=DIRECTION('',(0.915595151453452,0.,-0.402101378553879));
#12591=DIRECTION('',(0.8030222423207,0.,-0.5959490568314));
#12592=DIRECTION('',(0.661158924690122,0.,-0.750245877231325));
#12593=DIRECTION('',(0.479083052389803,0.,-0.877769576206005));
#12594=DIRECTION('',(0.268201398999013,0.,-0.963362864955346));
#12595=DIRECTION('',(0.0805196557473318,0.,-0.996753021083122));
#12596=DIRECTION('',(-0.0844253802991183,0.,-0.996429804432479));
#12597=DIRECTION('',(-0.259086634006803,0.,-0.965854086329309));
#12598=DIRECTION('',(-0.427722766411505,0.,-0.90390997067921));
#12599=DIRECTION('',(-0.57731514280081,0.,-0.816521417902115));
#12600=DIRECTION('',(-0.707866201221202,0.,-0.706346544671002));
#12601=DIRECTION('',(-0.811418007529678,0.,-0.584466266825184));
#12602=DIRECTION('',(-0.8854041366255,0.,-0.4648220249154));
#12603=DIRECTION('',(-0.942800210642323,0.,-0.333358309950108));
#12604=DIRECTION('',(-0.982399516141765,0.,-0.186791837842093));
#12605=DIRECTION('',(-0.999990731208755,0.,-0.00430551931583781));
#12606=DIRECTION('',(-0.967252107509077,0.,0.253817573306594));
#12607=DIRECTION('',(-0.844192985342489,0.,0.536039367489493));
#12608=DIRECTION('',(-0.639729735568666,0.,0.768599938478559));
#12609=DIRECTION('',(-0.372902978463005,0.,0.927870340432013));
#12610=DIRECTION('',(-0.111389661000103,0.,0.993776807649626));
#12611=DIRECTION('',(0.0692574000693592,0.,0.997598823443388));
#12612=DIRECTION('',(0.216814579205293,0.,0.976212803769768));
#12613=DIRECTION('',(0.368430786975305,0.,0.929655180811013));
#12614=DIRECTION('',(0.499489606879369,0.,0.866319878924346));
#12615=DIRECTION('',(0.613594623209233,0.,0.789621199290343));
#12616=DIRECTION('',(0.716866740549702,0.,0.697210209544902));
#12617=DIRECTION('',(0.801826213523793,0.,0.597557297090494));
#12618=DIRECTION('',(0.866896611851507,0.,0.498487978150304));
#12619=DIRECTION('',(0.916997883188933,0.,0.398892068393214));
#12620=DIRECTION('',(-0.979009109225829,0.,-0.203816496027306));
#12621=DIRECTION('',(-0.922501967743206,0.,-0.385992382709702));
#12622=DIRECTION('',(-0.836955179404617,0.,-0.547271438746611));
#12623=DIRECTION('',(-0.707796627998603,0.,-0.706416260708803));
#12624=DIRECTION('',(-0.474483770042585,0.,-0.880264251214472));
#12625=DIRECTION('',(-0.160712380670595,0.,-0.987001282014968));
#12626=DIRECTION('',(0.121672126771702,0.,-0.992570346910913));
#12627=DIRECTION('',(0.39973687254392,0.,-0.916629932267546));
#12628=DIRECTION('',(0.664815897660518,0.,-0.74700724375192));
#12629=DIRECTION('',(0.862683074649972,0.,-0.505744908736084));
#12630=DIRECTION('',(0.97433240431206,0.,-0.225114117521491));
#12631=DIRECTION('',(0.999892197070049,0.,0.0146831276787607));
#12632=DIRECTION('',(0.982496372345567,0.,0.186281717642394));
#12633=DIRECTION('',(0.946202726936295,0.,0.323574411130298));
#12634=DIRECTION('',(0.898543991452366,0.,0.438883464515183));
#12635=DIRECTION('',(0.840094740299886,0.,0.542439699248191));
#12636=DIRECTION('',(0.753239488824809,0.,0.657746358769808));
#12637=DIRECTION('',(0.62883427603799,0.,0.777539358026188));
#12638=DIRECTION('',(0.482778058214301,0.,0.875742739911002));
#12639=DIRECTION('',(0.314442233588291,0.,0.949276609706574));
#12640=DIRECTION('',(0.109862250390202,0.,0.99394682249062));
#12641=DIRECTION('',(-0.122249410252503,0.,0.992499411432025));
#12642=DIRECTION('',(-0.404998417341782,0.,0.914317385786058));
#12643=DIRECTION('',(-0.677391791610287,0.,0.735622430774786));
#12644=DIRECTION('',(-0.8626366410186,0.,0.5058241053688));
#12645=DIRECTION('',(-0.9694558565639,0.,0.2452658601884));
#12646=DIRECTION('',(-0.99999337031576,0.,-0.00364133554158386));
#12647=DIRECTION('center_axis',(0.,1.,0.));
#12648=DIRECTION('ref_axis',(-1.,0.,0.));
#12649=DIRECTION('',(0.952451871401885,0.,0.304689075391695));
#12650=DIRECTION('',(0.,0.,-1.));
#12651=DIRECTION('',(-0.952358989539278,0.,-0.304979269858993));
#12652=DIRECTION('',(0.960263915503804,0.,-0.279093555248601));
#12653=DIRECTION('',(0.,0.,-1.));
#12654=DIRECTION('',(-0.952447512635985,0.,-0.304702700469695));
#12655=DIRECTION('',(0.,0.,1.));
#12656=DIRECTION('',(0.952306731648269,0.,0.30514240750409));
#12657=DIRECTION('',(-0.959567380003859,0.,0.281479028050988));
#12658=DIRECTION('',(0.,0.,1.));
#12659=DIRECTION('center_axis',(1.,0.,0.));
#12660=DIRECTION('ref_axis',(0.,0.,-1.));
#12661=DIRECTION('',(0.,-1.,5.921189464667E-14));
#12662=DIRECTION('',(0.,-1.,-2.960594732334E-14));
#12663=DIRECTION('center_axis',(-0.708214832859939,0.,-0.705996990444839));
#12664=DIRECTION('ref_axis',(-0.705996990444839,0.,0.708214832859938));
#12665=DIRECTION('',(0.,-1.,0.));
#12666=DIRECTION('center_axis',(-0.707106781186898,0.,0.707106781186198));
#12667=DIRECTION('ref_axis',(0.707106781186198,0.,0.707106781186898));
#12668=DIRECTION('center_axis',(-0.305329247850111,0.,0.952246843212035));
#12669=DIRECTION('ref_axis',(0.952246843212035,0.,0.305329247850111));
#12670=DIRECTION('',(0.,-1.,0.));
#12671=DIRECTION('',(0.,-1.,0.));
#12672=DIRECTION('center_axis',(-1.,0.,0.));
#12673=DIRECTION('ref_axis',(0.,0.,1.));
#12674=DIRECTION('',(0.,-1.,0.));
#12675=DIRECTION('center_axis',(-0.999982680165077,0.,-0.00588552205575887));
#12676=DIRECTION('ref_axis',(-0.00588552205575886,0.,0.999982680165077));
#12677=DIRECTION('',(0.,-1.,8.881784197001E-14));
#12678=DIRECTION('center_axis',(-0.999708661160224,0.,-0.0241369592374806));
#12679=DIRECTION('ref_axis',(-0.0241369592374806,0.,0.999708661160224));
#12680=DIRECTION('',(0.,-1.,8.881784197001E-14));
#12681=DIRECTION('center_axis',(-0.99789080130499,0.,-0.0649149341129293));
#12682=DIRECTION('ref_axis',(-0.0649149341129293,0.,0.99789080130499));
#12683=DIRECTION('',(0.,-1.,0.));
#12684=DIRECTION('center_axis',(-0.990514871785648,0.,-0.137405563102307));
#12685=DIRECTION('ref_axis',(-0.137405563102307,0.,0.990514871785648));
#12686=DIRECTION('',(0.,-1.,0.));
#12687=DIRECTION('center_axis',(-0.973951136531773,0.,-0.226757984751294));
#12688=DIRECTION('ref_axis',(-0.226757984751294,0.,0.973951136531773));
#12689=DIRECTION('',(0.,-1.,8.881784197001E-14));
#12690=DIRECTION('center_axis',(-0.945157044550623,0.,-0.326616229138008));
#12691=DIRECTION('ref_axis',(-0.326616229138008,0.,0.945157044550623));
#12692=DIRECTION('',(0.,-1.,0.));
#12693=DIRECTION('center_axis',(-0.900034814629527,0.,-0.435818003821313));
#12694=DIRECTION('ref_axis',(-0.435818003821313,0.,0.900034814629527));
#12695=DIRECTION('',(0.,-1.,-2.960594732334E-14));
#12696=DIRECTION('center_axis',(-0.839544345619784,0.,-0.54329116662969));
#12697=DIRECTION('ref_axis',(-0.54329116662969,0.,0.839544345619784));
#12698=DIRECTION('',(0.,-1.,8.881784197001E-14));
#12699=DIRECTION('center_axis',(-0.763507273413783,0.,-0.645799228432685));
#12700=DIRECTION('ref_axis',(-0.645799228432685,0.,0.763507273413783));
#12701=DIRECTION('',(2.960594732334E-14,-1.,0.));
#12702=DIRECTION('center_axis',(-0.679655433655314,0.,-0.733531520456215));
#12703=DIRECTION('ref_axis',(-0.733531520456215,0.,0.679655433655314));
#12704=DIRECTION('',(5.921189464667E-14,-1.,0.));
#12705=DIRECTION('center_axis',(-0.584129620197817,0.,-0.811660388837323));
#12706=DIRECTION('ref_axis',(-0.811660388837323,0.,0.584129620197817));
#12707=DIRECTION('',(1.184237892933E-13,-1.,-8.881784197001E-14));
#12708=DIRECTION('center_axis',(-0.485465297696589,0.,-0.87425593777358));
#12709=DIRECTION('ref_axis',(-0.87425593777358,0.,0.485465297696589));
#12710=DIRECTION('',(-8.881784197001E-14,-1.,8.881784197001E-14));
#12711=DIRECTION('center_axis',(-0.383303959677397,0.,-0.923622257470893));
#12712=DIRECTION('ref_axis',(-0.923622257470893,0.,0.383303959677397));
#12713=DIRECTION('',(0.,-1.,0.));
#12714=DIRECTION('center_axis',(-0.278506894331392,0.,-0.960434229819972));
#12715=DIRECTION('ref_axis',(-0.960434229819972,0.,0.278506894331392));
#12716=DIRECTION('',(-2.960594732334E-14,-1.,8.881784197001E-14));
#12717=DIRECTION('center_axis',(-0.181178688730702,0.,-0.983450193324412));
#12718=DIRECTION('ref_axis',(-0.983450193324412,0.,0.181178688730702));
#12719=DIRECTION('',(0.,-1.,0.));
#12720=DIRECTION('center_axis',(-0.090111553899084,0.,-0.995931678306244));
#12721=DIRECTION('ref_axis',(-0.995931678306244,0.,0.090111553899084));
#12722=DIRECTION('',(0.,-1.,0.));
#12723=DIRECTION('center_axis',(-0.00388657337967185,0.,-0.99999244724516));
#12724=DIRECTION('ref_axis',(-0.99999244724516,0.,0.00388657337967184));
#12725=DIRECTION('',(0.,-1.,0.));
#12726=DIRECTION('center_axis',(0.0747364081307,0.,-0.9972033239514));
#12727=DIRECTION('ref_axis',(-0.9972033239514,0.,-0.0747364081307));
#12728=DIRECTION('',(0.,-1.,0.));
#12729=DIRECTION('center_axis',(0.174911928313905,0.,-0.984584083424829));
#12730=DIRECTION('ref_axis',(-0.984584083424829,0.,-0.174911928313905));
#12731=DIRECTION('',(0.,-1.,0.));
#12732=DIRECTION('center_axis',(0.310548228102611,0.,-0.950557624777335));
#12733=DIRECTION('ref_axis',(-0.950557624777335,0.,-0.310548228102611));
#12734=DIRECTION('',(8.881784197001E-14,-1.,0.));
#12735=DIRECTION('center_axis',(0.449017347772395,0.,-0.89352303909829));
#12736=DIRECTION('ref_axis',(-0.89352303909829,0.,-0.449017347772395));
#12737=DIRECTION('',(0.,-1.,8.881784197001E-14));
#12738=DIRECTION('center_axis',(0.565786048943436,0.,-0.824552088603853));
#12739=DIRECTION('ref_axis',(-0.824552088603853,0.,-0.565786048943436));
#12740=DIRECTION('',(0.,-1.,0.));
#12741=DIRECTION('center_axis',(0.66586519036118,0.,-0.746072079805477));
#12742=DIRECTION('ref_axis',(-0.746072079805477,0.,-0.66586519036118));
#12743=DIRECTION('',(0.,-1.,0.));
#12744=DIRECTION('center_axis',(0.764103766839435,0.,-0.64509335254813));
#12745=DIRECTION('ref_axis',(-0.64509335254813,0.,-0.764103766839435));
#12746=DIRECTION('',(0.,-1.,0.));
#12747=DIRECTION('center_axis',(0.850111071131607,0.,-0.526603424542104));
#12748=DIRECTION('ref_axis',(-0.526603424542104,0.,-0.850111071131607));
#12749=DIRECTION('',(8.881784197001E-14,-1.,8.881784197001E-14));
#12750=DIRECTION('center_axis',(0.916735081986307,0.,-0.399495668882103));
#12751=DIRECTION('ref_axis',(-0.399495668882103,0.,-0.916735081986307));
#12752=DIRECTION('',(0.,-1.,8.881784197001E-14));
#12753=DIRECTION('center_axis',(0.958956921289092,0.,-0.283551799697598));
#12754=DIRECTION('ref_axis',(-0.283551799697598,0.,-0.958956921289092));
#12755=DIRECTION('',(0.,-1.,8.881784197001E-14));
#12756=DIRECTION('center_axis',(0.98715287762714,0.,-0.159778584899406));
#12757=DIRECTION('ref_axis',(-0.159778584899406,0.,-0.98715287762714));
#12758=DIRECTION('',(0.,-1.,0.));
#12759=DIRECTION('center_axis',(0.997226379293253,0.,-0.0744281428067965));
#12760=DIRECTION('ref_axis',(-0.0744281428067965,0.,-0.997226379293253));
#12761=DIRECTION('',(0.,-1.,0.));
#12762=DIRECTION('center_axis',(0.999797516613709,0.,-0.0201227675298502));
#12763=DIRECTION('ref_axis',(-0.0201227675298502,0.,-0.999797516613709));
#12764=DIRECTION('',(0.,-1.,0.));
#12765=DIRECTION('center_axis',(1.,0.,0.));
#12766=DIRECTION('ref_axis',(0.,0.,-1.));
#12767=DIRECTION('center_axis',(0.304753897322906,0.,-0.952431132453418));
#12768=DIRECTION('ref_axis',(-0.952431132453418,0.,-0.304753897322906));
#12769=DIRECTION('',(0.,-1.,0.));
#12770=DIRECTION('',(0.,-1.,0.));
#12771=DIRECTION('center_axis',(-1.,0.,0.));
#12772=DIRECTION('ref_axis',(0.,0.,1.));
#12773=DIRECTION('',(0.,-1.,0.));
#12774=DIRECTION('center_axis',(-0.999746115800409,0.,0.0225322866570602));
#12775=DIRECTION('ref_axis',(0.0225322866570602,0.,0.999746115800409));
#12776=DIRECTION('',(0.,-1.,2.960594732334E-14));
#12777=DIRECTION('center_axis',(-0.996458155100527,0.,0.0840901012822223));
#12778=DIRECTION('ref_axis',(0.0840901012822223,0.,0.996458155100527));
#12779=DIRECTION('',(0.,-1.,2.960594732334E-14));
#12780=DIRECTION('center_axis',(-0.983156966443982,0.,0.182763178273597));
#12781=DIRECTION('ref_axis',(0.182763178273597,0.,0.983156966443982));
#12782=DIRECTION('',(0.,-1.,8.881784197001E-14));
#12783=DIRECTION('center_axis',(-0.942460111396159,0.,0.334318618128185));
#12784=DIRECTION('ref_axis',(0.334318618128185,0.,0.942460111396159));
#12785=DIRECTION('',(0.,-1.,-8.881784197001E-14));
#12786=DIRECTION('center_axis',(-0.884557476607514,0.,0.466431206693707));
#12787=DIRECTION('ref_axis',(0.466431206693707,0.,0.884557476607514));
#12788=DIRECTION('',(0.,-1.,0.));
#12789=DIRECTION('center_axis',(-0.811189734417225,0.,0.584783049323518));
#12790=DIRECTION('ref_axis',(0.584783049323518,0.,0.811189734417225));
#12791=DIRECTION('',(0.,-1.,8.881784197001E-14));
#12792=DIRECTION('center_axis',(-0.72393119029724,0.,0.689872185056638));
#12793=DIRECTION('ref_axis',(0.689872185056638,0.,0.72393119029724));
#12794=DIRECTION('',(-5.921189464667E-14,-1.,0.));
#12795=DIRECTION('center_axis',(-0.627225513414779,0.,0.778837695108273));
#12796=DIRECTION('ref_axis',(0.778837695108273,0.,0.627225513414779));
#12797=DIRECTION('',(-5.921189464667E-14,-1.,0.));
#12798=DIRECTION('center_axis',(-0.534682464748885,0.,0.845053052707377));
#12799=DIRECTION('ref_axis',(0.845053052707377,0.,0.534682464748885));
#12800=DIRECTION('',(0.,-1.,0.));
#12801=DIRECTION('center_axis',(-0.422581049866392,0.,0.906325138288582));
#12802=DIRECTION('ref_axis',(0.906325138288582,0.,0.422581049866392));
#12803=DIRECTION('',(-5.921189464667E-14,-1.,0.));
#12804=DIRECTION('center_axis',(-0.290439546116009,0.,0.95689334309103));
#12805=DIRECTION('ref_axis',(0.956893343091029,0.,0.290439546116009));
#12806=DIRECTION('',(0.,-1.,0.));
#12807=DIRECTION('center_axis',(-0.167399165435097,0.,0.985889202401382));
#12808=DIRECTION('ref_axis',(0.985889202401382,0.,0.167399165435097));
#12809=DIRECTION('',(0.,-1.,0.));
#12810=DIRECTION('center_axis',(-0.0527957435339295,0.,0.99860533218319));
#12811=DIRECTION('ref_axis',(0.99860533218319,0.,0.0527957435339295));
#12812=DIRECTION('',(-1.184237892933E-13,-1.,0.));
#12813=DIRECTION('center_axis',(0.103260473683897,0.,0.994654349296567));
#12814=DIRECTION('ref_axis',(0.994654349296567,0.,-0.103260473683897));
#12815=DIRECTION('',(0.,-1.,0.));
#12816=DIRECTION('center_axis',(0.33106345791739,0.,0.943608492348273));
#12817=DIRECTION('ref_axis',(0.943608492348273,0.,-0.33106345791739));
#12818=DIRECTION('',(0.,-1.,0.));
#12819=DIRECTION('center_axis',(0.55711520586931,0.,0.830435215648515));
#12820=DIRECTION('ref_axis',(0.830435215648515,0.,-0.55711520586931));
#12821=DIRECTION('',(0.,-1.,0.));
#12822=DIRECTION('center_axis',(0.733660692577781,0.,0.679515995519083));
#12823=DIRECTION('ref_axis',(0.679515995519083,0.,-0.733660692577781));
#12824=DIRECTION('',(0.,-1.,0.));
#12825=DIRECTION('center_axis',(0.885426478824183,0.,0.464779464474291));
#12826=DIRECTION('ref_axis',(0.464779464474291,0.,-0.885426478824183));
#12827=DIRECTION('',(0.,-1.,0.));
#12828=DIRECTION('center_axis',(0.973396313305759,0.,0.22912794950149));
#12829=DIRECTION('ref_axis',(0.22912794950149,0.,-0.973396313305759));
#12830=DIRECTION('',(0.,-1.,0.));
#12831=DIRECTION('center_axis',(0.995110325373673,0.,0.0987696326544873));
#12832=DIRECTION('ref_axis',(0.0987696326544873,0.,-0.995110325373673));
#12833=DIRECTION('',(0.,-1.,0.));
#12834=DIRECTION('center_axis',(0.99967536556393,0.,0.0254786868700708));
#12835=DIRECTION('ref_axis',(0.0254786868700708,0.,-0.99967536556393));
#12836=DIRECTION('',(0.,-1.,0.));
#12837=DIRECTION('center_axis',(1.,0.,0.));
#12838=DIRECTION('ref_axis',(0.,0.,-1.));
#12839=DIRECTION('center_axis',(-0.304920674709988,0.,0.952377751805661));
#12840=DIRECTION('ref_axis',(0.952377751805661,0.,0.304920674709988));
#12841=DIRECTION('',(0.,-1.,0.));
#12842=DIRECTION('',(0.,-1.,0.));
#12843=DIRECTION('center_axis',(-1.,0.,0.));
#12844=DIRECTION('ref_axis',(0.,0.,1.));
#12845=DIRECTION('',(0.,-1.,2.960594732334E-14));
#12846=DIRECTION('center_axis',(0.303825556162303,0.,-0.95272767957201));
#12847=DIRECTION('ref_axis',(-0.95272767957201,0.,-0.303825556162303));
#12848=DIRECTION('',(5.921189464667E-14,-1.,0.));
#12849=DIRECTION('center_axis',(1.,0.,0.));
#12850=DIRECTION('ref_axis',(0.,0.,-1.));
#12851=DIRECTION('',(0.,-1.,0.));
#12852=DIRECTION('center_axis',(0.306084818687485,0.,-0.952004245667554));
#12853=DIRECTION('ref_axis',(-0.952004245667554,0.,-0.306084818687485));
#12854=DIRECTION('',(0.,-1.,0.));
#12855=DIRECTION('center_axis',(-1.,0.,0.));
#12856=DIRECTION('ref_axis',(0.,0.,1.));
#12857=DIRECTION('',(0.,-1.,0.));
#12858=DIRECTION('center_axis',(0.303825553851297,0.,-0.952727680308992));
#12859=DIRECTION('ref_axis',(-0.952727680308992,0.,-0.303825553851297));
#12860=DIRECTION('',(0.,-1.,0.));
#12861=DIRECTION('center_axis',(1.,0.,0.));
#12862=DIRECTION('ref_axis',(0.,0.,-1.));
#12863=DIRECTION('',(0.,-1.,0.));
#12864=DIRECTION('center_axis',(0.323566398868612,0.,-0.946205466863936));
#12865=DIRECTION('ref_axis',(-0.946205466863936,0.,-0.323566398868612));
#12866=DIRECTION('',(0.,-1.,0.));
#12867=DIRECTION('center_axis',(-1.,0.,0.));
#12868=DIRECTION('ref_axis',(0.,0.,1.));
#12869=DIRECTION('',(0.,-1.,0.));
#12870=DIRECTION('center_axis',(0.307327108681194,0.,-0.951603934559782));
#12871=DIRECTION('ref_axis',(-0.951603934559782,0.,-0.307327108681194));
#12872=DIRECTION('',(0.,-1.,0.));
#12873=DIRECTION('center_axis',(1.,0.,0.));
#12874=DIRECTION('ref_axis',(0.,0.,-1.));
#12875=DIRECTION('center_axis',(-0.423162014807913,0.,0.906054032176728));
#12876=DIRECTION('ref_axis',(0.906054032176728,0.,0.423162014807913));
#12877=DIRECTION('',(2.960594732334E-14,-1.,5.921189464667E-14));
#12878=DIRECTION('',(2.960594732334E-14,-1.,5.921189464667E-14));
#12879=DIRECTION('center_axis',(-0.542361923653285,0.,0.840144954023476));
#12880=DIRECTION('ref_axis',(0.840144954023476,0.,0.542361923653285));
#12881=DIRECTION('',(8.881784197001E-14,-1.,5.921189464667E-14));
#12882=DIRECTION('center_axis',(-0.670734117862306,0.,0.741697878610607));
#12883=DIRECTION('ref_axis',(0.741697878610607,0.,0.670734117862306));
#12884=DIRECTION('',(-8.881784197001E-14,-1.,-2.960594732334E-14));
#12885=DIRECTION('center_axis',(-0.789628885034805,0.,0.613584732468704));
#12886=DIRECTION('ref_axis',(0.613584732468704,0.,0.789628885034805));
#12887=DIRECTION('',(0.,-1.,0.));
#12888=DIRECTION('center_axis',(-0.88953169893877,0.,0.456873457954285));
#12889=DIRECTION('ref_axis',(0.456873457954285,0.,0.88953169893877));
#12890=DIRECTION('',(0.,-1.,-2.960594732334E-14));
#12891=DIRECTION('center_axis',(-0.961736827302175,0.,0.273974953254393));
#12892=DIRECTION('ref_axis',(0.273974953254393,0.,0.961736827302175));
#12893=DIRECTION('',(0.,-1.,0.));
#12894=DIRECTION('center_axis',(-0.996122597175823,0.,0.087975970558402));
#12895=DIRECTION('ref_axis',(0.087975970558402,0.,0.996122597175823));
#12896=DIRECTION('',(0.,-1.,-2.960594732334E-14));
#12897=DIRECTION('center_axis',(-0.996524095813058,0.,-0.0833050206408165));
#12898=DIRECTION('ref_axis',(-0.0833050206408165,0.,0.996524095813058));
#12899=DIRECTION('',(0.,-1.,0.));
#12900=DIRECTION('center_axis',(-0.958020785399298,0.,-0.286698752600899));
#12901=DIRECTION('ref_axis',(-0.286698752600899,0.,0.958020785399298));
#12902=DIRECTION('',(0.,-1.,0.));
#12903=DIRECTION('center_axis',(-0.850646243703131,0.,-0.525738497804519));
#12904=DIRECTION('ref_axis',(-0.525738497804519,0.,0.850646243703131));
#12905=DIRECTION('',(0.,-1.,5.921189464667E-14));
#12906=DIRECTION('center_axis',(-0.664781961761702,0.,-0.747037444387002));
#12907=DIRECTION('ref_axis',(-0.747037444387002,0.,0.664781961761702));
#12908=DIRECTION('',(8.881784197001E-14,-1.,0.));
#12909=DIRECTION('center_axis',(-0.433170408890407,0.,-0.901312041893215));
#12910=DIRECTION('ref_axis',(-0.901312041893215,0.,0.433170408890407));
#12911=DIRECTION('',(0.,-1.,0.));
#12912=DIRECTION('center_axis',(-0.2082028552636,0.,-0.978085666524198));
#12913=DIRECTION('ref_axis',(-0.978085666524198,0.,0.2082028552636));
#12914=DIRECTION('',(0.,-1.,-2.960594732334E-14));
#12915=DIRECTION('center_axis',(0.993704861013858,0.,-0.112029679984495));
#12916=DIRECTION('ref_axis',(-0.112029679984495,0.,-0.993704861013858));
#12917=DIRECTION('',(0.,-1.,0.));
#12918=DIRECTION('center_axis',(0.271297614504693,0.,0.962495508750074));
#12919=DIRECTION('ref_axis',(0.962495508750074,0.,-0.271297614504693));
#12920=DIRECTION('',(0.,-1.,0.));
#12921=DIRECTION('center_axis',(0.465832043266082,0.,0.884873158970565));
#12922=DIRECTION('ref_axis',(0.884873158970565,0.,-0.465832043266082));
#12923=DIRECTION('',(2.960594732334E-14,-1.,0.));
#12924=DIRECTION('center_axis',(0.673294338846623,0.,0.739374555470425));
#12925=DIRECTION('ref_axis',(0.739374555470425,0.,-0.673294338846623));
#12926=DIRECTION('',(0.,-1.,0.));
#12927=DIRECTION('center_axis',(0.848227864918976,0.,0.529631465431385));
#12928=DIRECTION('ref_axis',(0.529631465431385,0.,-0.848227864918976));
#12929=DIRECTION('center_axis',(-0.30359183024891,0.,0.952802183355033));
#12930=DIRECTION('ref_axis',(0.952802183355033,0.,0.30359183024891));
#12931=DIRECTION('',(0.,-1.,0.));
#12932=DIRECTION('center_axis',(-0.175785036659901,0.,0.984428575817706));
#12933=DIRECTION('ref_axis',(0.984428575817706,0.,0.175785036659901));
#12934=DIRECTION('',(0.,-1.,0.));
#12935=DIRECTION('center_axis',(0.00125870017533403,0.,0.999999207836621));
#12936=DIRECTION('ref_axis',(0.999999207836621,0.,-0.00125870017533403));
#12937=DIRECTION('',(0.,-1.,0.));
#12938=DIRECTION('center_axis',(0.283287163587404,0.,0.959035131236913));
#12939=DIRECTION('ref_axis',(0.959035131236913,0.,-0.283287163587404));
#12940=DIRECTION('',(0.,-1.,0.));
#12941=DIRECTION('center_axis',(0.595777930330596,0.,0.803149212619294));
#12942=DIRECTION('ref_axis',(0.803149212619294,0.,-0.595777930330596));
#12943=DIRECTION('',(0.,-1.,5.921189464667E-14));
#12944=DIRECTION('center_axis',(0.834492136764296,0.,0.551019848715597));
#12945=DIRECTION('ref_axis',(0.551019848715597,0.,-0.834492136764296));
#12946=DIRECTION('',(0.,-1.,0.));
#12947=DIRECTION('center_axis',(0.956606131203514,0.,0.291384127474104));
#12948=DIRECTION('ref_axis',(0.291384127474104,0.,-0.956606131203514));
#12949=DIRECTION('',(0.,-1.,0.));
#12950=DIRECTION('center_axis',(0.996618915839981,0.,0.0821628662471085));
#12951=DIRECTION('ref_axis',(0.0821628662471085,0.,-0.996618915839981));
#12952=DIRECTION('',(0.,-1.,0.));
#12953=DIRECTION('center_axis',(0.998770381597948,0.,-0.0495754459656224));
#12954=DIRECTION('ref_axis',(-0.0495754459656224,0.,-0.998770381597948));
#12955=DIRECTION('',(0.,-1.,0.));
#12956=DIRECTION('center_axis',(0.989107229669594,0.,-0.147196767000299));
#12957=DIRECTION('ref_axis',(-0.147196767000299,0.,-0.989107229669594));
#12958=DIRECTION('',(0.,-1.,0.));
#12959=DIRECTION('center_axis',(0.970662831095799,0.,-0.2404447303001));
#12960=DIRECTION('ref_axis',(-0.2404447303001,0.,-0.970662831095799));
#12961=DIRECTION('',(8.881784197001E-14,-1.,8.881784197001E-14));
#12962=DIRECTION('center_axis',(0.94758894826485,0.,-0.319492073651783));
#12963=DIRECTION('ref_axis',(-0.319492073651783,0.,-0.94758894826485));
#12964=DIRECTION('',(0.,-1.,-2.960594732334E-14));
#12965=DIRECTION('center_axis',(0.920334121327894,0.,-0.391133104095797));
#12966=DIRECTION('ref_axis',(-0.391133104095797,0.,-0.920334121327894));
#12967=DIRECTION('',(0.,-1.,8.881784197001E-14));
#12968=DIRECTION('center_axis',(0.881938272679508,0.,-0.471364915095604));
#12969=DIRECTION('ref_axis',(-0.471364915095604,0.,-0.881938272679508));
#12970=DIRECTION('',(0.,-1.,2.960594732334E-14));
#12971=DIRECTION('center_axis',(0.305929901637501,0.,-0.952054040107004));
#12972=DIRECTION('ref_axis',(-0.952054040107004,0.,-0.305929901637501));
#12973=DIRECTION('',(2.960594732334E-14,-1.,2.960594732334E-14));
#12974=DIRECTION('center_axis',(-1.,0.,0.));
#12975=DIRECTION('ref_axis',(0.,0.,1.));
#12976=DIRECTION('',(0.,-1.,0.));
#12977=DIRECTION('center_axis',(-0.30488547132811,0.,0.952389022077132));
#12978=DIRECTION('ref_axis',(0.952389022077132,0.,0.30488547132811));
#12979=DIRECTION('',(0.,-1.,0.));
#12980=DIRECTION('center_axis',(1.,0.,0.));
#12981=DIRECTION('ref_axis',(0.,0.,-1.));
#12982=DIRECTION('',(0.,-1.,0.));
#12983=DIRECTION('center_axis',(-0.30320922427331,0.,0.95292400867833));
#12984=DIRECTION('ref_axis',(0.95292400867833,0.,0.303209224273309));
#12985=DIRECTION('',(0.,-1.,0.));
#12986=DIRECTION('center_axis',(-0.914507100866314,0.,0.404569848685106));
#12987=DIRECTION('ref_axis',(0.404569848685106,0.,0.914507100866314));
#12988=DIRECTION('',(0.,-1.,0.));
#12989=DIRECTION('center_axis',(-0.941580541405898,0.,0.336787891774299));
#12990=DIRECTION('ref_axis',(0.336787891774299,0.,0.941580541405898));
#12991=DIRECTION('',(0.,-1.,8.881784197001E-14));
#12992=DIRECTION('center_axis',(-0.960799253969801,0.,0.2772450063952));
#12993=DIRECTION('ref_axis',(0.2772450063952,0.,0.960799253969801));
#12994=DIRECTION('',(0.,-1.,0.));
#12995=DIRECTION('center_axis',(-0.976324834959847,0.,0.216309538949688));
#12996=DIRECTION('ref_axis',(0.216309538949688,0.,0.976324834959847));
#12997=DIRECTION('',(0.,-1.,-2.960594732334E-14));
#12998=DIRECTION('center_axis',(-0.990758254180589,0.,0.135639528799799));
#12999=DIRECTION('ref_axis',(0.135639528799798,0.,0.990758254180589));
#13000=DIRECTION('',(0.,-1.,-2.960594732334E-14));
#13001=DIRECTION('center_axis',(-0.998898269785094,0.,0.0469281005405697));
#13002=DIRECTION('ref_axis',(0.0469281005405697,0.,0.998898269785094));
#13003=DIRECTION('',(0.,-1.,0.));
#13004=DIRECTION('center_axis',(-0.995079549879035,0.,-0.0990792077710435));
#13005=DIRECTION('ref_axis',(-0.0990792077710435,0.,0.995079549879035));
#13006=DIRECTION('',(0.,-1.,0.));
#13007=DIRECTION('center_axis',(-0.936652752951991,0.,-0.350259361598597));
#13008=DIRECTION('ref_axis',(-0.350259361598597,0.,0.936652752951991));
#13009=DIRECTION('',(0.,-1.,0.));
#13010=DIRECTION('center_axis',(-0.769074469908042,0.,-0.639159181844135));
#13011=DIRECTION('ref_axis',(-0.639159181844135,0.,0.769074469908042));
#13012=DIRECTION('',(8.881784197001E-14,-1.,0.));
#13013=DIRECTION('center_axis',(-0.486871534107811,0.,-0.87347358819572));
#13014=DIRECTION('ref_axis',(-0.87347358819572,0.,0.486871534107811));
#13015=DIRECTION('',(0.,-1.,0.));
#13016=DIRECTION('center_axis',(-0.19184148941841,0.,-0.981425923306352));
#13017=DIRECTION('ref_axis',(-0.981425923306352,0.,0.19184148941841));
#13018=DIRECTION('',(0.,-1.,0.));
#13019=DIRECTION('center_axis',(0.02855197039369,0.,-0.999592309387501));
#13020=DIRECTION('ref_axis',(-0.999592309387501,0.,-0.02855197039369));
#13021=DIRECTION('',(0.,-1.,0.));
#13022=DIRECTION('center_axis',(0.171343800019902,0.,-0.985211298247609));
#13023=DIRECTION('ref_axis',(-0.985211298247609,0.,-0.171343800019902));
#13024=DIRECTION('',(0.,-1.,0.));
#13025=DIRECTION('center_axis',(0.295950669245904,0.,-0.955203225168813));
#13026=DIRECTION('ref_axis',(-0.955203225168813,0.,-0.295950669245904));
#13027=DIRECTION('',(-1.184237892933E-13,-1.,-2.960594732334E-14));
#13028=DIRECTION('center_axis',(0.419984756729508,0.,-0.907531158757018));
#13029=DIRECTION('ref_axis',(-0.907531158757018,0.,-0.419984756729508));
#13030=DIRECTION('',(0.,-1.,0.));
#13031=DIRECTION('center_axis',(0.543287283391024,0.,-0.839546858552637));
#13032=DIRECTION('ref_axis',(-0.839546858552637,0.,-0.543287283391024));
#13033=DIRECTION('',(0.,-1.,0.));
#13034=DIRECTION('center_axis',(0.678280102470997,0.,-0.734803444869397));
#13035=DIRECTION('ref_axis',(-0.734803444869397,0.,-0.678280102470997));
#13036=DIRECTION('',(-8.881784197001E-14,-1.,-8.881784197001E-14));
#13037=DIRECTION('center_axis',(0.807139595219428,0.,-0.59036063031762));
#13038=DIRECTION('ref_axis',(-0.59036063031762,0.,-0.807139595219428));
#13039=DIRECTION('',(-2.960594732334E-14,-1.,-2.960594732334E-14));
#13040=DIRECTION('center_axis',(0.903595657615595,0.,-0.428386376461998));
#13041=DIRECTION('ref_axis',(-0.428386376461998,0.,-0.903595657615595));
#13042=DIRECTION('',(0.,-1.,2.960594732334E-14));
#13043=DIRECTION('center_axis',(0.964458005088712,0.,-0.264236175457303));
#13044=DIRECTION('ref_axis',(-0.264236175457303,0.,-0.964458005088712));
#13045=DIRECTION('',(0.,-1.,0.));
#13046=DIRECTION('center_axis',(0.996161368490058,0.,-0.0875358665234763));
#13047=DIRECTION('ref_axis',(-0.0875358665234763,0.,-0.996161368490058));
#13048=DIRECTION('',(0.,-1.,0.));
#13049=DIRECTION('center_axis',(0.996028018170519,0.,0.0890403673583417));
#13050=DIRECTION('ref_axis',(0.0890403673583417,0.,-0.996028018170519));
#13051=DIRECTION('center_axis',(0.853329068409106,0.,0.521372708346004));
#13052=DIRECTION('ref_axis',(0.521372708346004,0.,-0.853329068409106));
#13053=DIRECTION('',(0.,-1.,0.));
#13054=DIRECTION('',(0.,-1.,-5.921189464667E-14));
#13055=DIRECTION('center_axis',(0.774918618329878,0.,0.632061021552282));
#13056=DIRECTION('ref_axis',(0.632061021552282,0.,-0.774918618329878));
#13057=DIRECTION('',(8.881784197001E-14,-1.,0.));
#13058=DIRECTION('center_axis',(0.64893727179513,0.,0.760841913458435));
#13059=DIRECTION('ref_axis',(0.760841913458435,0.,-0.64893727179513));
#13060=DIRECTION('',(0.,-1.,2.960594732334E-14));
#13061=DIRECTION('center_axis',(0.498007300377777,0.,0.867172836734661));
#13062=DIRECTION('ref_axis',(0.867172836734661,0.,-0.498007300377777));
#13063=DIRECTION('',(0.,-1.,0.));
#13064=DIRECTION('center_axis',(0.319681684956089,0.,0.947524997191967));
#13065=DIRECTION('ref_axis',(0.947524997191967,0.,-0.319681684956089));
#13066=DIRECTION('',(5.921189464667E-14,-1.,0.));
#13067=DIRECTION('center_axis',(0.131172881641202,0.,0.991359508514415));
#13068=DIRECTION('ref_axis',(0.991359508514415,0.,-0.131172881641202));
#13069=DIRECTION('',(-1.184237892933E-13,-1.,0.));
#13070=DIRECTION('center_axis',(-0.037243352477321,0.,0.999306225686726));
#13071=DIRECTION('ref_axis',(0.999306225686726,0.,0.037243352477321));
#13072=DIRECTION('',(-8.881784197001E-14,-1.,0.));
#13073=DIRECTION('center_axis',(-0.232679093377207,0.,0.972553566393729));
#13074=DIRECTION('ref_axis',(0.972553566393729,0.,0.232679093377207));
#13075=DIRECTION('',(-5.921189464667E-14,-1.,-5.921189464667E-14));
#13076=DIRECTION('center_axis',(-0.480830975902322,0.,0.876813305449239));
#13077=DIRECTION('ref_axis',(0.876813305449239,0.,0.480830975902322));
#13078=DIRECTION('',(0.,-1.,0.));
#13079=DIRECTION('center_axis',(-0.690267297625083,0.,0.723554460859282));
#13080=DIRECTION('ref_axis',(0.723554460859282,0.,0.690267297625083));
#13081=DIRECTION('',(0.,-1.,0.));
#13082=DIRECTION('center_axis',(-0.852209889091304,0.,0.523200062055603));
#13083=DIRECTION('ref_axis',(0.523200062055603,0.,0.852209889091304));
#13084=DIRECTION('',(0.,-1.,0.));
#13085=DIRECTION('center_axis',(-0.956915015310131,0.,0.290368134398409));
#13086=DIRECTION('ref_axis',(0.290368134398409,0.,0.95691501531013));
#13087=DIRECTION('',(0.,-1.,0.));
#13088=DIRECTION('center_axis',(-0.996324809265545,0.,0.0856555569824638));
#13089=DIRECTION('ref_axis',(0.0856555569824638,0.,0.996324809265545));
#13090=DIRECTION('',(0.,-1.,0.));
#13091=DIRECTION('center_axis',(-0.996385994846935,0.,-0.084940857500283));
#13092=DIRECTION('ref_axis',(-0.084940857500283,0.,0.996385994846935));
#13093=DIRECTION('',(0.,-1.,0.));
#13094=DIRECTION('center_axis',(-0.954315050260965,0.,-0.298802250402189));
#13095=DIRECTION('ref_axis',(-0.298802250402189,0.,0.954315050260965));
#13096=DIRECTION('',(8.881784197001E-14,-1.,0.));
#13097=DIRECTION('center_axis',(-0.829606589896874,0.,-0.558348373329483));
#13098=DIRECTION('ref_axis',(-0.558348373329483,0.,0.829606589896874));
#13099=DIRECTION('',(0.,-1.,0.));
#13100=DIRECTION('center_axis',(-0.615855509649893,0.,-0.787859118899991));
#13101=DIRECTION('ref_axis',(-0.787859118899991,0.,0.615855509649893));
#13102=DIRECTION('',(0.,-1.,0.));
#13103=DIRECTION('center_axis',(-0.348519298488704,0.,-0.937301604917511));
#13104=DIRECTION('ref_axis',(-0.937301604917511,0.,0.348519298488704));
#13105=DIRECTION('',(0.,-1.,0.));
#13106=DIRECTION('center_axis',(-0.0773910721287999,0.,-0.997000813417299));
#13107=DIRECTION('ref_axis',(-0.997000813417299,0.,0.0773910721287999));
#13108=DIRECTION('',(0.,-1.,0.));
#13109=DIRECTION('center_axis',(0.999007659580567,0.,-0.0445387033865785));
#13110=DIRECTION('ref_axis',(-0.0445387033865785,0.,-0.999007659580567));
#13111=DIRECTION('',(0.,-1.,0.));
#13112=DIRECTION('center_axis',(0.0961875677575793,0.,0.995363226068193));
#13113=DIRECTION('ref_axis',(0.995363226068193,0.,-0.0961875677575793));
#13114=DIRECTION('',(0.,-1.,0.));
#13115=DIRECTION('center_axis',(0.339034636346913,0.,0.940773891728037));
#13116=DIRECTION('ref_axis',(0.940773891728037,0.,-0.339034636346913));
#13117=DIRECTION('',(8.881784197001E-14,-1.,-5.921189464667E-14));
#13118=DIRECTION('center_axis',(0.606108011159093,0.,0.795382347559191));
#13119=DIRECTION('ref_axis',(0.795382347559191,0.,-0.606108011159093));
#13120=DIRECTION('',(0.,-1.,0.));
#13121=DIRECTION('center_axis',(0.832873594556784,0.,0.553463255772289));
#13122=DIRECTION('ref_axis',(0.553463255772289,0.,-0.832873594556784));
#13123=DIRECTION('',(0.,-1.,0.));
#13124=DIRECTION('center_axis',(0.957272889935472,0.,0.289186123793292));
#13125=DIRECTION('ref_axis',(0.289186123793292,0.,-0.957272889935472));
#13126=DIRECTION('',(0.,-1.,0.));
#13127=DIRECTION('center_axis',(0.996724922008633,0.,0.0808667412901326));
#13128=DIRECTION('ref_axis',(0.0808667412901327,0.,-0.996724922008633));
#13129=DIRECTION('',(0.,-1.,0.));
#13130=DIRECTION('center_axis',(0.997931807846923,0.,-0.0642814661265015));
#13131=DIRECTION('ref_axis',(-0.0642814661265015,0.,-0.997931807846923));
#13132=DIRECTION('',(0.,-1.,0.));
#13133=DIRECTION('center_axis',(0.972410639457765,0.,-0.233275691552592));
#13134=DIRECTION('ref_axis',(-0.233275691552592,0.,-0.972410639457765));
#13135=DIRECTION('',(0.,-1.,0.));
#13136=DIRECTION('center_axis',(0.884127960508398,0.,-0.467244849567399));
#13137=DIRECTION('ref_axis',(-0.467244849567399,0.,-0.884127960508398));
#13138=DIRECTION('',(0.,-1.,0.));
#13139=DIRECTION('center_axis',(0.723037032347405,0.,-0.690809271691005));
#13140=DIRECTION('ref_axis',(-0.690809271691005,0.,-0.723037032347405));
#13141=DIRECTION('',(0.,-1.,2.960594732334E-14));
#13142=DIRECTION('center_axis',(0.510667179661594,0.,-0.85977847822359));
#13143=DIRECTION('ref_axis',(-0.85977847822359,0.,-0.510667179661594));
#13144=DIRECTION('',(0.,-1.,0.));
#13145=DIRECTION('center_axis',(0.244330447557493,0.,-0.969692029665272));
#13146=DIRECTION('ref_axis',(-0.969692029665272,0.,-0.244330447557493));
#13147=DIRECTION('',(0.,-1.,0.));
#13148=DIRECTION('center_axis',(-0.0266597789622299,0.,-0.999644564925797));
#13149=DIRECTION('ref_axis',(-0.999644564925797,0.,0.0266597789622299));
#13150=DIRECTION('',(0.,-1.,0.));
#13151=DIRECTION('center_axis',(-0.339126140356703,0.,-0.940740910626707));
#13152=DIRECTION('ref_axis',(-0.940740910626707,0.,0.339126140356703));
#13153=DIRECTION('',(0.,-1.,0.));
#13154=DIRECTION('center_axis',(-0.627173405850697,0.,-0.778879656297196));
#13155=DIRECTION('ref_axis',(-0.778879656297196,0.,0.627173405850697));
#13156=DIRECTION('',(0.,-1.,0.));
#13157=DIRECTION('center_axis',(-0.802243004815645,0.,-0.596997622461233));
#13158=DIRECTION('ref_axis',(-0.596997622461233,0.,0.802243004815645));
#13159=DIRECTION('',(2.960594732334E-14,-1.,-8.881784197001E-14));
#13160=DIRECTION('center_axis',(-0.871198270385587,0.,-0.490931332955192));
#13161=DIRECTION('ref_axis',(-0.490931332955192,0.,0.871198270385587));
#13162=DIRECTION('',(0.,-1.,0.));
#13163=DIRECTION('center_axis',(-0.900366647000219,0.,-0.435132050037209));
#13164=DIRECTION('ref_axis',(-0.435132050037209,0.,0.900366647000219));
#13165=DIRECTION('',(-2.960594732334E-14,-1.,5.921189464667E-14));
#13166=DIRECTION('center_axis',(-0.863462682996121,0.,-0.504412722949312));
#13167=DIRECTION('ref_axis',(-0.504412722949312,0.,0.863462682996121));
#13168=DIRECTION('',(0.,-1.,0.));
#13169=DIRECTION('center_axis',(-0.773752292378016,0.,-0.633488271430313));
#13170=DIRECTION('ref_axis',(-0.633488271430313,0.,0.773752292378016));
#13171=DIRECTION('',(0.,-1.,-5.921189464667E-14));
#13172=DIRECTION('center_axis',(-0.557160277248993,0.,-0.830404976776889));
#13173=DIRECTION('ref_axis',(-0.830404976776889,0.,0.557160277248993));
#13174=DIRECTION('',(0.,-1.,0.));
#13175=DIRECTION('center_axis',(-0.278506925583099,0.,-0.960434220757596));
#13176=DIRECTION('ref_axis',(-0.960434220757596,0.,0.278506925583099));
#13177=DIRECTION('',(0.,-1.,0.));
#13178=DIRECTION('center_axis',(-0.00557203195275079,0.,-0.999984476109463));
#13179=DIRECTION('ref_axis',(-0.999984476109463,0.,0.00557203195275079));
#13180=DIRECTION('',(0.,-1.,0.));
#13181=DIRECTION('center_axis',(0.242507042889003,0.,-0.970149645234812));
#13182=DIRECTION('ref_axis',(-0.970149645234812,0.,-0.242507042889003));
#13183=DIRECTION('',(0.,-1.,0.));
#13184=DIRECTION('center_axis',(0.498292759225713,0.,-0.867008838538123));
#13185=DIRECTION('ref_axis',(-0.867008838538123,0.,-0.498292759225713));
#13186=DIRECTION('',(-5.921189464667E-14,-1.,-5.921189464667E-14));
#13187=DIRECTION('center_axis',(0.70121370541703,0.,-0.712951147930431));
#13188=DIRECTION('ref_axis',(-0.712951147930431,0.,-0.70121370541703));
#13189=DIRECTION('',(0.,-1.,0.));
#13190=DIRECTION('center_axis',(0.851598469643833,0.,-0.52419466470032));
#13191=DIRECTION('ref_axis',(-0.52419466470032,0.,-0.851598469643833));
#13192=DIRECTION('',(0.,-1.,-5.921189464667E-14));
#13193=DIRECTION('center_axis',(0.955053915900981,0.,-0.296432146910894));
#13194=DIRECTION('ref_axis',(-0.296432146910894,0.,-0.955053915900981));
#13195=DIRECTION('',(0.,-1.,0.));
#13196=DIRECTION('center_axis',(0.996049048569913,0.,-0.0888048019139212));
#13197=DIRECTION('ref_axis',(-0.0888048019139212,0.,-0.996049048569913));
#13198=DIRECTION('',(0.,-1.,0.));
#13199=DIRECTION('center_axis',(0.998266155893302,0.,0.0588615494020501));
#13200=DIRECTION('ref_axis',(0.0588615494020501,0.,-0.998266155893302));
#13201=DIRECTION('',(0.,-1.,0.));
#13202=DIRECTION('center_axis',(0.98093842529143,0.,0.194318825096206));
#13203=DIRECTION('ref_axis',(0.194318825096206,0.,-0.98093842529143));
#13204=DIRECTION('',(0.,-1.,-2.960594732334E-14));
#13205=DIRECTION('center_axis',(0.936164932727935,0.,0.351561116636213));
#13206=DIRECTION('ref_axis',(0.351561116636213,0.,-0.936164932727935));
#13207=DIRECTION('',(0.,-1.,0.));
#13208=DIRECTION('center_axis',(0.852815342321441,0.,0.522212592629825));
#13209=DIRECTION('ref_axis',(0.522212592629825,0.,-0.852815342321441));
#13210=DIRECTION('',(-2.960594732334E-14,-1.,2.960594732334E-14));
#13211=DIRECTION('center_axis',(0.706224842590456,0.,0.707987621154555));
#13212=DIRECTION('ref_axis',(0.707987621154555,0.,-0.706224842590456));
#13213=DIRECTION('',(5.921189464667E-14,-1.,-5.921189464667E-14));
#13214=DIRECTION('center_axis',(0.489370526662992,0.,0.872075964370986));
#13215=DIRECTION('ref_axis',(0.872075964370986,0.,-0.489370526662992));
#13216=DIRECTION('',(-8.881784197001E-14,-1.,2.960594732334E-14));
#13217=DIRECTION('center_axis',(0.271760732432091,0.,0.962364849892167));
#13218=DIRECTION('ref_axis',(0.962364849892167,0.,-0.271760732432091));
#13219=DIRECTION('',(0.,-1.,0.));
#13220=DIRECTION('center_axis',(0.0922128454895876,0.,0.995739318861475));
#13221=DIRECTION('ref_axis',(0.995739318861475,0.,-0.0922128454895876));
#13222=DIRECTION('',(-1.184237892933E-13,-1.,0.));
#13223=DIRECTION('center_axis',(-0.0678708991878297,0.,0.997694111961896));
#13224=DIRECTION('ref_axis',(0.997694111961896,0.,0.0678708991878297));
#13225=DIRECTION('',(0.,-1.,0.));
#13226=DIRECTION('center_axis',(-0.998649889615208,0.,0.0519461064135904));
#13227=DIRECTION('ref_axis',(0.0519461064135904,0.,0.998649889615209));
#13228=DIRECTION('',(0.,-1.,0.));
#13229=DIRECTION('center_axis',(0.0166265705310898,0.,-0.999861769022286));
#13230=DIRECTION('ref_axis',(-0.999861769022286,0.,-0.0166265705310898));
#13231=DIRECTION('',(0.,-1.,0.));
#13232=DIRECTION('center_axis',(-0.140243900037505,0.,-0.990116987280933));
#13233=DIRECTION('ref_axis',(-0.990116987280933,0.,0.140243900037505));
#13234=DIRECTION('',(0.,-1.,0.));
#13235=DIRECTION('center_axis',(-0.410070668607624,0.,-0.912053752115354));
#13236=DIRECTION('ref_axis',(-0.912053752115354,0.,0.410070668607624));
#13237=DIRECTION('',(0.,-1.,2.960594732334E-14));
#13238=DIRECTION('center_axis',(-0.765304602831404,0.,-0.643668287928703));
#13239=DIRECTION('ref_axis',(-0.643668287928703,0.,0.765304602831404));
#13240=DIRECTION('',(0.,-1.,0.));
#13241=DIRECTION('center_axis',(-0.949213026753332,0.,-0.314634120593711));
#13242=DIRECTION('ref_axis',(-0.314634120593711,0.,0.949213026753332));
#13243=DIRECTION('',(0.,-1.,0.));
#13244=DIRECTION('center_axis',(-0.996625867089801,0.,-0.0820785053927201));
#13245=DIRECTION('ref_axis',(-0.0820785053927201,0.,0.996625867089801));
#13246=DIRECTION('',(0.,-1.,0.));
#13247=DIRECTION('center_axis',(-0.997865881877486,0.,0.0652968742350491));
#13248=DIRECTION('ref_axis',(0.0652968742350491,0.,0.997865881877486));
#13249=DIRECTION('',(0.,-1.,0.));
#13250=DIRECTION('center_axis',(-0.972180986200328,0.,0.234230933206007));
#13251=DIRECTION('ref_axis',(0.234230933206007,0.,0.972180986200328));
#13252=DIRECTION('',(0.,-1.,-5.921189464667E-14));
#13253=DIRECTION('center_axis',(-0.887137419751,0.,0.4615053612663));
#13254=DIRECTION('ref_axis',(0.4615053612663,0.,0.887137419751));
#13255=DIRECTION('',(0.,-1.,0.));
#13256=DIRECTION('center_axis',(-0.733865245688447,0.,0.679295076657144));
#13257=DIRECTION('ref_axis',(0.679295076657144,0.,0.733865245688447));
#13258=DIRECTION('',(0.,-1.,0.));
#13259=DIRECTION('center_axis',(-0.532415779297184,0.,0.846482981491874));
#13260=DIRECTION('ref_axis',(0.846482981491874,0.,0.532415779297184));
#13261=DIRECTION('',(2.960594732334E-14,-1.,2.960594732334E-14));
#13262=DIRECTION('center_axis',(-0.2577896034366,0.,0.966201076567399));
#13263=DIRECTION('ref_axis',(0.966201076567399,0.,0.2577896034366));
#13264=DIRECTION('',(0.,-1.,0.));
#13265=DIRECTION('center_axis',(0.034977656870769,0.,0.999388094545773));
#13266=DIRECTION('ref_axis',(0.999388094545773,0.,-0.034977656870769));
#13267=DIRECTION('',(0.,-1.,0.));
#13268=DIRECTION('center_axis',(0.355498429145483,0.,0.934676878324854));
#13269=DIRECTION('ref_axis',(0.934676878324854,0.,-0.355498429145483));
#13270=DIRECTION('',(2.960594732334E-14,-1.,0.));
#13271=DIRECTION('center_axis',(0.63513227312229,0.,0.772403389194088));
#13272=DIRECTION('ref_axis',(0.772403389194088,0.,-0.63513227312229));
#13273=DIRECTION('',(0.,-1.,-5.921189464667E-14));
#13274=DIRECTION('center_axis',(0.813824879412305,0.,0.581110200951203));
#13275=DIRECTION('ref_axis',(0.581110200951203,0.,-0.813824879412305));
#13276=DIRECTION('',(0.,-1.,0.));
#13277=DIRECTION('center_axis',(0.878514308624863,0.,0.47771603441938));
#13278=DIRECTION('ref_axis',(0.47771603441938,0.,-0.878514308624863));
#13279=DIRECTION('',(0.,-1.,0.));
#13280=DIRECTION('center_axis',(0.903216404127455,0.,0.429185422999279));
#13281=DIRECTION('ref_axis',(0.429185422999279,0.,-0.903216404127455));
#13282=DIRECTION('',(0.,-1.,0.));
#13283=DIRECTION('center_axis',(0.885369230339592,0.,0.464888509180296));
#13284=DIRECTION('ref_axis',(0.464888509180296,0.,-0.885369230339592));
#13285=DIRECTION('center_axis',(0.203816496027306,0.,-0.979009109225829));
#13286=DIRECTION('ref_axis',(-0.979009109225829,0.,-0.203816496027306));
#13287=DIRECTION('',(-8.881784197001E-14,-1.,-5.921189464667E-14));
#13288=DIRECTION('',(5.921189464667E-14,-1.,0.));
#13289=DIRECTION('center_axis',(0.00364133554158386,0.,-0.999993370315761));
#13290=DIRECTION('ref_axis',(-0.999993370315761,0.,-0.00364133554158386));
#13291=DIRECTION('',(5.921189464667E-14,-1.,0.));
#13292=DIRECTION('center_axis',(-0.2452658601884,0.,-0.9694558565639));
#13293=DIRECTION('ref_axis',(-0.9694558565639,0.,0.2452658601884));
#13294=DIRECTION('',(0.,-1.,0.));
#13295=DIRECTION('center_axis',(-0.5058241053688,0.,-0.8626366410186));
#13296=DIRECTION('ref_axis',(-0.8626366410186,0.,0.5058241053688));
#13297=DIRECTION('',(0.,-1.,2.960594732334E-14));
#13298=DIRECTION('center_axis',(-0.735622430774786,0.,-0.677391791610287));
#13299=DIRECTION('ref_axis',(-0.677391791610287,0.,0.735622430774786));
#13300=DIRECTION('',(0.,-1.,0.));
#13301=DIRECTION('center_axis',(-0.914317385786042,0.,-0.404998417341819));
#13302=DIRECTION('ref_axis',(-0.404998417341819,0.,0.914317385786042));
#13303=DIRECTION('',(0.,-1.,0.));
#13304=DIRECTION('center_axis',(-0.992499411432025,0.,-0.122249410252503));
#13305=DIRECTION('ref_axis',(-0.122249410252503,0.,0.992499411432025));
#13306=DIRECTION('',(0.,-1.,0.));
#13307=DIRECTION('center_axis',(-0.99394682249062,0.,0.109862250390202));
#13308=DIRECTION('ref_axis',(0.109862250390202,0.,0.99394682249062));
#13309=DIRECTION('',(0.,-1.,1.480297366167E-14));
#13310=DIRECTION('center_axis',(-0.949276609706574,0.,0.314442233588291));
#13311=DIRECTION('ref_axis',(0.314442233588291,0.,0.949276609706574));
#13312=DIRECTION('',(0.,-1.,-1.480297366167E-14));
#13313=DIRECTION('center_axis',(-0.875742739911002,0.,0.482778058214301));
#13314=DIRECTION('ref_axis',(0.482778058214301,0.,0.875742739911002));
#13315=DIRECTION('',(8.881784197001E-14,-1.,2.960594732334E-14));
#13316=DIRECTION('center_axis',(-0.777539358026188,0.,0.62883427603799));
#13317=DIRECTION('ref_axis',(0.62883427603799,0.,0.777539358026188));
#13318=DIRECTION('',(0.,-1.,0.));
#13319=DIRECTION('center_axis',(-0.657746358769808,0.,0.753239488824809));
#13320=DIRECTION('ref_axis',(0.753239488824809,0.,0.657746358769808));
#13321=DIRECTION('',(0.,-1.,0.));
#13322=DIRECTION('center_axis',(-0.542439699248191,0.,0.840094740299886));
#13323=DIRECTION('ref_axis',(0.840094740299886,0.,0.542439699248191));
#13324=DIRECTION('',(8.881784197001E-14,-1.,1.480297366167E-14));
#13325=DIRECTION('center_axis',(-0.438883464515223,0.,0.898543991452347));
#13326=DIRECTION('ref_axis',(0.898543991452347,0.,0.438883464515223));
#13327=DIRECTION('',(0.,-1.,0.));
#13328=DIRECTION('center_axis',(-0.323574411130298,0.,0.946202726936295));
#13329=DIRECTION('ref_axis',(0.946202726936295,0.,0.323574411130298));
#13330=DIRECTION('',(0.,-1.,0.));
#13331=DIRECTION('center_axis',(-0.186281717642394,0.,0.982496372345567));
#13332=DIRECTION('ref_axis',(0.982496372345567,0.,0.186281717642394));
#13333=DIRECTION('',(0.,-1.,0.));
#13334=DIRECTION('center_axis',(-0.0146831276787707,0.,0.999892197070049));
#13335=DIRECTION('ref_axis',(0.999892197070049,0.,0.0146831276787707));
#13336=DIRECTION('',(0.,-1.,0.));
#13337=DIRECTION('center_axis',(0.225114117521491,0.,0.97433240431206));
#13338=DIRECTION('ref_axis',(0.97433240431206,0.,-0.225114117521491));
#13339=DIRECTION('',(0.,-1.,0.));
#13340=DIRECTION('center_axis',(0.505744908736084,0.,0.862683074649973));
#13341=DIRECTION('ref_axis',(0.862683074649973,0.,-0.505744908736084));
#13342=DIRECTION('',(0.,-1.,0.));
#13343=DIRECTION('center_axis',(0.74700724375192,0.,0.664815897660518));
#13344=DIRECTION('ref_axis',(0.664815897660518,0.,-0.74700724375192));
#13345=DIRECTION('',(0.,-1.,0.));
#13346=DIRECTION('center_axis',(0.916629932267546,0.,0.39973687254392));
#13347=DIRECTION('ref_axis',(0.39973687254392,0.,-0.916629932267546));
#13348=DIRECTION('',(0.,-1.,0.));
#13349=DIRECTION('center_axis',(0.992570346910913,0.,0.121672126771702));
#13350=DIRECTION('ref_axis',(0.121672126771702,0.,-0.992570346910914));
#13351=DIRECTION('',(0.,-1.,0.));
#13352=DIRECTION('center_axis',(0.987001282014968,0.,-0.160712380670595));
#13353=DIRECTION('ref_axis',(-0.160712380670595,0.,-0.987001282014968));
#13354=DIRECTION('',(0.,-1.,0.));
#13355=DIRECTION('center_axis',(0.880264251214472,0.,-0.474483770042585));
#13356=DIRECTION('ref_axis',(-0.474483770042585,0.,-0.880264251214472));
#13357=DIRECTION('',(0.,-1.,-1.480297366167E-14));
#13358=DIRECTION('center_axis',(0.706416260708803,0.,-0.707796627998603));
#13359=DIRECTION('ref_axis',(-0.707796627998603,0.,-0.706416260708803));
#13360=DIRECTION('',(-2.960594732334E-14,-1.,0.));
#13361=DIRECTION('center_axis',(0.547271438746681,0.,-0.836955179404571));
#13362=DIRECTION('ref_axis',(-0.836955179404571,0.,-0.547271438746681));
#13363=DIRECTION('',(8.881784197001E-14,-1.,2.960594732334E-14));
#13364=DIRECTION('center_axis',(0.385992382709702,0.,-0.922501967743206));
#13365=DIRECTION('ref_axis',(-0.922501967743206,0.,-0.385992382709702));
#13366=DIRECTION('center_axis',(-0.322939695779714,0.,0.946419543801641));
#13367=DIRECTION('ref_axis',(0.946419543801641,0.,0.322939695779714));
#13368=DIRECTION('',(0.,-1.,0.));
#13369=DIRECTION('',(0.,-1.,0.));
#13370=DIRECTION('center_axis',(-0.398892068393214,0.,0.916997883188933));
#13371=DIRECTION('ref_axis',(0.916997883188933,0.,0.398892068393214));
#13372=DIRECTION('',(0.,-1.,0.));
#13373=DIRECTION('center_axis',(-0.498487978150304,0.,0.866896611851507));
#13374=DIRECTION('ref_axis',(0.866896611851507,0.,0.498487978150304));
#13375=DIRECTION('',(0.,-1.,0.));
#13376=DIRECTION('center_axis',(-0.597557297090494,0.,0.801826213523793));
#13377=DIRECTION('ref_axis',(0.801826213523793,0.,0.597557297090494));
#13378=DIRECTION('',(8.881784197001E-14,-1.,2.960594732334E-14));
#13379=DIRECTION('center_axis',(-0.697210209544902,0.,0.716866740549702));
#13380=DIRECTION('ref_axis',(0.716866740549702,0.,0.697210209544902));
#13381=DIRECTION('',(-2.960594732334E-14,-1.,-5.921189464667E-14));
#13382=DIRECTION('center_axis',(-0.789621199290343,0.,0.613594623209233));
#13383=DIRECTION('ref_axis',(0.613594623209233,0.,0.789621199290343));
#13384=DIRECTION('',(0.,-1.,0.));
#13385=DIRECTION('center_axis',(-0.866319878924321,0.,0.499489606879412));
#13386=DIRECTION('ref_axis',(0.499489606879412,0.,0.866319878924321));
#13387=DIRECTION('',(0.,-1.,0.));
#13388=DIRECTION('center_axis',(-0.929655180811013,0.,0.368430786975305));
#13389=DIRECTION('ref_axis',(0.368430786975305,0.,0.929655180811013));
#13390=DIRECTION('',(0.,-1.,-4.4408920985E-14));
#13391=DIRECTION('center_axis',(-0.976212803769747,0.,0.216814579205388));
#13392=DIRECTION('ref_axis',(0.216814579205388,0.,0.976212803769747));
#13393=DIRECTION('',(0.,-1.,0.));
#13394=DIRECTION('center_axis',(-0.997598823443389,0.,0.0692574000693492));
#13395=DIRECTION('ref_axis',(0.0692574000693492,0.,0.997598823443389));
#13396=DIRECTION('',(0.,-1.,0.));
#13397=DIRECTION('center_axis',(-0.993776807649626,0.,-0.111389661000103));
#13398=DIRECTION('ref_axis',(-0.111389661000103,0.,0.993776807649626));
#13399=DIRECTION('',(0.,-1.,-1.480297366167E-14));
#13400=DIRECTION('center_axis',(-0.927870340432013,0.,-0.372902978463005));
#13401=DIRECTION('ref_axis',(-0.372902978463005,0.,0.927870340432013));
#13402=DIRECTION('',(0.,-1.,0.));
#13403=DIRECTION('center_axis',(-0.768599938478559,0.,-0.639729735568666));
#13404=DIRECTION('ref_axis',(-0.639729735568666,0.,0.768599938478559));
#13405=DIRECTION('',(0.,-1.,0.));
#13406=DIRECTION('center_axis',(-0.536039367489493,0.,-0.844192985342489));
#13407=DIRECTION('ref_axis',(-0.844192985342489,0.,0.536039367489493));
#13408=DIRECTION('',(0.,-1.,0.));
#13409=DIRECTION('center_axis',(-0.253817573306501,0.,-0.967252107509102));
#13410=DIRECTION('ref_axis',(-0.967252107509102,0.,0.253817573306501));
#13411=DIRECTION('',(0.,-1.,0.));
#13412=DIRECTION('center_axis',(0.00430551931583381,0.,-0.999990731208755));
#13413=DIRECTION('ref_axis',(-0.999990731208755,0.,-0.00430551931583381));
#13414=DIRECTION('',(0.,-1.,0.));
#13415=DIRECTION('center_axis',(0.186791837842093,0.,-0.982399516141765));
#13416=DIRECTION('ref_axis',(-0.982399516141765,0.,-0.186791837842093));
#13417=DIRECTION('',(0.,-1.,0.));
#13418=DIRECTION('center_axis',(0.333358309950108,0.,-0.942800210642323));
#13419=DIRECTION('ref_axis',(-0.942800210642323,0.,-0.333358309950108));
#13420=DIRECTION('',(0.,-1.,0.));
#13421=DIRECTION('center_axis',(0.4648220249154,0.,-0.8854041366255));
#13422=DIRECTION('ref_axis',(-0.8854041366255,0.,-0.4648220249154));
#13423=DIRECTION('',(0.,-1.,0.));
#13424=DIRECTION('center_axis',(0.584466266825184,0.,-0.811418007529678));
#13425=DIRECTION('ref_axis',(-0.811418007529678,0.,-0.584466266825184));
#13426=DIRECTION('',(0.,-1.,0.));
#13427=DIRECTION('center_axis',(0.706346544671002,0.,-0.707866201221202));
#13428=DIRECTION('ref_axis',(-0.707866201221202,0.,-0.706346544671002));
#13429=DIRECTION('',(0.,-1.,0.));
#13430=DIRECTION('center_axis',(0.816521417902115,0.,-0.57731514280081));
#13431=DIRECTION('ref_axis',(-0.57731514280081,0.,-0.816521417902115));
#13432=DIRECTION('',(0.,-1.,0.));
#13433=DIRECTION('center_axis',(0.90390997067921,0.,-0.427722766411505));
#13434=DIRECTION('ref_axis',(-0.427722766411504,0.,-0.90390997067921));
#13435=DIRECTION('',(0.,-1.,-1.480297366167E-14));
#13436=DIRECTION('center_axis',(0.965854086329284,0.,-0.259086634006896));
#13437=DIRECTION('ref_axis',(-0.259086634006896,0.,-0.965854086329284));
#13438=DIRECTION('',(0.,-1.,0.));
#13439=DIRECTION('center_axis',(0.99642980443248,0.,-0.0844253802991183));
#13440=DIRECTION('ref_axis',(-0.0844253802991183,0.,-0.99642980443248));
#13441=DIRECTION('',(0.,-1.,0.));
#13442=DIRECTION('center_axis',(0.996753021083123,0.,0.0805196557473219));
#13443=DIRECTION('ref_axis',(0.0805196557473219,0.,-0.996753021083123));
#13444=DIRECTION('',(0.,-1.,0.));
#13445=DIRECTION('center_axis',(0.963362864955346,0.,0.268201398999013));
#13446=DIRECTION('ref_axis',(0.268201398999013,0.,-0.963362864955346));
#13447=DIRECTION('',(0.,-1.,0.));
#13448=DIRECTION('center_axis',(0.877769576206005,0.,0.479083052389803));
#13449=DIRECTION('ref_axis',(0.479083052389803,0.,-0.877769576206005));
#13450=DIRECTION('',(0.,-1.,0.));
#13451=DIRECTION('center_axis',(0.750245877231326,0.,0.661158924690122));
#13452=DIRECTION('ref_axis',(0.661158924690122,0.,-0.750245877231326));
#13453=DIRECTION('',(0.,-1.,5.921189464667E-14));
#13454=DIRECTION('center_axis',(0.5959490568314,0.,0.8030222423207));
#13455=DIRECTION('ref_axis',(0.8030222423207,0.,-0.5959490568314));
#13456=DIRECTION('',(5.921189464667E-14,-1.,0.));
#13457=DIRECTION('center_axis',(0.402101378553795,0.,0.915595151453489));
#13458=DIRECTION('ref_axis',(0.915595151453489,0.,-0.402101378553795));
#13459=DIRECTION('',(-5.921189464667E-14,-1.,2.960594732334E-14));
#13460=DIRECTION('center_axis',(0.232727638075701,0.,0.972541951010704));
#13461=DIRECTION('ref_axis',(0.972541951010704,0.,-0.232727638075701));
#13462=DIRECTION('',(0.,-1.,0.));
#13463=DIRECTION('center_axis',(0.097664814355798,0.,0.995219364781879));
#13464=DIRECTION('ref_axis',(0.99521936478188,0.,-0.097664814355798));
#13465=DIRECTION('',(0.,-1.,0.));
#13466=DIRECTION('center_axis',(-0.0417233343778595,0.,0.999129202540089));
#13467=DIRECTION('ref_axis',(0.999129202540089,0.,0.0417233343778595));
#13468=DIRECTION('',(0.,-1.,0.));
#13469=DIRECTION('center_axis',(-0.159436202151505,0.,0.987208234084129));
#13470=DIRECTION('ref_axis',(0.987208234084129,0.,0.159436202151505));
#13471=DIRECTION('',(0.,-1.,0.));
#13472=DIRECTION('center_axis',(-0.247170857169813,0.,0.96897191257845));
#13473=DIRECTION('ref_axis',(0.96897191257845,0.,0.247170857169813));
#13474=DIRECTION('center_axis',(-0.304689075391695,0.,0.952451871401886));
#13475=DIRECTION('ref_axis',(0.952451871401885,0.,0.304689075391695));
#13476=DIRECTION('',(2.960594732334E-14,-1.,0.));
#13477=DIRECTION('',(0.,-1.,0.));
#13478=DIRECTION('center_axis',(-1.,0.,0.));
#13479=DIRECTION('ref_axis',(0.,0.,1.));
#13480=DIRECTION('',(0.,-1.,-1.480297366167E-14));
#13481=DIRECTION('center_axis',(-0.281479028050988,0.,-0.959567380003859));
#13482=DIRECTION('ref_axis',(-0.959567380003859,0.,0.281479028050988));
#13483=DIRECTION('',(0.,-1.,0.));
#13484=DIRECTION('center_axis',(-0.30514240750409,0.,0.952306731648269));
#13485=DIRECTION('ref_axis',(0.952306731648269,0.,0.30514240750409));
#13486=DIRECTION('',(0.,-1.,0.));
#13487=DIRECTION('center_axis',(-1.,0.,0.));
#13488=DIRECTION('ref_axis',(0.,0.,1.));
#13489=DIRECTION('',(0.,-1.,0.));
#13490=DIRECTION('center_axis',(0.304702700469695,0.,-0.952447512635985));
#13491=DIRECTION('ref_axis',(-0.952447512635985,0.,-0.304702700469695));
#13492=DIRECTION('',(0.,-1.,0.));
#13493=DIRECTION('center_axis',(1.,0.,0.));
#13494=DIRECTION('ref_axis',(0.,0.,-1.));
#13495=DIRECTION('',(0.,-1.,0.));
#13496=DIRECTION('center_axis',(0.279093555248601,0.,0.960263915503804));
#13497=DIRECTION('ref_axis',(0.960263915503804,0.,-0.279093555248601));
#13498=DIRECTION('',(0.,-1.,0.));
#13499=DIRECTION('center_axis',(0.304979269858993,0.,-0.952358989539278));
#13500=DIRECTION('ref_axis',(-0.952358989539279,0.,-0.304979269858993));
#13501=DIRECTION('',(0.,-1.,0.));
#13502=DIRECTION('center_axis',(1.,0.,0.));
#13503=DIRECTION('ref_axis',(0.,0.,-1.));
#13504=CARTESIAN_POINT('',(0.,0.,0.));
#13505=CARTESIAN_POINT('Origin',(3.75,7.34,9.669964541255));
#13506=CARTESIAN_POINT('',(-5.069626688258,6.75,9.669964541255));
#13507=CARTESIAN_POINT('',(1.538199440654,6.75,9.669964541255));
#13508=CARTESIAN_POINT('',(-5.069626688258,6.75,9.669964541255));
#13509=CARTESIAN_POINT('',(-5.069626688258,6.85,9.669964541255));
#13510=CARTESIAN_POINT('',(-5.069626688258,6.85,9.669964541255));
#13511=CARTESIAN_POINT('',(1.538199440654,6.85,9.669964541255));
#13512=CARTESIAN_POINT('',(1.538199440654,6.85,9.669964541255));
#13513=CARTESIAN_POINT('',(1.538199440654,6.85,9.669964541255));
#13514=CARTESIAN_POINT('Origin',(-3.175,6.75,8.4));
#13515=CARTESIAN_POINT('',(0.85,6.75,8.597586756149));
#13516=CARTESIAN_POINT('',(1.538199440654,6.75,9.669964541255));
#13517=CARTESIAN_POINT('',(0.85,6.75,8.255576983469));
#13518=CARTESIAN_POINT('',(0.85,6.75,8.597586756149));
#13519=CARTESIAN_POINT('',(-2.199999999333,6.75,8.255576983469));
#13520=CARTESIAN_POINT('',(0.85,6.75,8.255576983469));
#13521=CARTESIAN_POINT('',(-2.199999999333,6.75,8.597586756149));
#13522=CARTESIAN_POINT('',(-2.199999999333,6.75,8.255576983469));
#13523=CARTESIAN_POINT('',(-2.199999999333,6.75,8.597586756149));
#13524=CARTESIAN_POINT('Origin',(1.75000000316,-12.98,10.));
#13525=CARTESIAN_POINT('',(0.85,6.85,8.597586756149));
#13526=CARTESIAN_POINT('',(1.538199440654,6.85,9.669964541255));
#13527=CARTESIAN_POINT('',(0.85,6.75,8.597586756149));
#13528=CARTESIAN_POINT('Origin',(-3.225,6.85,5.9));
#13529=CARTESIAN_POINT('',(-2.199999999333,6.85,8.597586756149));
#13530=CARTESIAN_POINT('',(-2.199999999333,6.85,8.597586756149));
#13531=CARTESIAN_POINT('',(-2.199999999333,6.85,8.255576983469));
#13532=CARTESIAN_POINT('',(-2.199999999333,6.85,8.255576983469));
#13533=CARTESIAN_POINT('',(0.85,6.85,8.255576983469));
#13534=CARTESIAN_POINT('',(0.85,6.85,8.255576983469));
#13535=CARTESIAN_POINT('',(0.85,6.85,8.597586756149));
#13536=CARTESIAN_POINT('Origin',(-2.199999999333,-12.98,8.597586756149));
#13537=CARTESIAN_POINT('',(-2.199999999333,6.75,8.597586756149));
#13538=CARTESIAN_POINT('Origin',(-2.199999999333,-12.98,8.255576983469));
#13539=CARTESIAN_POINT('',(-2.199999999333,6.75,8.255576983469));
#13540=CARTESIAN_POINT('Origin',(0.85,-12.98,8.255576983469));
#13541=CARTESIAN_POINT('',(0.85,6.75,8.255576983469));
#13542=CARTESIAN_POINT('Origin',(0.85,-12.98,8.597586756149));
#13543=CARTESIAN_POINT('Origin',(-3.175,-7.31,8.4));
#13544=CARTESIAN_POINT('',(-5.069626688257,-7.31,9.669964541254));
#13545=CARTESIAN_POINT('',(1.538199440654,-7.31,9.669964541254));
#13546=CARTESIAN_POINT('',(-5.069626688257,-7.31,9.669964541254));
#13547=CARTESIAN_POINT('',(-2.199999999333,-7.31,8.597586756149));
#13548=CARTESIAN_POINT('',(-2.199999999333,-7.31,8.597586756149));
#13549=CARTESIAN_POINT('',(-2.199999999333,-7.31,8.255576983469));
#13550=CARTESIAN_POINT('',(-2.199999999333,-7.31,8.255576983469));
#13551=CARTESIAN_POINT('',(0.85,-7.31,8.255576983469));
#13552=CARTESIAN_POINT('',(-2.199999999333,-7.31,8.255576983469));
#13553=CARTESIAN_POINT('',(0.85,-7.31,8.597586756149));
#13554=CARTESIAN_POINT('',(0.85,-7.31,8.597586756149));
#13555=CARTESIAN_POINT('',(1.538199440654,-7.31,9.669964541254));
#13556=CARTESIAN_POINT('Origin',(-5.808194155968,-7.9,9.669964541254));
#13557=CARTESIAN_POINT('',(1.538199440654,-7.41,9.669964541254));
#13558=CARTESIAN_POINT('',(1.538199440654,-7.41,9.669964541254));
#13559=CARTESIAN_POINT('',(-5.069626688257,-7.41,9.669964541254));
#13560=CARTESIAN_POINT('',(-5.069626688257,-7.41,9.669964541254));
#13561=CARTESIAN_POINT('',(-5.069626688257,-7.41,9.669964541254));
#13562=CARTESIAN_POINT('Origin',(1.75000000316,-7.9,10.));
#13563=CARTESIAN_POINT('',(0.85,-7.41,8.597586756149));
#13564=CARTESIAN_POINT('',(0.85,-7.41,8.597586756149));
#13565=CARTESIAN_POINT('',(1.538199440654,-7.41,9.669964541254));
#13566=CARTESIAN_POINT('Origin',(0.85,-7.9,8.597586756149));
#13567=CARTESIAN_POINT('',(0.85,-7.41,8.255576983469));
#13568=CARTESIAN_POINT('',(0.85,-7.41,8.255576983469));
#13569=CARTESIAN_POINT('',(0.85,-7.41,8.597586756149));
#13570=CARTESIAN_POINT('Origin',(-2.861482778344,-5.36,8.255576983469));
#13571=CARTESIAN_POINT('',(-2.199999999333,-7.41,8.255576983469));
#13572=CARTESIAN_POINT('',(-2.199999999333,-7.41,8.255576983469));
#13573=CARTESIAN_POINT('',(0.85,-7.41,8.255576983469));
#13574=CARTESIAN_POINT('Origin',(-2.199999999333,-7.9,8.255576983469));
#13575=CARTESIAN_POINT('',(-2.199999999333,-7.41,8.597586756149));
#13576=CARTESIAN_POINT('',(-2.199999999333,-7.41,8.597586756149));
#13577=CARTESIAN_POINT('',(-2.199999999333,-7.41,8.255576983469));
#13578=CARTESIAN_POINT('Origin',(-2.199999999333,-7.9,8.597586756149));
#13579=CARTESIAN_POINT('',(-2.199999999333,-7.41,8.597586756149));
#13580=CARTESIAN_POINT('Origin',(-3.225,-7.41,8.25));
#13581=CARTESIAN_POINT('Origin',(-7.211644090204,7.34,5.615553447402));
#13582=CARTESIAN_POINT('',(-7.211644090204,7.34,5.615553447402));
#13583=CARTESIAN_POINT('',(-7.198811744456,7.34,5.574558998129));
#13584=CARTESIAN_POINT('',(-7.211644090204,7.34,5.615553447402));
#13585=CARTESIAN_POINT('',(-7.198811744456,7.31,5.574558998129));
#13586=CARTESIAN_POINT('',(-7.198811744456,7.34,5.574558998129));
#13587=CARTESIAN_POINT('',(-7.211644090204,7.31,5.615553447402));
#13588=CARTESIAN_POINT('',(-7.211644090204,7.31,5.615553447402));
#13589=CARTESIAN_POINT('',(-7.211644090204,7.34,5.615553447402));
#13590=CARTESIAN_POINT('Origin',(-0.4249999971165,7.34,-4.050000000473));
#13591=CARTESIAN_POINT('',(3.65,7.34,1.));
#13592=CARTESIAN_POINT('',(2.45000000141262,7.34,0.999999999997689));
#13593=CARTESIAN_POINT('',(3.65,7.34,1.));
#13594=CARTESIAN_POINT('',(2.45000000141293,7.34,0.099999999997863));
#13595=CARTESIAN_POINT('Ctrl Pts',(2.4500000000003,7.33999999998875,0.0999999999931889));
#13596=CARTESIAN_POINT('Ctrl Pts',(2.44917281729667,7.33999999998874,0.399997719205263));
#13597=CARTESIAN_POINT('Ctrl Pts',(2.45082718270338,7.33999999998874,0.70000228078161));
#13598=CARTESIAN_POINT('Ctrl Pts',(2.44999999999953,7.33999999998874,0.999999999992987));
#13599=CARTESIAN_POINT('',(2.05,7.34,0.09999999978315));
#13600=CARTESIAN_POINT('',(2.450000002543,7.34,0.1000000000002));
#13601=CARTESIAN_POINT('',(2.05,7.34,-7.9));
#13602=CARTESIAN_POINT('',(2.05,7.34,-7.9));
#13603=CARTESIAN_POINT('',(1.75,7.34,-8.2));
#13604=CARTESIAN_POINT('Origin',(1.75,7.34,-7.9));
#13605=CARTESIAN_POINT('',(-2.89999999130515,7.34,-8.2));
#13606=CARTESIAN_POINT('',(1.75,7.34,-8.2));
#13607=CARTESIAN_POINT('',(-2.8999999939691,7.34,0.0999999929508246));
#13608=CARTESIAN_POINT('',(-2.899999990454,7.34,-8.2));
#13609=CARTESIAN_POINT('',(-3.65,7.34,0.8000000000003));
#13610=CARTESIAN_POINT('',(-2.899999993708,7.34,0.09999999241308));
#13611=CARTESIAN_POINT('',(-6.95,7.34,0.8000000000003));
#13612=CARTESIAN_POINT('',(-3.65,7.34,0.8000000000003));
#13613=CARTESIAN_POINT('',(-8.45,7.34,1.1));
#13614=CARTESIAN_POINT('',(-6.95,7.34,0.8000000000003));
#13615=CARTESIAN_POINT('',(-10.75,7.34,1.1));
#13616=CARTESIAN_POINT('',(-8.45,7.34,1.1));
#13617=CARTESIAN_POINT('',(-11.25,7.34,1.6));
#13618=CARTESIAN_POINT('Origin',(-10.75,7.34,1.6));
#13619=CARTESIAN_POINT('',(-11.25,7.34,9.208136903298));
#13620=CARTESIAN_POINT('',(-11.25,7.34,1.6));
#13621=CARTESIAN_POINT('',(-10.34942920471,7.34,9.286926638586));
#13622=CARTESIAN_POINT('',(-11.25,7.34,9.208136903298));
#13623=CARTESIAN_POINT('',(-10.2,7.34,8.956895928452));
#13624=CARTESIAN_POINT('',(-10.34942920471,7.34,9.286926638586));
#13625=CARTESIAN_POINT('',(-5.808194155967,7.34,9.669964541255));
#13626=CARTESIAN_POINT('',(-10.2,7.34,8.956895928452));
#13627=CARTESIAN_POINT('',(-5.764570812184,7.34,9.917364817765));
#13628=CARTESIAN_POINT('',(-5.808194155967,7.34,9.669964541255));
#13629=CARTESIAN_POINT('',(-5.666090036882,7.34,10.));
#13630=CARTESIAN_POINT('Origin',(-5.666090036882,7.34,9.9));
#13631=CARTESIAN_POINT('',(3.75,7.34,10.));
#13632=CARTESIAN_POINT('',(3.75,7.34,10.));
#13633=CARTESIAN_POINT('',(3.75,7.34,1.1));
#13634=CARTESIAN_POINT('',(3.75,7.34,10.));
#13635=CARTESIAN_POINT('Origin',(3.65,7.34,1.1));
#13636=CARTESIAN_POINT('',(-8.850155999466,7.34,6.146737618499));
#13637=CARTESIAN_POINT('',(-7.950311999465,7.34,6.146737618499));
#13638=CARTESIAN_POINT('',(-8.850155999466,7.34,6.146737618499));
#13639=CARTESIAN_POINT('',(-9.749999999469,7.34,5.247386213472));
#13640=CARTESIAN_POINT('',(-9.749999999469,7.34,5.247386213472));
#13641=CARTESIAN_POINT('',(-8.850155999467,7.34,4.347049618495));
#13642=CARTESIAN_POINT('',(-8.850155999467,7.34,4.347049618495));
#13643=CARTESIAN_POINT('',(-7.950311999465,7.34,4.347049618495));
#13644=CARTESIAN_POINT('',(-7.950311999465,7.34,4.347049618495));
#13645=CARTESIAN_POINT('',(-7.950311999465,7.34,6.146737618499));
#13646=CARTESIAN_POINT('',(-7.350415999577,7.34,7.9057558512));
#13647=CARTESIAN_POINT('',(-6.450571999576,7.34,8.194282606275));
#13648=CARTESIAN_POINT('',(-7.350415999577,7.34,7.9057558512));
#13649=CARTESIAN_POINT('',(-7.350415999577,7.34,7.66335553725));
#13650=CARTESIAN_POINT('',(-7.350415999577,7.34,7.66335553725));
#13651=CARTESIAN_POINT('',(-7.350065983747,7.34,7.603885915953));
#13652=CARTESIAN_POINT('',(-7.350065983747,7.34,7.603885915953));
#13653=CARTESIAN_POINT('',(-7.349025395132,7.34,7.560786640648));
#13654=CARTESIAN_POINT('',(-7.349025395132,7.34,7.560786640648));
#13655=CARTESIAN_POINT('',(-7.347284774857,7.34,7.53402933149));
#13656=CARTESIAN_POINT('',(-7.347284774857,7.34,7.53402933149));
#13657=CARTESIAN_POINT('',(-7.342389279854,7.34,7.498739198425));
#13658=CARTESIAN_POINT('',(-7.342389279854,7.34,7.498739198425));
#13659=CARTESIAN_POINT('',(-7.334840284869,7.34,7.466315412983));
#13660=CARTESIAN_POINT('',(-7.334840284869,7.34,7.466315412983));
#13661=CARTESIAN_POINT('',(-7.32464251934,7.34,7.436805275186));
#13662=CARTESIAN_POINT('',(-7.32464251934,7.34,7.436805275186));
#13663=CARTESIAN_POINT('',(-7.311649355802,7.34,7.409972286567));
#13664=CARTESIAN_POINT('',(-7.311649355802,7.34,7.409972286567));
#13665=CARTESIAN_POINT('',(-7.295619565958,7.34,7.385201555417));
#13666=CARTESIAN_POINT('',(-7.295619565958,7.34,7.385201555417));
#13667=CARTESIAN_POINT('',(-7.276468011478,7.34,7.3625592999));
#13668=CARTESIAN_POINT('',(-7.276468011478,7.34,7.3625592999));
#13669=CARTESIAN_POINT('',(-7.254379159755,7.34,7.342092820031));
#13670=CARTESIAN_POINT('',(-7.254379159755,7.34,7.342092820031));
#13671=CARTESIAN_POINT('',(-7.22954220923,7.34,7.324218351009));
#13672=CARTESIAN_POINT('',(-7.22954220923,7.34,7.324218351009));
#13673=CARTESIAN_POINT('',(-7.201867290122,7.34,7.308850754104));
#13674=CARTESIAN_POINT('',(-7.201867290122,7.34,7.308850754104));
#13675=CARTESIAN_POINT('',(-7.171344943553,7.34,7.296183956391));
#13676=CARTESIAN_POINT('',(-7.171344943553,7.34,7.296183956391));
#13677=CARTESIAN_POINT('',(-7.137923139269,7.34,7.286492295447));
#13678=CARTESIAN_POINT('',(-7.137923139269,7.34,7.286492295447));
#13679=CARTESIAN_POINT('',(-7.101516738936,7.34,7.279785230953));
#13680=CARTESIAN_POINT('',(-7.101516738936,7.34,7.279785230953));
#13681=CARTESIAN_POINT('',(-7.0624662979,7.34,7.27625196055));
#13682=CARTESIAN_POINT('',(-7.0624662979,7.34,7.27625196055));
#13683=CARTESIAN_POINT('',(-7.021088723509,7.34,7.276091142356));
#13684=CARTESIAN_POINT('',(-7.021088723509,7.34,7.276091142356));
#13685=CARTESIAN_POINT('',(-6.977289416142,7.34,7.279373725589));
#13686=CARTESIAN_POINT('',(-6.977289416142,7.34,7.279373725589));
#13687=CARTESIAN_POINT('',(-6.883915535982,7.34,7.295961649066));
#13688=CARTESIAN_POINT('',(-6.883915535982,7.34,7.295961649066));
#13689=CARTESIAN_POINT('',(-6.797858883802,7.34,7.324076452582));
#13690=CARTESIAN_POINT('',(-6.797858883802,7.34,7.324076452582));
#13691=CARTESIAN_POINT('',(-6.71917148865,7.34,7.363618807875));
#13692=CARTESIAN_POINT('',(-6.71917148865,7.34,7.363618807875));
#13693=CARTESIAN_POINT('',(-6.649177736,7.34,7.411646687872));
#13694=CARTESIAN_POINT('',(-6.649177736,7.34,7.411646687872));
#13695=CARTESIAN_POINT('',(-6.589561486433,7.34,7.464853859727));
#13696=CARTESIAN_POINT('',(-6.589561486433,7.34,7.464853859727));
#13697=CARTESIAN_POINT('',(-6.540232871374,7.34,7.523282892409));
#13698=CARTESIAN_POINT('',(-6.540232871374,7.34,7.523282892409));
#13699=CARTESIAN_POINT('',(-6.508873323752,7.34,7.573907513095));
#13700=CARTESIAN_POINT('',(-6.508873323752,7.34,7.573907513095));
#13701=CARTESIAN_POINT('',(-6.483468779511,7.34,7.632204107431));
#13702=CARTESIAN_POINT('',(-6.483468779511,7.34,7.632204107431));
#13703=CARTESIAN_POINT('',(-6.463976668881,7.34,7.698125376206));
#13704=CARTESIAN_POINT('',(-6.463976668881,7.34,7.698125376206));
#13705=CARTESIAN_POINT('',(-6.456493892868,7.34,7.744355876234));
#13706=CARTESIAN_POINT('',(-6.456493892868,7.34,7.744355876234));
#13707=CARTESIAN_POINT('',(-6.452043012916,7.34,7.803991045563));
#13708=CARTESIAN_POINT('',(-6.452043012916,7.34,7.803991045563));
#13709=CARTESIAN_POINT('',(-6.450571999576,7.34,7.877078183409));
#13710=CARTESIAN_POINT('',(-6.450571999576,7.34,7.877078183409));
#13711=CARTESIAN_POINT('',(-6.450571999576,7.34,8.194282606275));
#13712=CARTESIAN_POINT('',(-7.350415999577,7.34,6.931646956153));
#13713=CARTESIAN_POINT('',(-6.450571999576,7.34,7.219748015941));
#13714=CARTESIAN_POINT('',(-7.350415999577,7.34,6.931646956153));
#13715=CARTESIAN_POINT('',(-7.350415999577,7.34,6.264577828132));
#13716=CARTESIAN_POINT('',(-7.350415999577,7.34,6.264577828132));
#13717=CARTESIAN_POINT('',(-7.199989501258,7.34,6.312548948834));
#13718=CARTESIAN_POINT('',(-7.199989501258,7.34,6.312548948834));
#13719=CARTESIAN_POINT('',(-7.199989501258,7.34,6.794407549653));
#13720=CARTESIAN_POINT('',(-7.199989501258,7.34,6.794407549653));
#13721=CARTESIAN_POINT('',(-6.995722018795,7.34,6.8600828611));
#13722=CARTESIAN_POINT('',(-6.995722018795,7.34,6.8600828611));
#13723=CARTESIAN_POINT('',(-6.995722018795,7.34,6.394353378781));
#13724=CARTESIAN_POINT('',(-6.995722018795,7.34,6.394353378781));
#13725=CARTESIAN_POINT('',(-6.845295520476,7.34,6.442324499082));
#13726=CARTESIAN_POINT('',(-6.845295520476,7.34,6.442324499082));
#13727=CARTESIAN_POINT('',(-6.845295520476,7.34,6.908276289129));
#13728=CARTESIAN_POINT('',(-6.845295520476,7.34,6.908276289129));
#13729=CARTESIAN_POINT('',(-6.600998497896,7.34,6.991816609512));
#13730=CARTESIAN_POINT('',(-6.600998497896,7.34,6.991816609512));
#13731=CARTESIAN_POINT('',(-6.600998497896,7.34,6.468263527353));
#13732=CARTESIAN_POINT('',(-6.600998497896,7.34,6.468263527353));
#13733=CARTESIAN_POINT('',(-6.450571999576,7.34,6.51684481114));
#13734=CARTESIAN_POINT('',(-6.450571999576,7.34,6.51684481114));
#13735=CARTESIAN_POINT('',(-6.450571999576,7.34,7.219748015941));
#13736=CARTESIAN_POINT('',(-7.061293271341,7.34,6.131803491504));
#13737=CARTESIAN_POINT('',(-6.979857776986,7.34,6.16983699353));
#13738=CARTESIAN_POINT('',(-7.061293271341,7.34,6.131803491504));
#13739=CARTESIAN_POINT('',(-7.150623046671,7.34,6.074135980016));
#13740=CARTESIAN_POINT('',(-7.150623046671,7.34,6.074135980016));
#13741=CARTESIAN_POINT('',(-7.225469724956,7.34,6.006450440955));
#13742=CARTESIAN_POINT('',(-7.225469724956,7.34,6.006450440955));
#13743=CARTESIAN_POINT('',(-7.285890065487,7.34,5.928694845676));
#13744=CARTESIAN_POINT('',(-7.285890065487,7.34,5.928694845676));
#13745=CARTESIAN_POINT('',(-7.330242776648,7.34,5.842340206717));
#13746=CARTESIAN_POINT('',(-7.330242776648,7.34,5.842340206717));
#13747=CARTESIAN_POINT('',(-7.356853457135,7.34,5.748928487434));
#13748=CARTESIAN_POINT('',(-7.356853457135,7.34,5.748928487434));
#13749=CARTESIAN_POINT('',(-7.365722107351,7.34,5.648511716469));
#13750=CARTESIAN_POINT('',(-7.365722107351,7.34,5.648511716469));
#13751=CARTESIAN_POINT('',(-7.357681198107,7.34,5.552323518536));
#13752=CARTESIAN_POINT('',(-7.357681198107,7.34,5.552323518536));
#13753=CARTESIAN_POINT('',(-7.333530089722,7.34,5.471621165933));
#13754=CARTESIAN_POINT('',(-7.333530089722,7.34,5.471621165933));
#13755=CARTESIAN_POINT('',(-7.293226212828,7.34,5.4064093893));
#13756=CARTESIAN_POINT('',(-7.293226212828,7.34,5.4064093893));
#13757=CARTESIAN_POINT('',(-7.237639878168,7.34,5.35694360565));
#13758=CARTESIAN_POINT('',(-7.237639878168,7.34,5.35694360565));
#13759=CARTESIAN_POINT('',(-7.167300839125,7.34,5.323138675851));
#13760=CARTESIAN_POINT('',(-7.167300839125,7.34,5.323138675851));
#13761=CARTESIAN_POINT('',(-7.082242205791,7.34,5.305032439423));
#13762=CARTESIAN_POINT('',(-7.082242205791,7.34,5.305032439423));
#13763=CARTESIAN_POINT('',(-7.062556166878,7.34,5.479647885655));
#13764=CARTESIAN_POINT('',(-7.062556166878,7.34,5.479647885655));
#13765=CARTESIAN_POINT('',(-7.109122493212,7.34,5.492773487942));
#13766=CARTESIAN_POINT('',(-7.109122493212,7.34,5.492773487942));
#13767=CARTESIAN_POINT('',(-7.147406682812,7.34,5.512927791511));
#13768=CARTESIAN_POINT('',(-7.147406682812,7.34,5.512927791511));
#13769=CARTESIAN_POINT('',(-7.177361436066,7.34,5.540205394775));
#13770=CARTESIAN_POINT('',(-7.177361436066,7.34,5.540205394775));
#13771=CARTESIAN_POINT('',(-7.198811744456,7.34,5.574558998129));
#13772=CARTESIAN_POINT('',(-7.215910502358,7.34,5.663278610373));
#13773=CARTESIAN_POINT('',(-7.215910502358,7.34,5.663278610373));
#13774=CARTESIAN_POINT('',(-7.21074540042,7.34,5.72205765969));
#13775=CARTESIAN_POINT('',(-7.21074540042,7.34,5.72205765969));
#13776=CARTESIAN_POINT('',(-7.195245364767,7.34,5.778632553111));
#13777=CARTESIAN_POINT('',(-7.195245364767,7.34,5.778632553111));
#13778=CARTESIAN_POINT('',(-7.169410395398,7.34,5.833126270511));
#13779=CARTESIAN_POINT('',(-7.169410395398,7.34,5.833126270511));
#13780=CARTESIAN_POINT('',(-7.132583029617,7.34,5.88347655402));
#13781=CARTESIAN_POINT('',(-7.132583029617,7.34,5.88347655402));
#13782=CARTESIAN_POINT('',(-7.084498390332,7.34,5.927862374867));
#13783=CARTESIAN_POINT('',(-7.084498390332,7.34,5.927862374867));
#13784=CARTESIAN_POINT('',(-7.025052418639,7.34,5.966331032263));
#13785=CARTESIAN_POINT('',(-7.025052418639,7.34,5.966331032263));
#13786=CARTESIAN_POINT('',(-6.958085831808,7.34,5.997321643889));
#13787=CARTESIAN_POINT('',(-6.958085831808,7.34,5.997321643889));
#13788=CARTESIAN_POINT('',(-6.887112980076,7.34,6.019311166552));
#13789=CARTESIAN_POINT('',(-6.887112980076,7.34,6.019311166552));
#13790=CARTESIAN_POINT('',(-6.812185892897,7.34,6.032342170018));
#13791=CARTESIAN_POINT('',(-6.812185892897,7.34,6.032342170018));
#13792=CARTESIAN_POINT('',(-6.742967851364,7.34,6.034319287543));
#13793=CARTESIAN_POINT('',(-6.742967851364,7.34,6.034319287543));
#13794=CARTESIAN_POINT('',(-6.686974740778,7.34,6.023374190744));
#13795=CARTESIAN_POINT('',(-6.686974740778,7.34,6.023374190744));
#13796=CARTESIAN_POINT('',(-6.644163992172,7.34,5.999511609056));
#13797=CARTESIAN_POINT('',(-6.644163992172,7.34,5.999511609056));
#13798=CARTESIAN_POINT('',(-6.613982201753,7.34,5.963195077702));
#13799=CARTESIAN_POINT('',(-6.613982201753,7.34,5.963195077702));
#13800=CARTESIAN_POINT('',(-6.595909075013,7.34,5.914864481089));
#13801=CARTESIAN_POINT('',(-6.595909075013,7.34,5.914864481089));
#13802=CARTESIAN_POINT('',(-6.589897312742,7.34,5.854486710325));
#13803=CARTESIAN_POINT('',(-6.589897312742,7.34,5.854486710325));
#13804=CARTESIAN_POINT('',(-6.591784561288,7.34,5.814315271779));
#13805=CARTESIAN_POINT('',(-6.591784561288,7.34,5.814315271779));
#13806=CARTESIAN_POINT('',(-6.597441577887,7.34,5.772994456678));
#13807=CARTESIAN_POINT('',(-6.597441577887,7.34,5.772994456678));
#13808=CARTESIAN_POINT('',(-6.606863631896,7.34,5.730467504931));
#13809=CARTESIAN_POINT('',(-6.606863631896,7.34,5.730467504931));
#13810=CARTESIAN_POINT('',(-6.618731068486,7.34,5.689340617308));
#13811=CARTESIAN_POINT('',(-6.618731068486,7.34,5.689340617308));
#13812=CARTESIAN_POINT('',(-6.632140467632,7.34,5.651851058996));
#13813=CARTESIAN_POINT('',(-6.632140467632,7.34,5.651851058996));
#13814=CARTESIAN_POINT('',(-6.647087099492,7.34,5.618065048955));
#13815=CARTESIAN_POINT('',(-6.647087099492,7.34,5.618065048955));
#13816=CARTESIAN_POINT('',(-6.780755396059,7.34,5.57553336737));
#13817=CARTESIAN_POINT('',(-6.780755396059,7.34,5.57553336737));
#13818=CARTESIAN_POINT('',(-6.780755396059,7.34,5.805158094863));
#13819=CARTESIAN_POINT('',(-6.780755396059,7.34,5.805158094863));
#13820=CARTESIAN_POINT('',(-6.93118189438,7.34,5.757002506362));
#13821=CARTESIAN_POINT('',(-6.93118189438,7.34,5.757002506362));
#13822=CARTESIAN_POINT('',(-6.93118189438,7.34,5.354304295192));
#13823=CARTESIAN_POINT('',(-6.93118189438,7.34,5.354304295192));
#13824=CARTESIAN_POINT('',(-6.54505741676,7.34,5.478380259876));
#13825=CARTESIAN_POINT('',(-6.54505741676,7.34,5.478380259876));
#13826=CARTESIAN_POINT('',(-6.516010813775,7.34,5.532727348604));
#13827=CARTESIAN_POINT('',(-6.516010813775,7.34,5.532727348604));
#13828=CARTESIAN_POINT('',(-6.490029215734,7.34,5.593861911119));
#13829=CARTESIAN_POINT('',(-6.490029215734,7.34,5.593861911119));
#13830=CARTESIAN_POINT('',(-6.467126813365,7.34,5.661788677268));
#13831=CARTESIAN_POINT('',(-6.467126813365,7.34,5.661788677268));
#13832=CARTESIAN_POINT('',(-6.449460462149,7.34,5.733106815393));
#13833=CARTESIAN_POINT('',(-6.449460462149,7.34,5.733106815393));
#13834=CARTESIAN_POINT('',(-6.438832271491,7.34,5.804524282174));
#13835=CARTESIAN_POINT('',(-6.438832271491,7.34,5.804524282174));
#13836=CARTESIAN_POINT('',(-6.435280081726,7.34,5.876088377227));
#13837=CARTESIAN_POINT('',(-6.435280081726,7.34,5.876088377227));
#13838=CARTESIAN_POINT('',(-6.44366154712,7.34,5.9777538538));
#13839=CARTESIAN_POINT('',(-6.44366154712,7.34,5.9777538538));
#13840=CARTESIAN_POINT('',(-6.468801214668,7.34,6.060286695662));
#13841=CARTESIAN_POINT('',(-6.468801214668,7.34,6.060286695662));
#13842=CARTESIAN_POINT('',(-6.510699083166,7.34,6.123738932254));
#13843=CARTESIAN_POINT('',(-6.510699083166,7.34,6.123738932254));
#13844=CARTESIAN_POINT('',(-6.589745954231,7.34,6.18237608274));
#13845=CARTESIAN_POINT('',(-6.589745954231,7.34,6.18237608274));
#13846=CARTESIAN_POINT('',(-6.6894248532,7.34,6.211820001569));
#13847=CARTESIAN_POINT('',(-6.6894248532,7.34,6.211820001569));
#13848=CARTESIAN_POINT('',(-6.809674290941,7.34,6.211971359677));
#13849=CARTESIAN_POINT('',(-6.809674290941,7.34,6.211971359677));
#13850=CARTESIAN_POINT('',(-6.896000550057,7.34,6.196556463161));
#13851=CARTESIAN_POINT('',(-6.896000550057,7.34,6.196556463161));
#13852=CARTESIAN_POINT('',(-6.979857776986,7.34,6.16983699353));
#13853=CARTESIAN_POINT('',(-6.910024842528,7.34,4.971717817818));
#13854=CARTESIAN_POINT('',(-6.888087349318,7.34,4.935812791826));
#13855=CARTESIAN_POINT('',(-6.910024842528,7.34,4.971717817818));
#13856=CARTESIAN_POINT('',(-6.932312351973,7.34,4.999042720692));
#13857=CARTESIAN_POINT('',(-6.932312351973,7.34,4.999042720692));
#13858=CARTESIAN_POINT('',(-6.958554096464,7.34,5.021424828954));
#13859=CARTESIAN_POINT('',(-6.958554096464,7.34,5.021424828954));
#13860=CARTESIAN_POINT('',(-6.988797376416,7.34,5.03879319379));
#13861=CARTESIAN_POINT('',(-6.988797376416,7.34,5.03879319379));
#13862=CARTESIAN_POINT('',(-7.023032731346,7.34,5.050343723835));
#13863=CARTESIAN_POINT('',(-7.023032731346,7.34,5.050343723835));
#13864=CARTESIAN_POINT('',(-7.06085338613,7.34,5.05534800758));
#13865=CARTESIAN_POINT('',(-7.06085338613,7.34,5.05534800758));
#13866=CARTESIAN_POINT('',(-7.102353939588,7.34,5.053801314784));
#13867=CARTESIAN_POINT('',(-7.102353939588,7.34,5.053801314784));
#13868=CARTESIAN_POINT('',(-7.173823435822,7.34,5.036702557284));
#13869=CARTESIAN_POINT('',(-7.173823435822,7.34,5.036702557284));
#13870=CARTESIAN_POINT('',(-7.23663239924,7.34,5.002259084553));
#13871=CARTESIAN_POINT('',(-7.23663239924,7.34,5.002259084553));
#13872=CARTESIAN_POINT('',(-7.290917998836,7.34,4.950470896987));
#13873=CARTESIAN_POINT('',(-7.290917998836,7.34,4.950470896987));
#13874=CARTESIAN_POINT('',(-7.332475311585,7.34,4.882780628088));
#13875=CARTESIAN_POINT('',(-7.332475311585,7.34,4.882780628088));
#13876=CARTESIAN_POINT('',(-7.357411591171,7.34,4.800602532301));
#13877=CARTESIAN_POINT('',(-7.357411591171,7.34,4.800602532301));
#13878=CARTESIAN_POINT('',(-7.365722107351,7.34,4.703936609629));
#13879=CARTESIAN_POINT('',(-7.365722107351,7.34,4.703936609629));
#13880=CARTESIAN_POINT('',(-7.357477810143,7.34,4.607228117189));
#13881=CARTESIAN_POINT('',(-7.357477810143,7.34,4.607228117189));
#13882=CARTESIAN_POINT('',(-7.332754378202,7.34,4.528266385262));
#13883=CARTESIAN_POINT('',(-7.332754378202,7.34,4.528266385262));
#13884=CARTESIAN_POINT('',(-7.291551811525,7.34,4.467046683605));
#13885=CARTESIAN_POINT('',(-7.291551811525,7.34,4.467046683605));
#13886=CARTESIAN_POINT('',(-7.236499960894,7.34,4.424013627677));
#13887=CARTESIAN_POINT('',(-7.236499960894,7.34,4.424013627677));
#13888=CARTESIAN_POINT('',(-7.170607071963,7.34,4.39951250306));
#13889=CARTESIAN_POINT('',(-7.170607071963,7.34,4.39951250306));
#13890=CARTESIAN_POINT('',(-7.093769085829,7.34,4.393548040396));
#13891=CARTESIAN_POINT('',(-7.093769085829,7.34,4.393548040396));
#13892=CARTESIAN_POINT('',(-7.085818045563,7.34,4.571890684513));
#13893=CARTESIAN_POINT('',(-7.085818045563,7.34,4.571890684513));
#13894=CARTESIAN_POINT('',(-7.125464459358,7.34,4.575721941297));
#13895=CARTESIAN_POINT('',(-7.125464459358,7.34,4.575721941297));
#13896=CARTESIAN_POINT('',(-7.158460568355,7.34,4.587613027894));
#13897=CARTESIAN_POINT('',(-7.158460568355,7.34,4.587613027894));
#13898=CARTESIAN_POINT('',(-7.184697583408,7.34,4.607606512866));
#13899=CARTESIAN_POINT('',(-7.184697583408,7.34,4.607606512866));
#13900=CARTESIAN_POINT('',(-7.203754539069,7.34,4.636284180259));
#13901=CARTESIAN_POINT('',(-7.203754539069,7.34,4.636284180259));
#13902=CARTESIAN_POINT('',(-7.215219929976,7.34,4.674237273386));
#13903=CARTESIAN_POINT('',(-7.215219929976,7.34,4.674237273386));
#13904=CARTESIAN_POINT('',(-7.219055917002,7.34,4.721517821709));
#13905=CARTESIAN_POINT('',(-7.219055917002,7.34,4.721517821709));
#13906=CARTESIAN_POINT('',(-7.216052400787,7.34,4.768145637576));
#13907=CARTESIAN_POINT('',(-7.216052400787,7.34,4.768145637576));
#13908=CARTESIAN_POINT('',(-7.207041852143,7.34,4.805706145108));
#13909=CARTESIAN_POINT('',(-7.207041852143,7.34,4.805706145108));
#13910=CARTESIAN_POINT('',(-7.192033730749,7.34,4.83410474548));
#13911=CARTESIAN_POINT('',(-7.192033730749,7.34,4.83410474548));
#13912=CARTESIAN_POINT('',(-7.172465941064,7.34,4.854585415273));
#13913=CARTESIAN_POINT('',(-7.172465941064,7.34,4.854585415273));
#13914=CARTESIAN_POINT('',(-7.149785846019,7.34,4.868056303955));
#13915=CARTESIAN_POINT('',(-7.149785846019,7.34,4.868056303955));
#13916=CARTESIAN_POINT('',(-7.123936686727,7.34,4.874569440565));
#13917=CARTESIAN_POINT('',(-7.123936686727,7.34,4.874569440565));
#13918=CARTESIAN_POINT('',(-7.099638950072,7.34,4.873921437953));
#13919=CARTESIAN_POINT('',(-7.099638950072,7.34,4.873921437953));
#13920=CARTESIAN_POINT('',(-7.078330539709,7.34,4.866240004222));
#13921=CARTESIAN_POINT('',(-7.078330539709,7.34,4.866240004222));
#13922=CARTESIAN_POINT('',(-7.060044565325,7.34,4.851515679686));
#13923=CARTESIAN_POINT('',(-7.060044565325,7.34,4.851515679686));
#13924=CARTESIAN_POINT('',(-7.040755842256,7.34,4.825595571176));
#13925=CARTESIAN_POINT('',(-7.040755842256,7.34,4.825595571176));
#13926=CARTESIAN_POINT('',(-7.01723104395962,7.34,4.78385499458929));
#13927=CARTESIAN_POINT('',(-7.017232185116,7.34,4.783854579328));
#13928=CARTESIAN_POINT('',(-6.947656299274,7.34,4.639897859559));
#13929=CARTESIAN_POINT('',(-4.6278996758694,7.34,-0.160096745969924));
#13930=CARTESIAN_POINT('',(-6.911514775633,7.34,4.578030155692));
#13931=CARTESIAN_POINT('',(-6.911514775633,7.34,4.578030155692));
#13932=CARTESIAN_POINT('',(-6.880902560086,7.34,4.540639926034));
#13933=CARTESIAN_POINT('',(-6.880902560086,7.34,4.540639926034));
#13934=CARTESIAN_POINT('',(-6.835996445132,7.34,4.510510165065));
#13935=CARTESIAN_POINT('',(-6.835996445132,7.34,4.510510165065));
#13936=CARTESIAN_POINT('',(-6.783408896444,7.34,4.495260816184));
#13937=CARTESIAN_POINT('',(-6.783408896444,7.34,4.495260816184));
#13938=CARTESIAN_POINT('',(-6.723139914023,7.34,4.494924990275));
#13939=CARTESIAN_POINT('',(-6.723139914023,7.34,4.494924990275));
#13940=CARTESIAN_POINT('',(-6.647583743994,7.34,4.513811667661));
#13941=CARTESIAN_POINT('',(-6.647583743994,7.34,4.513811667661));
#13942=CARTESIAN_POINT('',(-6.579761036747,7.34,4.552791159484));
#13943=CARTESIAN_POINT('',(-6.579761036747,7.34,4.552791159484));
#13944=CARTESIAN_POINT('',(-6.519714362053,7.34,4.611849275012));
#13945=CARTESIAN_POINT('',(-6.519714362053,7.34,4.611849275012));
#13946=CARTESIAN_POINT('',(-6.472769640041,7.34,4.68811493759));
#13947=CARTESIAN_POINT('',(-6.472769640041,7.34,4.68811493759));
#13948=CARTESIAN_POINT('',(-6.444645376041,7.34,4.778726528623));
#13949=CARTESIAN_POINT('',(-6.444645376041,7.34,4.778726528623));
#13950=CARTESIAN_POINT('',(-6.435280081726,7.34,4.883769187253));
#13951=CARTESIAN_POINT('',(-6.435280081726,7.34,4.883769187253));
#13952=CARTESIAN_POINT('',(-6.439607983011,7.34,4.957168501797));
#13953=CARTESIAN_POINT('',(-6.439607983011,7.34,4.957168501797));
#13954=CARTESIAN_POINT('',(-6.452591686869,7.34,5.022711374499));
#13955=CARTESIAN_POINT('',(-6.452591686869,7.34,5.022711374499));
#13956=CARTESIAN_POINT('',(-6.474240653381,7.34,5.080359966222));
#13957=CARTESIAN_POINT('',(-6.474240653381,7.34,5.080359966222));
#13958=CARTESIAN_POINT('',(-6.503580513308,7.34,5.128274327232));
#13959=CARTESIAN_POINT('',(-6.503580513308,7.34,5.128274327232));
#13960=CARTESIAN_POINT('',(-6.539674737339,7.34,5.164278682283));
#13961=CARTESIAN_POINT('',(-6.539674737339,7.34,5.164278682283));
#13962=CARTESIAN_POINT('',(-6.582561165,7.34,5.188344651934));
#13963=CARTESIAN_POINT('',(-6.582561165,7.34,5.188344651934));
#13964=CARTESIAN_POINT('',(-6.631118799183,7.34,5.202056767699));
#13965=CARTESIAN_POINT('',(-6.631118799183,7.34,5.202056767699));
#13966=CARTESIAN_POINT('',(-6.684288131109,7.34,5.206980642148));
#13967=CARTESIAN_POINT('',(-6.684288131109,7.34,5.206980642148));
#13968=CARTESIAN_POINT('',(-6.742206329768,7.34,5.203040596622));
#13969=CARTESIAN_POINT('',(-6.742206329768,7.34,5.203040596622));
#13970=CARTESIAN_POINT('',(-6.751424996216,7.34,5.025814219775));
#13971=CARTESIAN_POINT('',(-6.751424996216,7.34,5.025814219775));
#13972=CARTESIAN_POINT('',(-6.701363239004,7.34,5.026646690185));
#13973=CARTESIAN_POINT('',(-6.701363239004,7.34,5.026646690185));
#13974=CARTESIAN_POINT('',(-6.663495285012,7.34,5.021282930526));
#13975=CARTESIAN_POINT('',(-6.663495285012,7.34,5.021282930526));
#13976=CARTESIAN_POINT('',(-6.637868433044,7.34,5.009760780328));
#13977=CARTESIAN_POINT('',(-6.637868433044,7.34,5.009760780328));
#13978=CARTESIAN_POINT('',(-6.611186803341,7.34,4.978037026951));
#13979=CARTESIAN_POINT('',(-6.611186803341,7.34,4.978037026951));
#13980=CARTESIAN_POINT('',(-6.59521377279,7.34,4.929848328766));
#13981=CARTESIAN_POINT('',(-6.59521377279,7.34,4.929848328766));
#13982=CARTESIAN_POINT('',(-6.589897312742,7.34,4.865294014826));
#13983=CARTESIAN_POINT('',(-6.589897312742,7.34,4.865294014826));
#13984=CARTESIAN_POINT('',(-6.593520451723,7.34,4.809925257651));
#13985=CARTESIAN_POINT('',(-6.593520451723,7.34,4.809925257651));
#13986=CARTESIAN_POINT('',(-6.604361490024,7.34,4.764929273717));
#13987=CARTESIAN_POINT('',(-6.604361490024,7.34,4.764929273717));
#13988=CARTESIAN_POINT('',(-6.62237312723,7.34,4.73030606303));
#13989=CARTESIAN_POINT('',(-6.62237312723,7.34,4.73030606303));
#13990=CARTESIAN_POINT('',(-6.645630276074,7.34,4.705180585403));
#13991=CARTESIAN_POINT('',(-6.645630276074,7.34,4.705180585403));
#13992=CARTESIAN_POINT('',(-6.671815261274,7.34,4.688710910754));
#13993=CARTESIAN_POINT('',(-6.671815261274,7.34,4.688710910754));
#13994=CARTESIAN_POINT('',(-6.700942273959,7.34,4.680939608039));
#13995=CARTESIAN_POINT('',(-6.700942273959,7.34,4.680939608039));
#13996=CARTESIAN_POINT('',(-6.726214379452,7.34,4.681824108304));
#13997=CARTESIAN_POINT('',(-6.726214379452,7.34,4.681824108304));
#13998=CARTESIAN_POINT('',(-6.748785685755,7.34,4.690408961659));
#13999=CARTESIAN_POINT('',(-6.748785685755,7.34,4.690408961659));
#14000=CARTESIAN_POINT('',(-6.768613622694,7.34,4.706713088279));
#14001=CARTESIAN_POINT('',(-6.768613622694,7.34,4.706713088279));
#14002=CARTESIAN_POINT('',(-6.784865719861,7.34,4.729473592217));
#14003=CARTESIAN_POINT('',(-6.784865719861,7.34,4.729473592217));
#14004=CARTESIAN_POINT('',(-6.80675759314104,7.34,4.76972001163211));
#14005=CARTESIAN_POINT('',(-4.22782130514069,7.34,0.0270982389345326));
#14006=CARTESIAN_POINT('',(-6.862834163186,7.34,4.887718692859));
#14007=CARTESIAN_POINT('',(-4.53756790221599,7.34,-0.00578075592297569));
#14008=CARTESIAN_POINT('',(-6.888087349318,7.34,4.935812791826));
#14009=CARTESIAN_POINT('',(-6.971627669702,7.34,4.215148636593));
#14010=CARTESIAN_POINT('',(-6.913671631515,7.34,4.234924544079));
#14011=CARTESIAN_POINT('',(-6.971627669702,7.34,4.215148636593));
#14012=CARTESIAN_POINT('',(-7.047122350599,7.34,4.182308615948));
#14013=CARTESIAN_POINT('',(-7.047122350599,7.34,4.182308615948));
#14014=CARTESIAN_POINT('',(-7.115682929436,7.34,4.142884509476));
#14015=CARTESIAN_POINT('',(-7.115682929436,7.34,4.142884509476));
#14016=CARTESIAN_POINT('',(-7.177361436066,7.34,4.096918886142));
#14017=CARTESIAN_POINT('',(-7.177361436066,7.34,4.096918886142));
#14018=CARTESIAN_POINT('',(-7.23135377872,7.34,4.044407016911));
#14019=CARTESIAN_POINT('',(-7.23135377872,7.34,4.044407016911));
#14020=CARTESIAN_POINT('',(-7.277238992756,7.34,3.985358361062));
#14021=CARTESIAN_POINT('',(-7.277238992756,7.34,3.985358361062));
#14022=CARTESIAN_POINT('',(-7.31501234793,7.34,3.919843867807));
#14023=CARTESIAN_POINT('',(-7.31501234793,7.34,3.919843867807));
#14024=CARTESIAN_POINT('',(-7.34325013011,7.34,3.848591949058));
#14025=CARTESIAN_POINT('',(-7.34325013011,7.34,3.848591949058));
#14026=CARTESIAN_POINT('',(-7.360117120604,7.34,3.772647922868));
#14027=CARTESIAN_POINT('',(-7.360117120604,7.34,3.772647922868));
#14028=CARTESIAN_POINT('',(-7.365722107351,7.34,3.691912460978));
#14029=CARTESIAN_POINT('',(-7.365722107351,7.34,3.691912460978));
#14030=CARTESIAN_POINT('',(-7.354195227313,7.34,3.589073957443));
#14031=CARTESIAN_POINT('',(-7.354195227313,7.34,3.589073957443));
#14032=CARTESIAN_POINT('',(-7.319619315831,7.34,3.503040955268));
#14033=CARTESIAN_POINT('',(-7.319619315831,7.34,3.503040955268));
#14034=CARTESIAN_POINT('',(-7.261999103954,7.34,3.43381345365));
#14035=CARTESIAN_POINT('',(-7.261999103954,7.34,3.43381345365));
#14036=CARTESIAN_POINT('',(-7.185340856179,7.34,3.385137571046));
#14037=CARTESIAN_POINT('',(-7.185340856179,7.34,3.385137571046));
#14038=CARTESIAN_POINT('',(-7.093683947093,7.34,3.361085791721));
#14039=CARTESIAN_POINT('',(-7.093683947093,7.34,3.361085791721));
#14040=CARTESIAN_POINT('',(-6.987122975515,7.34,3.361544596295));
#14041=CARTESIAN_POINT('',(-6.987122975515,7.34,3.361544596295));
#14042=CARTESIAN_POINT('',(-6.893115282666,7.34,3.379419065317));
#14043=CARTESIAN_POINT('',(-6.893115282666,7.34,3.379419065317));
#14044=CARTESIAN_POINT('',(-6.801240795694,7.34,3.411904339884));
#14045=CARTESIAN_POINT('',(-6.801240795694,7.34,3.411904339884));
#14046=CARTESIAN_POINT('',(-6.711404916181,7.34,3.459066639786));
#14047=CARTESIAN_POINT('',(-6.711404916181,7.34,3.459066639786));
#14048=CARTESIAN_POINT('',(-6.629420748275,7.34,3.518120025476));
#14049=CARTESIAN_POINT('',(-6.629420748275,7.34,3.518120025476));
#14050=CARTESIAN_POINT('',(-6.56112031629,7.34,3.586273829187));
#14051=CARTESIAN_POINT('',(-6.56112031629,7.34,3.586273829187));
#14052=CARTESIAN_POINT('',(-6.506508350469,7.34,3.663513860604));
#14053=CARTESIAN_POINT('',(-6.506508350469,7.34,3.663513860604));
#14054=CARTESIAN_POINT('',(-6.466559219648,7.34,3.747938680848));
#14055=CARTESIAN_POINT('',(-6.466559219648,7.34,3.747938680848));
#14056=CARTESIAN_POINT('',(-6.442620958907,7.34,3.837178587201));
#14057=CARTESIAN_POINT('',(-6.442620958907,7.34,3.837178587201));
#14058=CARTESIAN_POINT('',(-6.434646268634,7.34,3.931299798629));
#14059=CARTESIAN_POINT('',(-6.434646268634,7.34,3.931299798629));
#14060=CARTESIAN_POINT('',(-6.440998587054,7.34,4.009935164332));
#14061=CARTESIAN_POINT('',(-6.440998587054,7.34,4.009935164332));
#14062=CARTESIAN_POINT('',(-6.460008243508,7.34,4.078216676551));
#14063=CARTESIAN_POINT('',(-6.460008243508,7.34,4.078216676551));
#14064=CARTESIAN_POINT('',(-6.491632667823,7.34,4.136158524818));
#14065=CARTESIAN_POINT('',(-6.491632667823,7.34,4.136158524818));
#14066=CARTESIAN_POINT('',(-6.532773744966,7.34,4.182843099976));
#14067=CARTESIAN_POINT('',(-6.532773744966,7.34,4.182843099976));
#14068=CARTESIAN_POINT('',(-6.579969154148,7.34,4.217868355949));
#14069=CARTESIAN_POINT('',(-6.579969154148,7.34,4.217868355949));
#14070=CARTESIAN_POINT('',(-6.633270924823,7.34,4.2412768629));
#14071=CARTESIAN_POINT('',(-6.633270924823,7.34,4.2412768629));
#14072=CARTESIAN_POINT('',(-6.68962351092,7.34,4.2547619411));
#14073=CARTESIAN_POINT('',(-6.68962351092,7.34,4.2547619411));
#14074=CARTESIAN_POINT('',(-6.746401792707,7.34,4.260333818564));
#14075=CARTESIAN_POINT('',(-6.746401792707,7.34,4.260333818564));
#14076=CARTESIAN_POINT('',(-6.803601039137,7.34,4.257945195272));
#14077=CARTESIAN_POINT('',(-6.803601039137,7.34,4.257945195272));
#14078=CARTESIAN_POINT('',(-6.857635951561,7.34,4.249218443485));
#14079=CARTESIAN_POINT('',(-6.857635951561,7.34,4.249218443485));
#14080=CARTESIAN_POINT('',(-6.913671631515,7.34,4.234924544079));
#14081=CARTESIAN_POINT('',(-7.350415999577,7.34,3.014934094527));
#14082=CARTESIAN_POINT('',(-6.450571999576,7.34,3.302793927227));
#14083=CARTESIAN_POINT('',(-7.350415999577,7.34,3.014934094527));
#14084=CARTESIAN_POINT('',(-7.350415999577,7.34,2.841865341094));
#14085=CARTESIAN_POINT('',(-7.350415999577,7.34,2.841865341094));
#14086=CARTESIAN_POINT('',(-6.748279581571,7.34,2.665234937407));
#14087=CARTESIAN_POINT('',(-6.748279581571,7.34,2.665234937407));
#14088=CARTESIAN_POINT('',(-7.350415999577,7.34,2.472295677261));
#14089=CARTESIAN_POINT('',(-7.350415999577,7.34,2.472295677261));
#14090=CARTESIAN_POINT('',(-7.350415999577,7.34,2.300489819365));
#14091=CARTESIAN_POINT('',(-7.350415999577,7.34,2.300489819365));
#14092=CARTESIAN_POINT('',(-6.450571999576,7.34,2.58836384199));
#14093=CARTESIAN_POINT('',(-6.450571999576,7.34,2.58836384199));
#14094=CARTESIAN_POINT('',(-6.450571999576,7.34,2.761006900135));
#14095=CARTESIAN_POINT('',(-6.450571999576,7.34,2.761006900135));
#14096=CARTESIAN_POINT('',(-7.055220019537,7.34,2.936743343878));
#14097=CARTESIAN_POINT('',(-7.055220019537,7.34,2.936743343878));
#14098=CARTESIAN_POINT('',(-6.450571999576,7.34,3.130373176404));
#14099=CARTESIAN_POINT('',(-6.450571999576,7.34,3.130373176404));
#14100=CARTESIAN_POINT('',(-6.450571999576,7.34,3.302793927227));
#14101=CARTESIAN_POINT('Origin',(-0.4249999971165,7.34,-4.050000000473));
#14102=CARTESIAN_POINT('',(-8.850155999467,7.34,6.085835818078));
#14103=CARTESIAN_POINT('',(-8.850155999467,7.34,4.410678197936));
#14104=CARTESIAN_POINT('',(-8.850155999467,7.34,6.085835818078));
#14105=CARTESIAN_POINT('',(-8.013890725163,7.34,5.246943472241));
#14106=CARTESIAN_POINT('',(-8.013890725163,7.34,5.246943472241));
#14107=CARTESIAN_POINT('',(-8.850155999467,7.34,4.410678197936));
#14108=CARTESIAN_POINT('Origin',(-0.4249999971165,7.34,-4.050000000473));
#14109=CARTESIAN_POINT('',(-6.595336751456,7.34,7.962794279438));
#14110=CARTESIAN_POINT('',(-7.201867290122,7.34,7.768719832262));
#14111=CARTESIAN_POINT('',(-6.595336751456,7.34,7.962794279438));
#14112=CARTESIAN_POINT('',(-6.595336751456,7.34,7.868923755179));
#14113=CARTESIAN_POINT('',(-6.595336751456,7.34,7.868923755179));
#14114=CARTESIAN_POINT('',(-6.596732085742,7.34,7.807013481543));
#14115=CARTESIAN_POINT('',(-6.596732085742,7.34,7.807013481543));
#14116=CARTESIAN_POINT('',(-6.60092281884,7.34,7.757353770014));
#14117=CARTESIAN_POINT('',(-6.60092281884,7.34,7.757353770014));
#14118=CARTESIAN_POINT('',(-6.607904220109,7.34,7.719797992326));
#14119=CARTESIAN_POINT('',(-6.607904220109,7.34,7.719797992326));
#14120=CARTESIAN_POINT('',(-6.618830397146,7.34,7.688996578738));
#14121=CARTESIAN_POINT('',(-6.618830397146,7.34,7.688996578738));
#14122=CARTESIAN_POINT('',(-6.634495981235,7.34,7.659287782816));
#14123=CARTESIAN_POINT('',(-6.634495981235,7.34,7.659287782816));
#14124=CARTESIAN_POINT('',(-6.655057059924,7.34,7.630766203778));
#14125=CARTESIAN_POINT('',(-6.655057059924,7.34,7.630766203778));
#14126=CARTESIAN_POINT('',(-6.691846586176,7.34,7.59216037779));
#14127=CARTESIAN_POINT('',(-6.691846586176,7.34,7.59216037779));
#14128=CARTESIAN_POINT('',(-6.735995909777,7.34,7.556605367631));
#14129=CARTESIAN_POINT('',(-6.735995909777,7.34,7.556605367631));
#14130=CARTESIAN_POINT('',(-6.787457730712,7.34,7.524044414008));
#14131=CARTESIAN_POINT('',(-6.787457730712,7.34,7.524044414008));
#14132=CARTESIAN_POINT('',(-6.846052311829,7.34,7.496724240971));
#14133=CARTESIAN_POINT('',(-6.846052311829,7.34,7.496724240971));
#14134=CARTESIAN_POINT('',(-6.91116002956,7.34,7.476962523406));
#14135=CARTESIAN_POINT('',(-6.91116002956,7.34,7.476962523406));
#14136=CARTESIAN_POINT('',(-6.982724125014,7.34,7.464811289956));
#14137=CARTESIAN_POINT('',(-6.982724125014,7.34,7.464811289956));
#14138=CARTESIAN_POINT('',(-7.041323435972,7.34,7.461713174922));
#14139=CARTESIAN_POINT('',(-7.041323435972,7.34,7.461713174922));
#14140=CARTESIAN_POINT('',(-7.089299286114,7.34,7.466693808661));
#14141=CARTESIAN_POINT('',(-7.089299286114,7.34,7.466693808661));
#14142=CARTESIAN_POINT('',(-7.126656406083,7.34,7.479800491587));
#14143=CARTESIAN_POINT('',(-7.126656406083,7.34,7.479800491587));
#14144=CARTESIAN_POINT('',(-7.155154335518,7.34,7.498918936379));
#14145=CARTESIAN_POINT('',(-7.155154335518,7.34,7.498918936379));
#14146=CARTESIAN_POINT('',(-7.176524235414,7.34,7.521991617025));
#14147=CARTESIAN_POINT('',(-7.176524235414,7.34,7.521991617025));
#14148=CARTESIAN_POINT('',(-7.190770835211,7.34,7.5491320517));
#14149=CARTESIAN_POINT('',(-7.190770835211,7.34,7.5491320517));
#14150=CARTESIAN_POINT('',(-7.196905576147,7.34,7.575194058636));
#14151=CARTESIAN_POINT('',(-7.196905576147,7.34,7.575194058636));
#14152=CARTESIAN_POINT('',(-7.200623314348,7.34,7.612650507266));
#14153=CARTESIAN_POINT('',(-7.200623314348,7.34,7.612650507266));
#14154=CARTESIAN_POINT('',(-7.201867290122,7.34,7.661458828621));
#14155=CARTESIAN_POINT('',(-7.201867290122,7.34,7.661458828621));
#14156=CARTESIAN_POINT('',(-7.201867290122,7.34,7.768719832262));
#14157=CARTESIAN_POINT('Origin',(-0.4249999971165,7.34,-4.050000000473));
#14158=CARTESIAN_POINT('',(-6.807157959145,7.34,4.074650296865));
#14159=CARTESIAN_POINT('',(-6.905148267289,7.34,4.054250035966));
#14160=CARTESIAN_POINT('',(-6.807157959145,7.34,4.074650296865));
#14161=CARTESIAN_POINT('',(-6.748705276859,7.34,4.074863144106));
#14162=CARTESIAN_POINT('',(-6.748705276859,7.34,4.074863144106));
#14163=CARTESIAN_POINT('',(-6.696954928823,7.34,4.061770651508));
#14164=CARTESIAN_POINT('',(-6.696954928823,7.34,4.061770651508));
#14165=CARTESIAN_POINT('',(-6.65191164528,7.34,4.035358628742));
#14166=CARTESIAN_POINT('',(-6.65191164528,7.34,4.035358628742));
#14167=CARTESIAN_POINT('',(-6.617137076481,7.34,3.997594733244));
#14168=CARTESIAN_POINT('',(-6.617137076481,7.34,3.997594733244));
#14169=CARTESIAN_POINT('',(-6.596240171481,7.34,3.950418243827));
#14170=CARTESIAN_POINT('',(-6.596240171481,7.34,3.950418243827));
#14171=CARTESIAN_POINT('',(-6.589263499652,7.34,3.893777130627));
#14172=CARTESIAN_POINT('',(-6.589263499652,7.34,3.893777130627));
#14173=CARTESIAN_POINT('',(-6.594773887981,7.34,3.843923491624));
#14174=CARTESIAN_POINT('',(-6.594773887981,7.34,3.843923491624));
#14175=CARTESIAN_POINT('',(-6.611271942078,7.34,3.794117151423));
#14176=CARTESIAN_POINT('',(-6.611271942078,7.34,3.794117151423));
#14177=CARTESIAN_POINT('',(-6.638705633695,7.34,3.744353381397));
#14178=CARTESIAN_POINT('',(-6.638705633695,7.34,3.744353381397));
#14179=CARTESIAN_POINT('',(-6.677268889911,7.34,3.696670787391));
#14180=CARTESIAN_POINT('',(-6.677268889911,7.34,3.696670787391));
#14181=CARTESIAN_POINT('',(-6.727188748693,7.34,3.653079597827));
#14182=CARTESIAN_POINT('',(-6.727188748693,7.34,3.653079597827));
#14183=CARTESIAN_POINT('',(-6.788517239091,7.34,3.613480483238));
#14184=CARTESIAN_POINT('',(-6.788517239091,7.34,3.613480483238));
#14185=CARTESIAN_POINT('',(-6.854793253539,7.34,3.581108727251));
#14186=CARTESIAN_POINT('',(-6.854793253539,7.34,3.581108727251));
#14187=CARTESIAN_POINT('',(-6.91995300072,7.34,3.558825947648));
#14188=CARTESIAN_POINT('',(-6.91995300072,7.34,3.558825947648));
#14189=CARTESIAN_POINT('',(-6.983991750391,7.34,3.546684174284));
#14190=CARTESIAN_POINT('',(-6.983991750391,7.34,3.546684174284));
#14191=CARTESIAN_POINT('',(-7.049700171526,7.34,3.545719265127));
#14192=CARTESIAN_POINT('',(-7.049700171526,7.34,3.545719265127));
#14193=CARTESIAN_POINT('',(-7.105220287214,7.34,3.558546881034));
#14194=CARTESIAN_POINT('',(-7.105220287214,7.34,3.558546881034));
#14195=CARTESIAN_POINT('',(-7.150547367616,7.34,3.585119721993));
#14196=CARTESIAN_POINT('',(-7.150547367616,7.34,3.585119721993));
#14197=CARTESIAN_POINT('',(-7.184215128828,7.34,3.622949836458));
#14198=CARTESIAN_POINT('',(-7.184215128828,7.34,3.622949836458));
#14199=CARTESIAN_POINT('',(-7.204388351758,7.34,3.66920871633));
#14200=CARTESIAN_POINT('',(-7.204388351758,7.34,3.66920871633));
#14201=CARTESIAN_POINT('',(-7.211104876334,7.34,3.724000420107));
#14202=CARTESIAN_POINT('',(-7.211104876334,7.34,3.724000420107));
#14203=CARTESIAN_POINT('',(-7.197056934257,7.34,3.81027464977));
#14204=CARTESIAN_POINT('',(-7.197056934257,7.34,3.81027464977));
#14205=CARTESIAN_POINT('',(-7.154884728583,7.34,3.888512700032));
#14206=CARTESIAN_POINT('',(-7.154884728583,7.34,3.888512700032));
#14207=CARTESIAN_POINT('',(-7.084550419783,7.34,3.958709840647));
#14208=CARTESIAN_POINT('',(-7.084550419783,7.34,3.958709840647));
#14209=CARTESIAN_POINT('',(-6.997595077417,7.34,4.015568530926));
#14210=CARTESIAN_POINT('',(-6.997595077417,7.34,4.015568530926));
#14211=CARTESIAN_POINT('',(-6.905148267289,7.34,4.054250035966));
#14212=CARTESIAN_POINT('Origin',(3.04578471877,-7.899650772845,1.));
#14213=CARTESIAN_POINT('',(3.65,-7.9,1.));
#14214=CARTESIAN_POINT('',(3.65,7.34,1.));
#14215=CARTESIAN_POINT('',(2.45,-7.9,1.));
#14216=CARTESIAN_POINT('',(3.65,-7.9,1.));
#14217=CARTESIAN_POINT('',(2.45,-0.28,1.));
#14218=CARTESIAN_POINT('',(2.45,-7.9,1.));
#14219=CARTESIAN_POINT('',(2.45,-0.28,1.));
#14220=CARTESIAN_POINT('Origin',(3.65,-23.7444,1.1));
#14221=CARTESIAN_POINT('',(3.75,-7.9,1.1));
#14222=CARTESIAN_POINT('',(3.75,7.34,1.1));
#14223=CARTESIAN_POINT('Origin',(3.65,-7.9,1.1));
#14224=CARTESIAN_POINT('Origin',(3.75,-7.9,5.55));
#14225=CARTESIAN_POINT('',(3.75,-7.9,10.));
#14226=CARTESIAN_POINT('',(3.75,7.34,10.));
#14227=CARTESIAN_POINT('',(3.75,-7.9,1.1));
#14228=CARTESIAN_POINT('Origin',(-0.958045018441,-7.9,10.));
#14229=CARTESIAN_POINT('',(-5.666090036882,-7.9,10.));
#14230=CARTESIAN_POINT('',(-5.666090036882,-7.9,10.));
#14231=CARTESIAN_POINT('',(3.75,-7.9,10.));
#14232=CARTESIAN_POINT('',(-5.1499999129165,-2.22,9.9999999999999));
#14233=CARTESIAN_POINT('',(1.75000000316,-2.22,10.));
#14234=CARTESIAN_POINT('',(-5.149999912563,-2.22,10.));
#14235=CARTESIAN_POINT('',(-5.14999964647012,1.66,9.99999999999992));
#14236=CARTESIAN_POINT('',(-5.149999645987,1.66,10.));
#14237=CARTESIAN_POINT('',(1.75000000316,1.66,10.));
#14238=CARTESIAN_POINT('',(1.75000000316,1.66,10.));
#14239=CARTESIAN_POINT('',(1.75000000316,-2.22,10.));
#14240=CARTESIAN_POINT('',(-5.14999989768923,-6.91000000000101,9.99999999999987));
#14241=CARTESIAN_POINT('',(1.75000000316,-6.910000000002,10.));
#14242=CARTESIAN_POINT('',(-5.149999897274,-6.910000000001,10.));
#14243=CARTESIAN_POINT('',(-5.14999957160644,-3.42,9.99999999999994));
#14244=CARTESIAN_POINT('',(-5.14999957102,-3.42,10.));
#14245=CARTESIAN_POINT('',(1.75000000316,-3.42,10.));
#14246=CARTESIAN_POINT('',(1.75000000316,-3.42,10.));
#14247=CARTESIAN_POINT('',(1.75000000316,-6.910000000002,10.));
#14248=CARTESIAN_POINT('',(-5.14999997164453,2.86,10.));
#14249=CARTESIAN_POINT('',(1.75000000316,2.86,10.));
#14250=CARTESIAN_POINT('',(-5.149999971311,2.86,10.));
#14251=CARTESIAN_POINT('',(-5.14999994084026,6.35000000000111,9.9999999999999));
#14252=CARTESIAN_POINT('',(-5.14999994012,6.350000000001,10.));
#14253=CARTESIAN_POINT('',(1.75000000316,6.350000000001,10.));
#14254=CARTESIAN_POINT('',(1.75000000316,6.350000000001,10.));
#14255=CARTESIAN_POINT('',(1.75000000316,2.86,10.));
#14256=CARTESIAN_POINT('Origin',(-1.699999969995,2.86,9.75));
#14257=CARTESIAN_POINT('',(-4.614810493322,2.86,9.500000000001));
#14258=CARTESIAN_POINT('',(-5.14999996901138,2.85999999999991,9.70000001356621));
#14259=CARTESIAN_POINT('',(-4.614810493322,2.86,9.500000000001));
#14260=CARTESIAN_POINT('',(-5.149999971311,2.86,10.));
#14261=CARTESIAN_POINT('',(1.429124538277,2.86,9.500000000001));
#14262=CARTESIAN_POINT('',(1.75000000316,2.86,10.));
#14263=CARTESIAN_POINT('',(1.429124538277,2.86,9.500000000001));
#14264=CARTESIAN_POINT('Origin',(-3.674999955701,4.58895623498,9.148793361645));
#14265=CARTESIAN_POINT('',(-2.199999999333,6.2,8.597586756149));
#14266=CARTESIAN_POINT('',(-5.14999992477676,6.31791246308285,9.69999998084574));
#14267=CARTESIAN_POINT('',(-2.199999999333,6.2,8.597586756149));
#14268=CARTESIAN_POINT('',(-5.1499999996524,5.23284271301122,9.69999999944471));
#14269=CARTESIAN_POINT('',(-5.15,4.59697811749,9.70000000000023));
#14270=CARTESIAN_POINT('',(-4.88240524662496,5.16179144263451,9.59999999998688));
#14271=CARTESIAN_POINT('Ctrl Pts',(-4.88240524662623,5.16179144263248,9.59999999998751));
#14272=CARTESIAN_POINT('Ctrl Pts',(-4.9130818605565,5.18448103661323,9.61146383234873));
#14273=CARTESIAN_POINT('Ctrl Pts',(-4.94789011836218,5.20272292058531,9.62447165756624));
#14274=CARTESIAN_POINT('Ctrl Pts',(-5.03183059767009,5.23285572582457,9.65584016470635));
#14275=CARTESIAN_POINT('Ctrl Pts',(-5.09635559900479,5.23993035510747,9.67995311928762));
#14276=CARTESIAN_POINT('Ctrl Pts',(-5.14999999996169,5.23284271247106,9.69999999998591));
#14277=CARTESIAN_POINT('',(-4.88240524668653,4.4382085573174,9.60000000000999));
#14278=CARTESIAN_POINT('Origin',(-5.15,4.8,9.70000000000023));
#14279=CARTESIAN_POINT('',(-5.14999999952739,4.36715728678557,9.69999999924482));
#14280=CARTESIAN_POINT('Ctrl Pts',(-5.15000000003352,4.36715728753074,9.70000000001275));
#14281=CARTESIAN_POINT('Ctrl Pts',(-5.09635559906427,4.36006964500085,9.67995311930985));
#14282=CARTESIAN_POINT('Ctrl Pts',(-5.03183059774192,4.36714427415488,9.65584016473319));
#14283=CARTESIAN_POINT('Ctrl Pts',(-4.94789011842927,4.39727707937818,9.62447165759132));
#14284=CARTESIAN_POINT('Ctrl Pts',(-4.91308186062086,4.41551896334346,9.61146383237278));
#14285=CARTESIAN_POINT('Ctrl Pts',(-4.88240524668701,4.43820855731816,9.60000000001023));
#14286=CARTESIAN_POINT('',(-5.15,4.59697811749,9.70000000000023));
#14287=CARTESIAN_POINT('',(-2.199999999333,3.4,8.597586756149));
#14288=CARTESIAN_POINT('',(-4.614810493322,2.86,9.500000000001));
#14289=CARTESIAN_POINT('',(-2.199999999333,3.4,8.597586756149));
#14290=CARTESIAN_POINT('Origin',(-1.699999969995,6.275,9.298793378074));
#14291=CARTESIAN_POINT('',(-5.149999840982,6.31791245822,9.699999926383));
#14292=CARTESIAN_POINT('',(0.8500000000001,6.199999999999,8.597586756149));
#14293=CARTESIAN_POINT('',(-2.199999999333,6.2,8.597586756149));
#14294=CARTESIAN_POINT('',(0.8500000000001,6.199999999999,8.597586756149));
#14295=CARTESIAN_POINT('Origin',(-5.15,4.605,9.849999991484));
#14296=CARTESIAN_POINT('',(-5.14999926738025,4.64999052081056,9.89999999987432));
#14297=CARTESIAN_POINT('Origin',(-5.1499999999982,4.65000000000274,9.60000000000423));
#14298=CARTESIAN_POINT('',(-5.1499991771329,4.95000998782444,9.8999999998601));
#14299=CARTESIAN_POINT('',(-5.149998352015,4.950009360137,9.899999999944));
#14300=CARTESIAN_POINT('Origin',(-5.1499999999982,4.94999999999286,9.59999999999493));
#14301=CARTESIAN_POINT('Ctrl Pts',(-5.15000000000359,4.35000000000237,9.60000000001364));
#14302=CARTESIAN_POINT('Ctrl Pts',(-4.70000000000277,4.34999999999698,9.60000000001094));
#14303=CARTESIAN_POINT('Ctrl Pts',(-4.70000000000277,4.7999999999978,9.59999999999699));
#14304=CARTESIAN_POINT('Ctrl Pts',(-4.70000000000277,5.24999999999862,9.59999999998304));
#14305=CARTESIAN_POINT('Ctrl Pts',(-5.15000000000359,5.24999999999323,9.59999999998573));
#14306=CARTESIAN_POINT('Ctrl Pts',(-5.15000000000179,4.35000000001177,9.89999052096218));
#14307=CARTESIAN_POINT('Ctrl Pts',(-4.70000000000108,4.35000000000639,9.89999052095948));
#14308=CARTESIAN_POINT('Ctrl Pts',(-4.70000000000108,4.8000000000071,9.89999052094553));
#14309=CARTESIAN_POINT('Ctrl Pts',(-4.70000000000108,5.25000000000781,9.89999052093158));
#14310=CARTESIAN_POINT('Ctrl Pts',(-5.15000000000179,5.25000000000243,9.89999052093427));
#14311=CARTESIAN_POINT('Ctrl Pts',(-5.1499999999982,4.64999052081056,9.89999999985485));
#14312=CARTESIAN_POINT('Ctrl Pts',(-4.99999052079987,4.64999052080876,9.89999999985395));
#14313=CARTESIAN_POINT('Ctrl Pts',(-4.99999052079987,4.8000000000071,9.8999999998493));
#14314=CARTESIAN_POINT('Ctrl Pts',(-4.99999052079987,4.95000947920544,9.89999999984465));
#14315=CARTESIAN_POINT('Ctrl Pts',(-5.1499999999982,4.95000947920364,9.89999999984554));
#14316=CARTESIAN_POINT('Origin',(-5.149999999998,4.800000000007,9.899999999812));
#14317=CARTESIAN_POINT('Origin',(-5.149999999999,4.799999999998,9.6));
#14318=CARTESIAN_POINT('Origin',(-5.15,4.8,9.601363159663));
#14319=CARTESIAN_POINT('Origin',(-5.074554915978,4.80000000001,9.9));
#14320=CARTESIAN_POINT('Origin',(1.30000000158,4.605,9.298793378075));
#14321=CARTESIAN_POINT('',(0.8500000000001,3.4,8.597586756149));
#14322=CARTESIAN_POINT('',(1.429124538277,2.86,9.500000000001));
#14323=CARTESIAN_POINT('',(0.8500000000001,3.4,8.597586756149));
#14324=CARTESIAN_POINT('Origin',(-1.592842977522,3.13,9.048793378075));
#14325=CARTESIAN_POINT('',(0.8500000000001,3.4,8.597586756149));
#14326=CARTESIAN_POINT('Origin',(-0.6749999996665,3.4,8.426581869809));
#14327=CARTESIAN_POINT('',(-2.199999999333,3.4,8.255576983469));
#14328=CARTESIAN_POINT('',(-2.199999999333,3.4,8.255576983469));
#14329=CARTESIAN_POINT('',(0.85,3.4,8.255576983469));
#14330=CARTESIAN_POINT('',(0.8500000000001,3.4,8.597586756149));
#14331=CARTESIAN_POINT('',(0.85,3.4,8.255576983469));
#14332=CARTESIAN_POINT('Origin',(-2.199999999333,4.8,8.426581869809));
#14333=CARTESIAN_POINT('',(-2.199999999333,6.2,8.255576983469));
#14334=CARTESIAN_POINT('',(-2.199999999333,6.2,8.255576983469));
#14335=CARTESIAN_POINT('',(-2.199999999333,3.4,8.255576983469));
#14336=CARTESIAN_POINT('Origin',(-0.6749999996665,6.2,8.426581869809));
#14337=CARTESIAN_POINT('',(0.85,6.2,8.255576983469));
#14338=CARTESIAN_POINT('',(0.85,6.2,8.255576983469));
#14339=CARTESIAN_POINT('',(-2.199999999333,6.2,8.255576983469));
#14340=CARTESIAN_POINT('Origin',(0.85,4.8,8.426581869809));
#14341=CARTESIAN_POINT('',(0.85,6.2,8.255576983469));
#14342=CARTESIAN_POINT('Origin',(-0.6749999996665,4.8,8.255576983469));
#14343=CARTESIAN_POINT('Origin',(-1.699999958947,-2.22,9.75));
#14344=CARTESIAN_POINT('',(-4.614810493321,-2.22,9.5));
#14345=CARTESIAN_POINT('',(-5.149999957838,-2.21999999999999,9.69999998730345));
#14346=CARTESIAN_POINT('',(-4.614810493321,-2.22,9.5));
#14347=CARTESIAN_POINT('',(-5.149999912563,-2.22,10.));
#14348=CARTESIAN_POINT('',(1.429124538276,-2.22,9.5));
#14349=CARTESIAN_POINT('',(1.75000000316,-2.22,10.));
#14350=CARTESIAN_POINT('',(-4.614810493321,-2.22,9.5));
#14351=CARTESIAN_POINT('Origin',(-3.674999955839,-0.28,9.148793361696));
#14352=CARTESIAN_POINT('',(-4.88240524670089,-0.641791442743158,9.60000000001499));
#14353=CARTESIAN_POINT('',(-4.88240524666266,0.0817914426621905,9.60000000000038));
#14354=CARTESIAN_POINT('Origin',(-5.15,-0.28,9.69999999999966));
#14355=CARTESIAN_POINT('',(-5.14999999969738,-0.712842712952489,9.69999999951863));
#14356=CARTESIAN_POINT('Ctrl Pts',(-5.15000000002122,-0.712842712477244,
9.70000000000759));
#14357=CARTESIAN_POINT('Ctrl Pts',(-5.096355599056,-0.719930355047507,9.67995311930619));
#14358=CARTESIAN_POINT('Ctrl Pts',(-5.03183059772824,-0.712855725848773,
9.6558401647275));
#14359=CARTESIAN_POINT('Ctrl Pts',(-4.94789011843217,-0.68272292062762,
9.62447165759183));
#14360=CARTESIAN_POINT('Ctrl Pts',(-4.91308186064242,-0.664481036673617,
9.61146383238027));
#14361=CARTESIAN_POINT('Ctrl Pts',(-4.88240524672065,-0.641791442712786,
9.60000000002223));
#14362=CARTESIAN_POINT('',(-5.15,-0.28,9.69999999999966));
#14363=CARTESIAN_POINT('',(-2.199999999333,-1.68,8.597586756149));
#14364=CARTESIAN_POINT('',(-4.614810493321,-2.22,9.5));
#14365=CARTESIAN_POINT('',(-2.199999999333,1.12,8.597586756149));
#14366=CARTESIAN_POINT('',(-2.199999999333,-1.68,8.597586756149));
#14367=CARTESIAN_POINT('',(-4.614810493321,1.66,9.5));
#14368=CARTESIAN_POINT('',(-2.199999999333,1.12,8.597586756149));
#14369=CARTESIAN_POINT('',(-5.14999851087965,1.66,9.69999911492477));
#14370=CARTESIAN_POINT('',(-5.149998510576,1.66,9.699999114487));
#14371=CARTESIAN_POINT('',(-5.14999934072852,0.152842914489483,9.69999936182325));
#14372=CARTESIAN_POINT('',(-5.149998510576,1.66,9.699999114487));
#14373=CARTESIAN_POINT('Ctrl Pts',(-4.88240524666383,0.0817914426602948,
9.600000000001));
#14374=CARTESIAN_POINT('Ctrl Pts',(-4.9130818605873,0.104481036630601,9.61146383235967));
#14375=CARTESIAN_POINT('Ctrl Pts',(-4.94789011838171,0.122722920593696,
9.62447165757297));
#14376=CARTESIAN_POINT('Ctrl Pts',(-5.03183059768044,0.152855725827561,
9.65584016470964));
#14377=CARTESIAN_POINT('Ctrl Pts',(-5.09635559901606,0.159930355108918,
9.67995311929127));
#14378=CARTESIAN_POINT('Ctrl Pts',(-5.14999999997342,0.152842712470903,
9.69999999998972));
#14379=CARTESIAN_POINT('Origin',(-5.15,-0.28,9.530478857275));
#14380=CARTESIAN_POINT('Origin',(-5.149999999996,-0.2800000000055,9.600000000004));
#14381=CARTESIAN_POINT('Ctrl Pts',(-5.14999999999615,-0.730000000001886,
9.60000000001368));
#14382=CARTESIAN_POINT('Ctrl Pts',(-4.69999999999879,-0.730000000002592,
9.60000000001895));
#14383=CARTESIAN_POINT('Ctrl Pts',(-4.6999999999995,-0.280000000005234,
9.60000000000966));
#14384=CARTESIAN_POINT('Ctrl Pts',(-4.69999999999879,0.169999999992124,
9.60000000000038));
#14385=CARTESIAN_POINT('Ctrl Pts',(-5.14999999999615,0.169999999991417,
9.59999999999511));
#14386=CARTESIAN_POINT('Ctrl Pts',(-5.14999999999966,-0.72999999999913,
9.9000000000083));
#14387=CARTESIAN_POINT('Ctrl Pts',(-4.69999999999887,-0.729999999999837,
9.90000000001356));
#14388=CARTESIAN_POINT('Ctrl Pts',(-4.69999999999958,-0.279999999999045,
9.90000000000428));
#14389=CARTESIAN_POINT('Ctrl Pts',(-4.69999999999887,0.170000000001747,
9.899999999995));
#14390=CARTESIAN_POINT('Ctrl Pts',(-5.14999999999966,0.170000000001041,
9.89999999998973));
#14391=CARTESIAN_POINT('Ctrl Pts',(-5.14999999999966,-0.430000000004514,
9.90000000000367));
#14392=CARTESIAN_POINT('Ctrl Pts',(-4.99999999999396,-0.430000000004749,
9.90000000000543));
#14393=CARTESIAN_POINT('Ctrl Pts',(-4.99999999999419,-0.279999999999045,
9.90000000000233));
#14394=CARTESIAN_POINT('Ctrl Pts',(-4.99999999999396,-0.12999999999334,
9.89999999999924));
#14395=CARTESIAN_POINT('Ctrl Pts',(-5.14999999999966,-0.129999999993576,
9.89999999999748));
#14396=CARTESIAN_POINT('',(-5.14999999841774,-0.129999963093108,9.89999999999874));
#14397=CARTESIAN_POINT('Origin',(-5.149999999997,-0.1300000000015,9.600000000004));
#14398=CARTESIAN_POINT('',(-5.1499999983807,-0.430000189545734,9.90000000000181));
#14399=CARTESIAN_POINT('Origin',(-5.150000000001,-0.2799999999994,9.9));
#14400=CARTESIAN_POINT('Origin',(-5.149999999995,-0.4300000000095,9.600000000011));
#14401=CARTESIAN_POINT('Origin',(-5.15,-0.28,9.849999730217));
#14402=CARTESIAN_POINT('',(-5.15,-0.2799999999995,9.9));
#14403=CARTESIAN_POINT('',(-5.149999645987,1.66,10.));
#14404=CARTESIAN_POINT('Origin',(-1.699999895546,1.66,9.75));
#14405=CARTESIAN_POINT('',(1.429124538276,1.66,9.500000000001));
#14406=CARTESIAN_POINT('',(1.429124538276,1.66,9.500000000001));
#14407=CARTESIAN_POINT('',(1.429124538276,1.66,9.500000000001));
#14408=CARTESIAN_POINT('Origin',(1.30000000158,-0.28,9.298793378075));
#14409=CARTESIAN_POINT('',(0.8500000000001,-1.68,8.597586756149));
#14410=CARTESIAN_POINT('',(0.8500000000002,1.12,8.597586756149));
#14411=CARTESIAN_POINT('',(0.8500000000001,-1.68,8.597586756149));
#14412=CARTESIAN_POINT('',(1.429124538276,-2.22,9.5));
#14413=CARTESIAN_POINT('',(0.8500000000002,1.12,8.597586756149));
#14414=CARTESIAN_POINT('Origin',(0.85,-0.28,8.426581869809));
#14415=CARTESIAN_POINT('',(0.85,1.12,8.255576983469));
#14416=CARTESIAN_POINT('',(0.85,-1.68,8.255576983469));
#14417=CARTESIAN_POINT('',(0.85,1.12,8.255576983469));
#14418=CARTESIAN_POINT('',(0.85,-1.68,8.255576983469));
#14419=CARTESIAN_POINT('',(0.85,1.12,8.255576983469));
#14420=CARTESIAN_POINT('Origin',(-0.6749999996665,-0.28,8.255576983469));
#14421=CARTESIAN_POINT('',(-2.199999999333,-1.68,8.255576983469));
#14422=CARTESIAN_POINT('',(-2.199999999333,1.12,8.255576983469));
#14423=CARTESIAN_POINT('',(-2.199999999333,-1.68,8.255576983469));
#14424=CARTESIAN_POINT('',(0.85,-1.68,8.255576983469));
#14425=CARTESIAN_POINT('',(-2.199999999333,1.12,8.255576983469));
#14426=CARTESIAN_POINT('Origin',(-2.199999999333,-0.28,8.426581869809));
#14427=CARTESIAN_POINT('',(-2.199999999333,-1.68,8.255576983469));
#14428=CARTESIAN_POINT('',(-2.199999999333,1.12,8.255576983469));
#14429=CARTESIAN_POINT('Origin',(-0.6749999996665,1.12,8.426581869809));
#14430=CARTESIAN_POINT('',(-2.199999999333,1.12,8.597586756149));
#14431=CARTESIAN_POINT('Origin',(-1.592842977522,1.39,9.048793378074));
#14432=CARTESIAN_POINT('Origin',(-0.6749999996665,-1.68,8.426581869809));
#14433=CARTESIAN_POINT('',(-2.199999999333,-1.68,8.597586756149));
#14434=CARTESIAN_POINT('Origin',(-1.592842977522,-1.95,9.048793378074));
#14435=CARTESIAN_POINT('Origin',(-5.074555322003,-0.279999999999,9.9));
#14436=CARTESIAN_POINT('Origin',(-1.699999958947,-6.835,9.298793378074));
#14437=CARTESIAN_POINT('',(0.8500000000001,-6.759999999999,8.597586756149));
#14438=CARTESIAN_POINT('',(1.75000000316,-6.910000000002,10.));
#14439=CARTESIAN_POINT('',(-2.199999999333,-6.759999999999,8.597586756149));
#14440=CARTESIAN_POINT('',(0.8500000000001,-6.759999999999,8.597586756149));
#14441=CARTESIAN_POINT('',(-5.14999995820943,-6.8779124576516,9.69999998973286));
#14442=CARTESIAN_POINT('',(-5.149999910905,-6.877912454869,9.69999995883));
#14443=CARTESIAN_POINT('',(-5.149999897274,-6.910000000001,10.));
#14444=CARTESIAN_POINT('Origin',(1.30000000158,-5.165,9.298793378075));
#14445=CARTESIAN_POINT('',(1.429124538276,-3.42,9.5));
#14446=CARTESIAN_POINT('',(1.429124538276,-3.42,9.5));
#14447=CARTESIAN_POINT('',(0.8500000000003,-3.96,8.597586756149));
#14448=CARTESIAN_POINT('',(0.8500000000003,-3.96,8.597586756149));
#14449=CARTESIAN_POINT('',(0.8500000000001,-6.759999999999,8.597586756149));
#14450=CARTESIAN_POINT('Origin',(0.85,-5.36,8.426581869809));
#14451=CARTESIAN_POINT('',(0.85,-6.76,8.255576983469));
#14452=CARTESIAN_POINT('',(0.8500000000001,-6.759999999999,8.597586756149));
#14453=CARTESIAN_POINT('',(0.85,-3.96,8.255576983469));
#14454=CARTESIAN_POINT('',(0.85,-3.96,8.255576983469));
#14455=CARTESIAN_POINT('',(0.85,-3.96,8.255576983469));
#14456=CARTESIAN_POINT('Origin',(-0.6749999996665,-6.76,8.426581869809));
#14457=CARTESIAN_POINT('',(-2.199999999333,-6.76,8.255576983469));
#14458=CARTESIAN_POINT('',(-2.199999999333,-6.76,8.255576983469));
#14459=CARTESIAN_POINT('',(0.85,-6.76,8.255576983469));
#14460=CARTESIAN_POINT('Origin',(-2.199999999333,-5.36,8.426581869809));
#14461=CARTESIAN_POINT('',(-2.199999999333,-3.96,8.255576983469));
#14462=CARTESIAN_POINT('',(-2.199999999333,-3.96,8.597586756149));
#14463=CARTESIAN_POINT('',(-2.199999999333,-3.96,8.255576983469));
#14464=CARTESIAN_POINT('',(-2.199999999333,-6.759999999999,8.597586756149));
#14465=CARTESIAN_POINT('',(-2.199999999333,-6.76,8.255576983469));
#14466=CARTESIAN_POINT('Origin',(-0.6749999996665,-3.96,8.426581869809));
#14467=CARTESIAN_POINT('',(-2.199999999333,-3.96,8.597586756149));
#14468=CARTESIAN_POINT('',(-2.199999999333,-3.96,8.255576983469));
#14469=CARTESIAN_POINT('Origin',(-0.6749999996665,-5.36,8.255576983469));
#14470=CARTESIAN_POINT('Origin',(-1.592842977522,-3.69,9.048793378074));
#14471=CARTESIAN_POINT('',(-4.614810493321,-3.42,9.5));
#14472=CARTESIAN_POINT('',(-2.199999999333,-3.96,8.597586756149));
#14473=CARTESIAN_POINT('',(1.429124538276,-3.42,9.5));
#14474=CARTESIAN_POINT('Origin',(-3.674999937977,-5.14895623138,9.148793355021));
#14475=CARTESIAN_POINT('',(-5.14999824398951,-3.42,9.69999889802857));
#14476=CARTESIAN_POINT('',(-5.149998243622,-3.42,9.699998897499));
#14477=CARTESIAN_POINT('',(-5.1499992304617,-4.92715703911424,9.69999928372129));
#14478=CARTESIAN_POINT('',(-5.149998243622,-3.42,9.699998897499));
#14479=CARTESIAN_POINT('',(-4.88240501972051,-4.99820872520454,9.59999994372919));
#14480=CARTESIAN_POINT('Ctrl Pts',(-4.88240502604647,-4.99820872053354,
9.59999991755626));
#14481=CARTESIAN_POINT('Ctrl Pts',(-4.91308169485712,-4.97551905310629,
9.61146377042623));
#14482=CARTESIAN_POINT('Ctrl Pts',(-4.94789004009068,-4.95727710752075,
9.62447162831549));
#14483=CARTESIAN_POINT('Ctrl Pts',(-5.03183059771731,-4.92714427417608,
9.65584016472324));
#14484=CARTESIAN_POINT('Ctrl Pts',(-5.0963555990517,-4.92006964489975,9.67995311930439));
#14485=CARTESIAN_POINT('Ctrl Pts',(-5.1500000000072,-4.92715728754144,9.70000000000215));
#14486=CARTESIAN_POINT('',(-4.88240524666027,-5.72179144269929,9.59999999999898));
#14487=CARTESIAN_POINT('Origin',(-5.15,-5.36,9.69999999999946));
#14488=CARTESIAN_POINT('',(-5.14999999970359,-5.79284271293781,9.69999999951971));
#14489=CARTESIAN_POINT('Ctrl Pts',(-5.1500000000074,-5.79284271246559,9.70000000000223));
#14490=CARTESIAN_POINT('Ctrl Pts',(-5.09592880389874,-5.7999867443585,9.67979362620984));
#14491=CARTESIAN_POINT('Ctrl Pts',(-5.03090237145868,-5.79273289459514,
9.65549328712305));
#14492=CARTESIAN_POINT('Ctrl Pts',(-4.94703758996998,-5.76228093184102,
9.62415306821293));
#14493=CARTESIAN_POINT('Ctrl Pts',(-4.91274815950059,-5.74423421856548,
9.61133912846209));
#14494=CARTESIAN_POINT('Ctrl Pts',(-4.88240524668264,-5.72179144266455,
9.60000000000787));
#14495=CARTESIAN_POINT('',(-5.15,-5.15697811569,9.69999999999946));
#14496=CARTESIAN_POINT('Origin',(-5.15,-5.165,9.849999604946));
#14497=CARTESIAN_POINT('',(-5.14999973702845,-5.51001440558628,9.89999999976062));
#14498=CARTESIAN_POINT('Origin',(-5.150000000007,-5.509999999989,9.599999999999));
#14499=CARTESIAN_POINT('',(-5.14999955454547,-5.20998610639351,9.89999999973008));
#14500=CARTESIAN_POINT('',(-5.149998998105,-5.20998665076,9.899999999856));
#14501=CARTESIAN_POINT('Origin',(-5.150000000005,-5.210000000018,9.599999999999));
#14502=CARTESIAN_POINT('',(-5.14999957102,-3.42,10.));
#14503=CARTESIAN_POINT('Origin',(-1.699999862372,-3.42,9.75));
#14504=CARTESIAN_POINT('Ctrl Pts',(-5.15000000000731,-5.80999999999199,
9.59999991755637));
#14505=CARTESIAN_POINT('Ctrl Pts',(-4.70000000002062,-5.80999999999021,
9.59999991755631));
#14506=CARTESIAN_POINT('Ctrl Pts',(-4.70000000001884,-5.36000000000352,
9.59999991755627));
#14507=CARTESIAN_POINT('Ctrl Pts',(-4.70000000001721,-4.91000000002024,
9.59999991755623));
#14508=CARTESIAN_POINT('Ctrl Pts',(-5.1500000000005,-4.91000000001505,9.59999991755629));
#14509=CARTESIAN_POINT('Ctrl Pts',(-5.15000000000727,-5.81000008243064,
9.89998610669522));
#14510=CARTESIAN_POINT('Ctrl Pts',(-4.69999991758191,-5.81000008242885,
9.89998610669516));
#14511=CARTESIAN_POINT('Ctrl Pts',(-4.69999991758013,-5.3600000000035,9.89998610669512));
#14512=CARTESIAN_POINT('Ctrl Pts',(-4.69999991757851,-4.90999991758155,
9.89998610669508));
#14513=CARTESIAN_POINT('Ctrl Pts',(-5.15000000000046,-4.90999991757636,
9.89998610669514));
#14514=CARTESIAN_POINT('Ctrl Pts',(-5.15000000000727,-5.51001389361348,
9.89999999967998));
#14515=CARTESIAN_POINT('Ctrl Pts',(-4.99998610639788,-5.51001389361289,
9.89999999967996));
#14516=CARTESIAN_POINT('Ctrl Pts',(-4.99998610639729,-5.3600000000035,9.89999999967995));
#14517=CARTESIAN_POINT('Ctrl Pts',(-4.99998610639675,-5.20998610639524,
9.89999999967994));
#14518=CARTESIAN_POINT('Ctrl Pts',(-5.150000000005,-5.20998610639351,9.89999999967996));
#14519=CARTESIAN_POINT('Origin',(-5.150000000007,-5.360000000003,9.599999999999));
#14520=CARTESIAN_POINT('Origin',(-5.150000000007,-5.360000000003,9.899999999648));
#14521=CARTESIAN_POINT('Origin',(-5.15,-5.36,9.530515501868));
#14522=CARTESIAN_POINT('Origin',(-5.07455339725,-5.36,9.9));
#14523=CARTESIAN_POINT('Origin',(-5.666090036882,-23.136,9.9));
#14524=CARTESIAN_POINT('',(-5.764570812184,-7.9,9.917364817761));
#14525=CARTESIAN_POINT('',(-5.764570812184,-7.9,9.917364817765));
#14526=CARTESIAN_POINT('Origin',(-5.666090036882,-7.9,9.9));
#14527=CARTESIAN_POINT('Origin',(-5.786382484075,-7.9,9.793664679511));
#14528=CARTESIAN_POINT('',(-5.808194155967,-7.9,9.669964541255));
#14529=CARTESIAN_POINT('',(-5.808194155967,-7.9,9.669964541255));
#14530=CARTESIAN_POINT('',(-5.764570812184,-7.9,9.917364817765));
#14531=CARTESIAN_POINT('Origin',(-7.954097077983,-7.9,9.321548405808));
#14532=CARTESIAN_POINT('',(-10.2,-7.9,8.956895928451));
#14533=CARTESIAN_POINT('',(-10.2,-7.9,8.956895928451));
#14534=CARTESIAN_POINT('',(-5.808194155967,-7.9,9.669964541255));
#14535=CARTESIAN_POINT('Origin',(-10.27471460236,-7.9,9.121911283519));
#14536=CARTESIAN_POINT('',(-10.34942920471,-7.9,9.286926638586));
#14537=CARTESIAN_POINT('',(-10.34942920471,-7.9,9.286926638586));
#14538=CARTESIAN_POINT('',(-10.2,-7.9,8.956895928451));
#14539=CARTESIAN_POINT('Origin',(-10.79971460235,-7.9,9.247531770943));
#14540=CARTESIAN_POINT('',(-11.25,-7.9,9.208136903298));
#14541=CARTESIAN_POINT('',(-11.25,-7.9,9.208136903298));
#14542=CARTESIAN_POINT('',(-10.34942920471,-7.9,9.286926638586));
#14543=CARTESIAN_POINT('Origin',(-11.25,-7.9,5.404068451649));
#14544=CARTESIAN_POINT('',(-11.25,-7.9,1.6));
#14545=CARTESIAN_POINT('',(-11.25,7.34,1.6));
#14546=CARTESIAN_POINT('',(-11.25,-7.9,9.208136903298));
#14547=CARTESIAN_POINT('',(-11.25,-0.28,6.625));
#14548=CARTESIAN_POINT('Origin',(-11.25,-0.28,4.65));
#14549=CARTESIAN_POINT('',(-11.25,-5.36,6.625));
#14550=CARTESIAN_POINT('Origin',(-11.25,-5.36,4.65));
#14551=CARTESIAN_POINT('',(-11.25,4.8,6.625));
#14552=CARTESIAN_POINT('Origin',(-11.25,4.8,4.65));
#14553=CARTESIAN_POINT('Origin',(-11.09377029838,4.8,4.65));
#14554=CARTESIAN_POINT('',(-8.837446033077,4.8,6.625));
#14555=CARTESIAN_POINT('Origin',(-8.837446033077,4.8,4.65));
#14556=CARTESIAN_POINT('',(-11.09377029838,4.8,6.625));
#14557=CARTESIAN_POINT('Origin',(-8.837446033077,-12.98,6.805618522804));
#14558=CARTESIAN_POINT('',(-8.83744603307698,4.8,2.76045066034225));
#14559=CARTESIAN_POINT('Origin',(-8.837446033077,4.8,4.65));
#14560=CARTESIAN_POINT('Origin',(-9.13186258378,4.8,4.65));
#14561=CARTESIAN_POINT('',(-9.42627913448401,4.8,2.81222977920383));
#14562=CARTESIAN_POINT('',(-9.13186258378,4.8,2.786340219773));
#14563=CARTESIAN_POINT('',(-9.426279134484,6.593711064928,4.250000000001));
#14564=CARTESIAN_POINT('Origin',(-9.426279134484,4.8,4.65));
#14565=CARTESIAN_POINT('',(-8.900000000881,6.641097310842,4.25));
#14566=CARTESIAN_POINT('Ctrl Pts',(-9.426279134484,6.59371106492801,4.25));
#14567=CARTESIAN_POINT('Ctrl Pts',(-9.16657006382728,6.61710957912194,4.25));
#14568=CARTESIAN_POINT('Ctrl Pts',(-8.90000000088116,6.64109731084364,4.25));
#14569=CARTESIAN_POINT('',(-8.900000000881,6.641097310843,5.05));
#14570=CARTESIAN_POINT('Origin',(-8.900000000881,4.8,4.65));
#14571=CARTESIAN_POINT('',(-9.426279134484,6.593711064928,5.05));
#14572=CARTESIAN_POINT('Ctrl Pts',(-8.90000000088107,6.64109731084362,5.05));
#14573=CARTESIAN_POINT('Ctrl Pts',(-9.16657006385006,6.61710957911988,5.05));
#14574=CARTESIAN_POINT('Ctrl Pts',(-9.426279134484,6.59371106492801,5.05));
#14575=CARTESIAN_POINT('',(-9.426279134482,3.006288935071,5.05));
#14576=CARTESIAN_POINT('Origin',(-9.426279134484,4.8,4.65));
#14577=CARTESIAN_POINT('',(-8.900000000881,2.958902689158,5.05));
#14578=CARTESIAN_POINT('Ctrl Pts',(-9.42627913448193,3.0062889350718,5.05));
#14579=CARTESIAN_POINT('Ctrl Pts',(-9.166570063849,2.98289042088003,5.05));
#14580=CARTESIAN_POINT('Ctrl Pts',(-8.90000000088116,2.95890268915639,5.05));
#14581=CARTESIAN_POINT('',(-8.900000000881,2.958902689157,4.25));
#14582=CARTESIAN_POINT('Origin',(-8.900000000881,4.8,4.65));
#14583=CARTESIAN_POINT('',(-9.426279134482,3.006288935071,4.25));
#14584=CARTESIAN_POINT('Ctrl Pts',(-8.90000000088107,2.95890268915635,4.25));
#14585=CARTESIAN_POINT('Ctrl Pts',(-9.16657006382628,2.98289042087797,4.25));
#14586=CARTESIAN_POINT('Ctrl Pts',(-9.42627913448193,3.00628893507181,4.25));
#14587=CARTESIAN_POINT('Origin',(-9.426279134484,4.8,4.65));
#14588=CARTESIAN_POINT('Origin',(-9.400000000881,4.8,4.65));
#14589=CARTESIAN_POINT('',(-9.700000000881,6.286030072519,4.249999999973));
#14590=CARTESIAN_POINT('Ctrl Pts',(-9.700000000881,6.28603004988104,4.25));
#14591=CARTESIAN_POINT('Ctrl Pts',(-9.69999999816171,6.32467736588882,4.25));
#14592=CARTESIAN_POINT('Ctrl Pts',(-9.69118907243425,6.37020947752157,4.25));
#14593=CARTESIAN_POINT('Ctrl Pts',(-9.66232962428018,6.44104261796239,4.25));
#14594=CARTESIAN_POINT('Ctrl Pts',(-9.63746662468527,6.4790378912501,4.25));
#14595=CARTESIAN_POINT('Ctrl Pts',(-9.58484088325157,6.53247638559976,4.25));
#14596=CARTESIAN_POINT('Ctrl Pts',(-9.54797320410901,6.55756417317095,4.25));
#14597=CARTESIAN_POINT('Ctrl Pts',(-9.4876830982979,6.58288005141536,4.25));
#14598=CARTESIAN_POINT('Ctrl Pts',(-9.45618183978914,6.59101697776059,4.25));
#14599=CARTESIAN_POINT('Ctrl Pts',(-9.426279134484,6.593711064928,4.25));
#14600=CARTESIAN_POINT('',(-9.700000000881,3.313969927476,4.249999999973));
#14601=CARTESIAN_POINT('Ctrl Pts',(-9.700000000881,3.31396995011896,4.25));
#14602=CARTESIAN_POINT('Ctrl Pts',(-9.69999999816111,3.27532263411118,4.25));
#14603=CARTESIAN_POINT('Ctrl Pts',(-9.69118907243425,3.22979052247843,4.25));
#14604=CARTESIAN_POINT('Ctrl Pts',(-9.66232962428018,3.15895738203761,4.25));
#14605=CARTESIAN_POINT('Ctrl Pts',(-9.63746662468527,3.1209621087499,4.25));
#14606=CARTESIAN_POINT('Ctrl Pts',(-9.58484088325157,3.06752361440024,4.25));
#14607=CARTESIAN_POINT('Ctrl Pts',(-9.54797320410901,3.04243582682905,4.25));
#14608=CARTESIAN_POINT('Ctrl Pts',(-9.4876830982973,3.01711994858439,4.25));
#14609=CARTESIAN_POINT('Ctrl Pts',(-9.45618183978767,3.00898302223906,4.25));
#14610=CARTESIAN_POINT('Ctrl Pts',(-9.42627913448192,3.00628893507182,4.25));
#14611=CARTESIAN_POINT('Origin',(-9.700000000881,4.8,4.65));
#14612=CARTESIAN_POINT('Origin',(-9.300000000881,4.8,4.25));
#14613=CARTESIAN_POINT('',(-9.700000000881,6.286030072519,4.249999999973));
#14614=CARTESIAN_POINT('',(-8.900000000881,6.641097310842,4.25));
#14615=CARTESIAN_POINT('Origin',(-8.900000000881,4.8,4.65));
#14616=CARTESIAN_POINT('',(-8.900000000881,2.958902689158,5.05));
#14617=CARTESIAN_POINT('Origin',(-9.300000000881,4.8,5.05));
#14618=CARTESIAN_POINT('',(-9.700000000881,3.313969927498,5.050000000018));
#14619=CARTESIAN_POINT('Ctrl Pts',(-9.700000000881,3.31396995011896,5.05));
#14620=CARTESIAN_POINT('Ctrl Pts',(-9.69999999816375,3.27532263411118,5.05));
#14621=CARTESIAN_POINT('Ctrl Pts',(-9.69118907243425,3.22979052247843,5.05));
#14622=CARTESIAN_POINT('Ctrl Pts',(-9.66232962428018,3.15895738203761,5.05));
#14623=CARTESIAN_POINT('Ctrl Pts',(-9.63746662468527,3.1209621087499,5.05));
#14624=CARTESIAN_POINT('Ctrl Pts',(-9.58484088325157,3.06752361440024,5.05));
#14625=CARTESIAN_POINT('Ctrl Pts',(-9.54797320410901,3.04243582682905,5.05));
#14626=CARTESIAN_POINT('Ctrl Pts',(-9.4876830982973,3.01711994858439,5.05));
#14627=CARTESIAN_POINT('Ctrl Pts',(-9.45618183978767,3.00898302223906,5.05));
#14628=CARTESIAN_POINT('Ctrl Pts',(-9.42627913448192,3.00628893507182,5.05));
#14629=CARTESIAN_POINT('',(-9.700000000881,6.286030072513,5.050000000022));
#14630=CARTESIAN_POINT('',(-9.700000000881,6.286030072513,5.050000000022));
#14631=CARTESIAN_POINT('Ctrl Pts',(-9.426279134484,6.593711064928,5.05));
#14632=CARTESIAN_POINT('Ctrl Pts',(-9.45618183978914,6.59101697776059,5.05));
#14633=CARTESIAN_POINT('Ctrl Pts',(-9.4876830982979,6.58288005141536,5.05));
#14634=CARTESIAN_POINT('Ctrl Pts',(-9.54797320410901,6.55756417317095,5.05));
#14635=CARTESIAN_POINT('Ctrl Pts',(-9.58484088325157,6.53247638559976,5.05));
#14636=CARTESIAN_POINT('Ctrl Pts',(-9.63746662468527,6.4790378912501,5.05));
#14637=CARTESIAN_POINT('Ctrl Pts',(-9.66232962428018,6.44104261796239,5.05));
#14638=CARTESIAN_POINT('Ctrl Pts',(-9.69118907243425,6.37020947752157,5.05));
#14639=CARTESIAN_POINT('Ctrl Pts',(-9.700000000881,6.32467736588882,5.05));
#14640=CARTESIAN_POINT('Ctrl Pts',(-9.700000000881,6.28603004988104,5.05));
#14641=CARTESIAN_POINT('Origin',(-9.400000000881,4.8,4.65));
#14642=CARTESIAN_POINT('Origin',(-9.700000000881,4.8,4.65));
#14643=CARTESIAN_POINT('Origin',(-9.700000000881,4.8,5.61946172364));
#14644=CARTESIAN_POINT('Origin',(-9.700000000881,4.8,3.680538276358));
#14645=CARTESIAN_POINT('Origin',(-11.09377029838,-0.28,4.65));
#14646=CARTESIAN_POINT('',(-8.837446033077,-0.28,6.625));
#14647=CARTESIAN_POINT('Origin',(-8.837446033077,-0.28,4.65));
#14648=CARTESIAN_POINT('',(-11.09377029838,-0.28,6.625));
#14649=CARTESIAN_POINT('Origin',(-8.837446033077,-7.9,6.805618522804));
#14650=CARTESIAN_POINT('',(-8.837446033077,-0.28,2.760450660343));
#14651=CARTESIAN_POINT('Origin',(-8.837446033077,-0.28,4.65));
#14652=CARTESIAN_POINT('Origin',(-9.13186258378,-0.28,4.65));
#14653=CARTESIAN_POINT('',(-9.42627913448401,-0.28,2.81222977920383));
#14654=CARTESIAN_POINT('',(-9.13186258378,-0.28,2.786340219773));
#14655=CARTESIAN_POINT('',(-9.426279134484,1.513711064928,4.25));
#14656=CARTESIAN_POINT('Origin',(-9.426279134484,-0.28,4.65));
#14657=CARTESIAN_POINT('',(-8.900000000881,1.561097310843,4.25));
#14658=CARTESIAN_POINT('Ctrl Pts',(-9.426279134484,1.51371106492801,4.25));
#14659=CARTESIAN_POINT('Ctrl Pts',(-9.16657006382768,1.5371095791219,4.25));
#14660=CARTESIAN_POINT('Ctrl Pts',(-8.90000000088107,1.56109731084364,4.25));
#14661=CARTESIAN_POINT('',(-8.900000000881,1.561097310843,5.05));
#14662=CARTESIAN_POINT('Origin',(-8.900000000881,-0.28,4.65));
#14663=CARTESIAN_POINT('',(-9.426279134484,1.513711064928,5.05));
#14664=CARTESIAN_POINT('Ctrl Pts',(-8.90000000088107,1.56109731084361,5.05));
#14665=CARTESIAN_POINT('Ctrl Pts',(-9.16657006385449,1.53710957911948,5.05));
#14666=CARTESIAN_POINT('Ctrl Pts',(-9.426279134484,1.51371106492802,5.05));
#14667=CARTESIAN_POINT('',(-9.426279134484,-2.073711064928,5.05));
#14668=CARTESIAN_POINT('Origin',(-9.426279134484,-0.28,4.65));
#14669=CARTESIAN_POINT('',(-8.900000000881,-2.121097310843,5.05));
#14670=CARTESIAN_POINT('Ctrl Pts',(-9.426279134484,-2.07371106492802,5.05));
#14671=CARTESIAN_POINT('Ctrl Pts',(-9.16657006385449,-2.09710957911948,
5.05));
#14672=CARTESIAN_POINT('Ctrl Pts',(-8.90000000088107,-2.12109731084361,
5.05));
#14673=CARTESIAN_POINT('',(-8.900000000881,-2.121097310843,4.25));
#14674=CARTESIAN_POINT('Origin',(-8.900000000881,-0.28,4.65));
#14675=CARTESIAN_POINT('',(-9.426279134484,-2.073711064928,4.25));
#14676=CARTESIAN_POINT('Ctrl Pts',(-8.90000000088107,-2.12109731084364,
4.25));
#14677=CARTESIAN_POINT('Ctrl Pts',(-9.16657006382768,-2.0971095791219,4.25));
#14678=CARTESIAN_POINT('Ctrl Pts',(-9.426279134484,-2.07371106492801,4.25));
#14679=CARTESIAN_POINT('Origin',(-9.426279134484,-0.28,4.65));
#14680=CARTESIAN_POINT('Origin',(-9.400000000881,-0.28,4.65));
#14681=CARTESIAN_POINT('',(-9.700000000881,-1.766030072517,5.050000000017));
#14682=CARTESIAN_POINT('',(-9.700000000881,1.206030072513,5.050000000022));
#14683=CARTESIAN_POINT('Origin',(-9.700000000881,-0.28,4.65));
#14684=CARTESIAN_POINT('Ctrl Pts',(-9.700000000881,-1.76603004988104,5.05));
#14685=CARTESIAN_POINT('Ctrl Pts',(-9.69999999816195,-1.80467736588882,
5.05));
#14686=CARTESIAN_POINT('Ctrl Pts',(-9.69118907243425,-1.85020947752157,
5.05));
#14687=CARTESIAN_POINT('Ctrl Pts',(-9.66232962428018,-1.92104261796239,
5.05));
#14688=CARTESIAN_POINT('Ctrl Pts',(-9.63746662468527,-1.9590378912501,5.05));
#14689=CARTESIAN_POINT('Ctrl Pts',(-9.58484088325157,-2.01247638559976,
5.05));
#14690=CARTESIAN_POINT('Ctrl Pts',(-9.54797320410901,-2.03756417317095,
5.05));
#14691=CARTESIAN_POINT('Ctrl Pts',(-9.4876830982979,-2.06288005141536,5.05));
#14692=CARTESIAN_POINT('Ctrl Pts',(-9.45618183978914,-2.07101697776059,
5.05));
#14693=CARTESIAN_POINT('Ctrl Pts',(-9.426279134484,-2.073711064928,5.05));
#14694=CARTESIAN_POINT('Ctrl Pts',(-9.426279134484,1.513711064928,5.05));
#14695=CARTESIAN_POINT('Ctrl Pts',(-9.45618183978914,1.51101697776059,5.05));
#14696=CARTESIAN_POINT('Ctrl Pts',(-9.4876830982979,1.50288005141536,5.05));
#14697=CARTESIAN_POINT('Ctrl Pts',(-9.54797320410901,1.47756417317095,5.05));
#14698=CARTESIAN_POINT('Ctrl Pts',(-9.58484088325157,1.45247638559976,5.05));
#14699=CARTESIAN_POINT('Ctrl Pts',(-9.63746662468527,1.3990378912501,5.05));
#14700=CARTESIAN_POINT('Ctrl Pts',(-9.66232962428018,1.36104261796239,5.05));
#14701=CARTESIAN_POINT('Ctrl Pts',(-9.69118907243425,1.29020947752157,5.05));
#14702=CARTESIAN_POINT('Ctrl Pts',(-9.700000000881,1.24467736588882,5.05));
#14703=CARTESIAN_POINT('Ctrl Pts',(-9.700000000881,1.20603004988104,5.05));
#14704=CARTESIAN_POINT('Origin',(-9.700000000881,-0.280000000001,5.61946172364));
#14705=CARTESIAN_POINT('',(-9.700000000881,1.206030072513,5.050000000022));
#14706=CARTESIAN_POINT('Origin',(-9.300000000881,-0.28,5.05));
#14707=CARTESIAN_POINT('',(-8.900000000881,-2.121097310843,5.05));
#14708=CARTESIAN_POINT('Origin',(-8.900000000881,-0.28,4.65));
#14709=CARTESIAN_POINT('',(-8.900000000881,1.561097310843,4.25));
#14710=CARTESIAN_POINT('Origin',(-9.300000000881,-0.28,4.25));
#14711=CARTESIAN_POINT('',(-9.700000000881,1.206030072518,4.249999999944));
#14712=CARTESIAN_POINT('',(-9.700000000881,-1.766030072521,4.249999999973));
#14713=CARTESIAN_POINT('',(-9.700000000881,1.206030072518,4.249999999973));
#14714=CARTESIAN_POINT('Ctrl Pts',(-9.426279134484,-2.07371106492799,4.25));
#14715=CARTESIAN_POINT('Ctrl Pts',(-9.45618183978914,-2.07101697776059,
4.25));
#14716=CARTESIAN_POINT('Ctrl Pts',(-9.4876830982979,-2.06288005141536,4.25));
#14717=CARTESIAN_POINT('Ctrl Pts',(-9.54797320410901,-2.03756417317095,
4.25));
#14718=CARTESIAN_POINT('Ctrl Pts',(-9.58484088325157,-2.01247638559976,
4.25));
#14719=CARTESIAN_POINT('Ctrl Pts',(-9.63746662468527,-1.9590378912501,4.25));
#14720=CARTESIAN_POINT('Ctrl Pts',(-9.66232962428018,-1.92104261796239,
4.25));
#14721=CARTESIAN_POINT('Ctrl Pts',(-9.69118907243425,-1.85020947752157,
4.25));
#14722=CARTESIAN_POINT('Ctrl Pts',(-9.700000000881,-1.80467736588882,4.25));
#14723=CARTESIAN_POINT('Ctrl Pts',(-9.700000000881,-1.76603004988104,4.25));
#14724=CARTESIAN_POINT('Ctrl Pts',(-9.700000000881,1.20603004988104,4.25));
#14725=CARTESIAN_POINT('Ctrl Pts',(-9.69999999816183,1.24467736588882,4.25));
#14726=CARTESIAN_POINT('Ctrl Pts',(-9.69118907243425,1.29020947752157,4.25));
#14727=CARTESIAN_POINT('Ctrl Pts',(-9.66232962428018,1.36104261796239,4.25));
#14728=CARTESIAN_POINT('Ctrl Pts',(-9.63746662468527,1.3990378912501,4.25));
#14729=CARTESIAN_POINT('Ctrl Pts',(-9.58484088325157,1.45247638559976,4.25));
#14730=CARTESIAN_POINT('Ctrl Pts',(-9.54797320410901,1.47756417317095,4.25));
#14731=CARTESIAN_POINT('Ctrl Pts',(-9.4876830982979,1.50288005141536,4.25));
#14732=CARTESIAN_POINT('Ctrl Pts',(-9.45618183978914,1.51101697776059,4.25));
#14733=CARTESIAN_POINT('Ctrl Pts',(-9.426279134484,1.513711064928,4.25));
#14734=CARTESIAN_POINT('Origin',(-9.700000000881,-0.28,3.680538276359));
#14735=CARTESIAN_POINT('Origin',(-9.700000000881,-0.28,4.65));
#14736=CARTESIAN_POINT('Origin',(-9.400000000881,-0.28,4.65));
#14737=CARTESIAN_POINT('Origin',(-11.09377029838,-5.36,4.65));
#14738=CARTESIAN_POINT('',(-8.837446033077,-5.36,6.625));
#14739=CARTESIAN_POINT('Origin',(-8.837446033077,-5.36,4.65));
#14740=CARTESIAN_POINT('',(-11.09377029838,-5.36,6.625));
#14741=CARTESIAN_POINT('Origin',(-8.837446033077,-7.9,6.805618522804));
#14742=CARTESIAN_POINT('',(-8.83744603307698,-5.36,2.76045066034225));
#14743=CARTESIAN_POINT('Origin',(-8.837446033077,-5.36,4.65));
#14744=CARTESIAN_POINT('Origin',(-9.13186258378,-5.36,4.65));
#14745=CARTESIAN_POINT('',(-9.42627913448401,-5.36,2.81222977920383));
#14746=CARTESIAN_POINT('',(-9.13186258378,-5.36,2.786340219773));
#14747=CARTESIAN_POINT('',(-9.426279134484,-3.566288935072,4.25));
#14748=CARTESIAN_POINT('Origin',(-9.426279134484,-5.36,4.65));
#14749=CARTESIAN_POINT('',(-8.900000000881,-3.518902689157,4.25));
#14750=CARTESIAN_POINT('Ctrl Pts',(-9.426279134484,-3.56628893507198,4.25));
#14751=CARTESIAN_POINT('Ctrl Pts',(-9.16657006385615,-3.54289042088068,
4.25));
#14752=CARTESIAN_POINT('Ctrl Pts',(-8.90000000088106,-3.51890268915639,
4.25));
#14753=CARTESIAN_POINT('',(-8.900000000881,-3.518902689157,5.05));
#14754=CARTESIAN_POINT('Origin',(-8.900000000881,-5.36,4.65));
#14755=CARTESIAN_POINT('',(-9.426279134484,-3.566288935072,5.05));
#14756=CARTESIAN_POINT('Ctrl Pts',(-8.90000000088107,-3.51890268915639,
5.05));
#14757=CARTESIAN_POINT('Ctrl Pts',(-9.16657006385481,-3.54289042088055,
5.05));
#14758=CARTESIAN_POINT('Ctrl Pts',(-9.426279134484,-3.56628893507198,5.05));
#14759=CARTESIAN_POINT('',(-9.426279134484,-7.153711064928,5.05));
#14760=CARTESIAN_POINT('Origin',(-9.426279134484,-5.36,4.65));
#14761=CARTESIAN_POINT('',(-8.900000000881,-7.201097310843,5.05));
#14762=CARTESIAN_POINT('Ctrl Pts',(-9.426279134484,-7.15371106492802,5.05));
#14763=CARTESIAN_POINT('Ctrl Pts',(-9.16657006385481,-7.17710957911945,
5.05));
#14764=CARTESIAN_POINT('Ctrl Pts',(-8.90000000088107,-7.20109731084361,
5.05));
#14765=CARTESIAN_POINT('',(-8.900000000881,-7.201097310843,4.25));
#14766=CARTESIAN_POINT('Origin',(-8.900000000881,-5.36,4.65));
#14767=CARTESIAN_POINT('',(-9.426279134482,-7.153711064929,4.25));
#14768=CARTESIAN_POINT('Ctrl Pts',(-8.90000000088106,-7.20109731084361,
4.25));
#14769=CARTESIAN_POINT('Ctrl Pts',(-9.16657006385493,-7.17710957911943,
4.25));
#14770=CARTESIAN_POINT('Ctrl Pts',(-9.42627913448193,-7.1537110649282,4.25));
#14771=CARTESIAN_POINT('Origin',(-9.426279134484,-5.36,4.65));
#14772=CARTESIAN_POINT('Origin',(-9.400000000881,-5.36,4.65));
#14773=CARTESIAN_POINT('',(-9.700000000881,-3.873969927475,4.249999999985));
#14774=CARTESIAN_POINT('Ctrl Pts',(-9.700000000881,-3.87396995011896,4.25));
#14775=CARTESIAN_POINT('Ctrl Pts',(-9.69999999816099,-3.83532263411118,
4.25));
#14776=CARTESIAN_POINT('Ctrl Pts',(-9.69118907243425,-3.78979052247843,
4.25));
#14777=CARTESIAN_POINT('Ctrl Pts',(-9.66232962428018,-3.71895738203761,
4.25));
#14778=CARTESIAN_POINT('Ctrl Pts',(-9.63746662468527,-3.6809621087499,4.25));
#14779=CARTESIAN_POINT('Ctrl Pts',(-9.58484088325157,-3.62752361440024,
4.25));
#14780=CARTESIAN_POINT('Ctrl Pts',(-9.54797320410901,-3.60243582682905,
4.25));
#14781=CARTESIAN_POINT('Ctrl Pts',(-9.4876830982979,-3.57711994858464,4.25));
#14782=CARTESIAN_POINT('Ctrl Pts',(-9.45618183978914,-3.56898302223941,
4.25));
#14783=CARTESIAN_POINT('Ctrl Pts',(-9.426279134484,-3.566288935072,4.25));
#14784=CARTESIAN_POINT('',(-9.700000000881,-6.846030072528,4.249999999985));
#14785=CARTESIAN_POINT('Ctrl Pts',(-9.700000000881,-6.84603004988104,4.25));
#14786=CARTESIAN_POINT('Ctrl Pts',(-9.69999999816062,-6.88467736588882,
4.25));
#14787=CARTESIAN_POINT('Ctrl Pts',(-9.69118907243425,-6.93020947752157,
4.25));
#14788=CARTESIAN_POINT('Ctrl Pts',(-9.66232962428018,-7.00104261796239,
4.25));
#14789=CARTESIAN_POINT('Ctrl Pts',(-9.63746662468527,-7.03903789125011,
4.25));
#14790=CARTESIAN_POINT('Ctrl Pts',(-9.58484088325157,-7.09247638559976,
4.25));
#14791=CARTESIAN_POINT('Ctrl Pts',(-9.54797320410901,-7.11756417317095,
4.25));
#14792=CARTESIAN_POINT('Ctrl Pts',(-9.4876830982973,-7.14288005141561,4.25));
#14793=CARTESIAN_POINT('Ctrl Pts',(-9.45618183978767,-7.15101697776094,
4.25));
#14794=CARTESIAN_POINT('Ctrl Pts',(-9.42627913448192,-7.15371106492818,
4.25));
#14795=CARTESIAN_POINT('Origin',(-9.700000000881,-5.36,4.65));
#14796=CARTESIAN_POINT('Origin',(-9.300000000881,-5.36,4.25));
#14797=CARTESIAN_POINT('',(-9.700000000881,-3.873969927475,4.249999999985));
#14798=CARTESIAN_POINT('',(-8.900000000881,-3.518902689157,4.25));
#14799=CARTESIAN_POINT('Origin',(-8.900000000881,-5.36,4.65));
#14800=CARTESIAN_POINT('',(-8.900000000881,-7.201097310842,5.05));
#14801=CARTESIAN_POINT('Origin',(-9.300000000881,-5.36,5.05));
#14802=CARTESIAN_POINT('',(-9.700000000881,-6.846030072527,5.050000000022));
#14803=CARTESIAN_POINT('Ctrl Pts',(-9.700000000881,-6.84603004988104,5.05));
#14804=CARTESIAN_POINT('Ctrl Pts',(-9.69999999816075,-6.88467736588882,
5.05));
#14805=CARTESIAN_POINT('Ctrl Pts',(-9.69118907243425,-6.93020947752157,
5.05));
#14806=CARTESIAN_POINT('Ctrl Pts',(-9.66232962428018,-7.00104261796239,
5.05));
#14807=CARTESIAN_POINT('Ctrl Pts',(-9.63746662468527,-7.03903789125011,
5.05));
#14808=CARTESIAN_POINT('Ctrl Pts',(-9.58484088325157,-7.09247638559976,
5.05));
#14809=CARTESIAN_POINT('Ctrl Pts',(-9.54797320410901,-7.11756417317095,
5.05));
#14810=CARTESIAN_POINT('Ctrl Pts',(-9.4876830982979,-7.14288005141536,5.05));
#14811=CARTESIAN_POINT('Ctrl Pts',(-9.45618183978914,-7.15101697776059,
5.05));
#14812=CARTESIAN_POINT('Ctrl Pts',(-9.426279134484,-7.153711064928,5.05));
#14813=CARTESIAN_POINT('',(-9.700000000881,-3.873969927476,5.050000000012));
#14814=CARTESIAN_POINT('',(-9.700000000881,-3.873969927476,5.050000000012));
#14815=CARTESIAN_POINT('Ctrl Pts',(-9.426279134484,-3.566288935072,5.05));
#14816=CARTESIAN_POINT('Ctrl Pts',(-9.45618183978914,-3.56898302223941,
5.05));
#14817=CARTESIAN_POINT('Ctrl Pts',(-9.4876830982979,-3.57711994858464,5.05));
#14818=CARTESIAN_POINT('Ctrl Pts',(-9.54797320410901,-3.60243582682905,
5.05));
#14819=CARTESIAN_POINT('Ctrl Pts',(-9.58484088325157,-3.62752361440024,
5.05));
#14820=CARTESIAN_POINT('Ctrl Pts',(-9.63746662468527,-3.6809621087499,5.05));
#14821=CARTESIAN_POINT('Ctrl Pts',(-9.66232962428018,-3.71895738203761,
5.05));
#14822=CARTESIAN_POINT('Ctrl Pts',(-9.69118907243425,-3.78979052247843,
5.05));
#14823=CARTESIAN_POINT('Ctrl Pts',(-9.700000000881,-3.83532263411118,5.05));
#14824=CARTESIAN_POINT('Ctrl Pts',(-9.700000000881,-3.87396995011896,5.05));
#14825=CARTESIAN_POINT('Origin',(-9.400000000881,-5.36,4.65));
#14826=CARTESIAN_POINT('Origin',(-9.700000000881,-5.36,4.65));
#14827=CARTESIAN_POINT('Origin',(-9.700000000881,-5.36,5.619461723634));
#14828=CARTESIAN_POINT('Origin',(-9.700000000881,-5.36,3.680538276364));
#14829=CARTESIAN_POINT('Origin',(-10.75,-24.0668,1.6));
#14830=CARTESIAN_POINT('',(-10.75,-7.9,1.1));
#14831=CARTESIAN_POINT('',(-10.75,-7.9,1.1));
#14832=CARTESIAN_POINT('Origin',(-10.75,-7.9,1.6));
#14833=CARTESIAN_POINT('Origin',(-9.6,-7.9,1.1));
#14834=CARTESIAN_POINT('',(-8.45,-7.9,1.1));
#14835=CARTESIAN_POINT('',(-8.45,-7.9,1.1));
#14836=CARTESIAN_POINT('',(-10.75,-7.9,1.1));
#14837=CARTESIAN_POINT('Origin',(-7.7,-7.9,0.9500000000001));
#14838=CARTESIAN_POINT('',(-6.95,-7.9,0.8000000000002));
#14839=CARTESIAN_POINT('',(-6.95,-7.9,0.8000000000002));
#14840=CARTESIAN_POINT('',(-8.45,-7.9,1.1));
#14841=CARTESIAN_POINT('',(-7.44999991152194,-3.24583432065471,0.899999984135089));
#14842=CARTESIAN_POINT('',(-7.45000416169776,-3.9941685194818,0.900000830848344));
#14843=CARTESIAN_POINT('Ctrl Pts',(-7.44999991166985,-3.24583432033686,
0.89999998233409));
#14844=CARTESIAN_POINT('Ctrl Pts',(-7.42511634776184,-3.26246035966852,
0.895023269552491));
#14845=CARTESIAN_POINT('Ctrl Pts',(-7.40202534414617,-3.28183501967595,
0.890405068829358));
#14846=CARTESIAN_POINT('Ctrl Pts',(-7.34370302935497,-3.34067708793294,
0.878740605871124));
#14847=CARTESIAN_POINT('Ctrl Pts',(-7.30710906312712,-3.39631213068949,
0.871421812625557));
#14848=CARTESIAN_POINT('Ctrl Pts',(-7.26532774887308,-3.49916648905339,
0.863065549774752));
#14849=CARTESIAN_POINT('Ctrl Pts',(-7.25260889378679,-3.56449604937592,
0.860521778757495));
#14850=CARTESIAN_POINT('Ctrl Pts',(-7.25260889379267,-3.62000000004629,
0.86052177875867));
#14851=CARTESIAN_POINT('Ctrl Pts',(-7.25260889379854,-3.67550395071667,
0.860521778759845));
#14852=CARTESIAN_POINT('Ctrl Pts',(-7.26532774889866,-3.74083351103639,
0.863065549779867));
#14853=CARTESIAN_POINT('Ctrl Pts',(-7.30710906317447,-3.8436878693911,0.871421812635026));
#14854=CARTESIAN_POINT('Ctrl Pts',(-7.3437030294141,-3.8993229121396,0.878740605882949));
#14855=CARTESIAN_POINT('Ctrl Pts',(-7.40202644779145,-3.95816609379221,
0.890405289558414));
#14856=CARTESIAN_POINT('Ctrl Pts',(-7.42511898901508,-3.97754183084728,
0.895023797803139));
#14857=CARTESIAN_POINT('Ctrl Pts',(-7.45000416156917,-3.99416851920793,
0.900000832313954));
#14858=CARTESIAN_POINT('Origin',(-7.7,-3.62,0.9500000000001));
#14859=CARTESIAN_POINT('',(-7.45000001017149,3.43416574565912,0.900000000535842));
#14860=CARTESIAN_POINT('',(-7.25260889379124,3.06000000003495,0.860521778758384));
#14861=CARTESIAN_POINT('Ctrl Pts',(-7.25260889379124,3.06000000007961,0.860521778758384));
#14862=CARTESIAN_POINT('Ctrl Pts',(-7.25260889380232,3.11550395075078,0.8605217787606));
#14863=CARTESIAN_POINT('Ctrl Pts',(-7.26532774890872,3.18083351107021,0.863065549781879));
#14864=CARTESIAN_POINT('Ctrl Pts',(-7.30710906319479,3.28368786942246,0.87142181263909));
#14865=CARTESIAN_POINT('Ctrl Pts',(-7.34370302944026,3.33932291216832,0.878740605888181));
#14866=CARTESIAN_POINT('Ctrl Pts',(-7.40202536976872,3.39816500615329,0.890405073953869));
#14867=CARTESIAN_POINT('Ctrl Pts',(-7.42511640894482,3.41753969105866,0.895023281789087));
#14868=CARTESIAN_POINT('Ctrl Pts',(-7.45000001005536,3.4341657453909,0.900000002011192));
#14869=CARTESIAN_POINT('',(-7.45000223865192,2.68583276537062,0.900000446210498));
#14870=CARTESIAN_POINT('Origin',(-7.7000000247919,3.05999998439197,0.949999217318502));
#14871=CARTESIAN_POINT('Ctrl Pts',(-7.45000223851668,2.68583276564329,0.900000447703456));
#14872=CARTESIAN_POINT('Ctrl Pts',(-7.42511779383792,2.70245916034594,0.895023558767706));
#14873=CARTESIAN_POINT('Ctrl Pts',(-7.40202594835003,2.7218344100702,0.890405189670131));
#14874=CARTESIAN_POINT('Ctrl Pts',(-7.34370302932874,2.78067708795308,0.878740605865878));
#14875=CARTESIAN_POINT('Ctrl Pts',(-7.30710906310549,2.83631213071412,0.871421812621229));
#14876=CARTESIAN_POINT('Ctrl Pts',(-7.26532774886048,2.93916648908373,0.863065549772231));
#14877=CARTESIAN_POINT('Ctrl Pts',(-7.25260889378016,3.00449604940843,0.860521778756168));
#14878=CARTESIAN_POINT('Ctrl Pts',(-7.25260889379124,3.06000000007961,0.860521778758384));
#14879=CARTESIAN_POINT('Ctrl Pts',(-7.24999999999296,3.05999999998872,0.900000447717269));
#14880=CARTESIAN_POINT('Ctrl Pts',(-7.24999999999296,2.60999999998657,0.900000447699303));
#14881=CARTESIAN_POINT('Ctrl Pts',(-7.69999999999511,2.60999999998657,0.900000447701834));
#14882=CARTESIAN_POINT('Ctrl Pts',(-8.14999999999726,2.60999999998657,0.900000447704366));
#14883=CARTESIAN_POINT('Ctrl Pts',(-8.14999999999726,3.05999999998872,0.900000447722331));
#14884=CARTESIAN_POINT('Ctrl Pts',(-8.14999999999726,3.50999999999087,0.900000447740297));
#14885=CARTESIAN_POINT('Ctrl Pts',(-7.69999999999511,3.50999999999087,0.900000447737766));
#14886=CARTESIAN_POINT('Ctrl Pts',(-7.24999999999296,3.50999999999087,0.900000447735234));
#14887=CARTESIAN_POINT('Ctrl Pts',(-7.24999999999296,3.05999999998872,0.900000447717269));
#14888=CARTESIAN_POINT('Ctrl Pts',(-7.24999981454174,3.05999999999369,0.775736247670482));
#14889=CARTESIAN_POINT('Ctrl Pts',(-7.24999981454174,2.60999981453962,0.775736247652516));
#14890=CARTESIAN_POINT('Ctrl Pts',(-7.69999999999581,2.60999981453962,0.775736247655048));
#14891=CARTESIAN_POINT('Ctrl Pts',(-8.15000018544987,2.60999981453962,0.775736247657579));
#14892=CARTESIAN_POINT('Ctrl Pts',(-8.15000018544987,3.05999999999369,0.775736247675545));
#14893=CARTESIAN_POINT('Ctrl Pts',(-8.15000018544987,3.51000018544775,0.77573624769351));
#14894=CARTESIAN_POINT('Ctrl Pts',(-7.69999999999581,3.51000018544775,0.775736247690979));
#14895=CARTESIAN_POINT('Ctrl Pts',(-7.24999981454174,3.51000018544775,0.775736247688448));
#14896=CARTESIAN_POINT('Ctrl Pts',(-7.24999981454174,3.05999999999369,0.775736247670482));
#14897=CARTESIAN_POINT('Ctrl Pts',(-7.33786780758741,3.05999999999719,0.687868123692396));
#14898=CARTESIAN_POINT('Ctrl Pts',(-7.33786780758741,2.6978678075883,0.687868123677938));
#14899=CARTESIAN_POINT('Ctrl Pts',(-7.6999999999963,2.6978678075883,0.687868123679975));
#14900=CARTESIAN_POINT('Ctrl Pts',(-8.06213219240519,2.6978678075883,0.687868123682012));
#14901=CARTESIAN_POINT('Ctrl Pts',(-8.06213219240519,3.05999999999719,0.68786812369647));
#14902=CARTESIAN_POINT('Ctrl Pts',(-8.06213219240519,3.42213219240609,0.687868123710928));
#14903=CARTESIAN_POINT('Ctrl Pts',(-7.6999999999963,3.42213219240609,0.68786812370889));
#14904=CARTESIAN_POINT('Ctrl Pts',(-7.33786780758741,3.42213219240609,0.687868123706853));
#14905=CARTESIAN_POINT('Ctrl Pts',(-7.33786780758741,3.05999999999719,0.687868123692396));
#14906=CARTESIAN_POINT('Ctrl Pts',(-7.42573580063308,3.0600000000007,0.599999999714309));
#14907=CARTESIAN_POINT('Ctrl Pts',(-7.42573580063308,2.78573580063698,0.599999999703359));
#14908=CARTESIAN_POINT('Ctrl Pts',(-7.69999999999679,2.78573580063698,0.599999999704902));
#14909=CARTESIAN_POINT('Ctrl Pts',(-7.97426419936051,2.78573580063698,0.599999999706445));
#14910=CARTESIAN_POINT('Ctrl Pts',(-7.97426419936051,3.0600000000007,0.599999999717395));
#14911=CARTESIAN_POINT('Ctrl Pts',(-7.97426419936051,3.33426419936442,0.599999999728344));
#14912=CARTESIAN_POINT('Ctrl Pts',(-7.69999999999679,3.33426419936442,0.599999999726802));
#14913=CARTESIAN_POINT('Ctrl Pts',(-7.42573580063308,3.33426419936442,0.599999999725259));
#14914=CARTESIAN_POINT('Ctrl Pts',(-7.42573580063308,3.0600000000007,0.599999999714309));
#14915=CARTESIAN_POINT('Ctrl Pts',(-7.55000000068,3.0600000000007,0.599999999999128));
#14916=CARTESIAN_POINT('Ctrl Pts',(-7.55000000068,2.91000000068391,0.599999999993139));
#14917=CARTESIAN_POINT('Ctrl Pts',(-7.69999999999679,2.91000000068391,0.599999999993983));
#14918=CARTESIAN_POINT('Ctrl Pts',(-7.84999999931359,2.91000000068391,0.599999999994827));
#14919=CARTESIAN_POINT('Ctrl Pts',(-7.84999999931359,3.0600000000007,0.600000000000815));
#14920=CARTESIAN_POINT('Ctrl Pts',(-7.84999999931359,3.20999999931749,0.600000000006804));
#14921=CARTESIAN_POINT('Ctrl Pts',(-7.69999999999679,3.20999999931749,0.60000000000596));
#14922=CARTESIAN_POINT('Ctrl Pts',(-7.55000000068,3.20999999931749,0.600000000005116));
#14923=CARTESIAN_POINT('Ctrl Pts',(-7.55000000068,3.0600000000007,0.599999999999128));
#14924=CARTESIAN_POINT('',(-7.55000000068,3.059993097267,0.5999999999958));
#14925=CARTESIAN_POINT('Origin',(-7.699999999997,3.060000000001,0.6));
#14926=CARTESIAN_POINT('Ctrl Pts',(-7.55000000068,3.0600000000007,0.599999999999128));
#14927=CARTESIAN_POINT('Ctrl Pts',(-7.42573580063308,3.0600000000007,0.599999999714309));
#14928=CARTESIAN_POINT('Ctrl Pts',(-7.33786780758741,3.05999999999719,0.687868123692396));
#14929=CARTESIAN_POINT('Ctrl Pts',(-7.26598621963939,3.05999999999432,0.759749818751425));
#14930=CARTESIAN_POINT('Ctrl Pts',(-7.25260889379124,3.0599999999903,0.860521778758359));
#14931=CARTESIAN_POINT('Origin',(-7.699999999979,3.060000000002,0.8999999999991));
#14932=CARTESIAN_POINT('Origin',(-7.7,3.06,1.096563048982));
#14933=CARTESIAN_POINT('Origin',(-7.700000000154,3.05956084246,0.6000000000002));
#14934=CARTESIAN_POINT('Ctrl Pts',(-7.84999925207744,-3.62000000000446,
0.600000000012911));
#14935=CARTESIAN_POINT('Ctrl Pts',(-7.84999925207744,-3.7699992520781,0.600000000016086));
#14936=CARTESIAN_POINT('Ctrl Pts',(-7.7000000000038,-3.7699992520781,0.600000000008988));
#14937=CARTESIAN_POINT('Ctrl Pts',(-7.55000074793015,-3.7699992520781,0.60000000000189));
#14938=CARTESIAN_POINT('Ctrl Pts',(-7.55000074793015,-3.62000000000446,
0.599999999998715));
#14939=CARTESIAN_POINT('Ctrl Pts',(-7.55000074793015,-3.47000074793082,
0.59999999999554));
#14940=CARTESIAN_POINT('Ctrl Pts',(-7.7000000000038,-3.47000074793082,0.600000000002638));
#14941=CARTESIAN_POINT('Ctrl Pts',(-7.84999925207744,-3.47000074793082,
0.600000000009736));
#14942=CARTESIAN_POINT('Ctrl Pts',(-7.84999925207744,-3.62000000000446,
0.600000000012911));
#14943=CARTESIAN_POINT('Ctrl Pts',(-7.97426378362875,-3.62000000000446,
0.599999690219694));
#14944=CARTESIAN_POINT('Ctrl Pts',(-7.97426378362875,-3.89426378362941,
0.599999690225499));
#14945=CARTESIAN_POINT('Ctrl Pts',(-7.7000000000038,-3.89426378362941,0.599999690212521));
#14946=CARTESIAN_POINT('Ctrl Pts',(-7.42573621637885,-3.89426378362941,
0.599999690199542));
#14947=CARTESIAN_POINT('Ctrl Pts',(-7.42573621637885,-3.62000000000446,
0.599999690193737));
#14948=CARTESIAN_POINT('Ctrl Pts',(-7.42573621637885,-3.34573621637951,
0.599999690187931));
#14949=CARTESIAN_POINT('Ctrl Pts',(-7.7000000000038,-3.34573621637951,0.59999969020091));
#14950=CARTESIAN_POINT('Ctrl Pts',(-7.97426378362875,-3.34573621637951,
0.599999690213888));
#14951=CARTESIAN_POINT('Ctrl Pts',(-7.97426378362875,-3.62000000000446,
0.599999690219694));
#14952=CARTESIAN_POINT('Ctrl Pts',(-8.06213206418697,-3.6200000000026,0.687867995503817));
#14953=CARTESIAN_POINT('Ctrl Pts',(-8.06213206418697,-3.98213206418993,
0.687867995511482));
#14954=CARTESIAN_POINT('Ctrl Pts',(-7.69999999999964,-3.98213206418993,
0.687867995494346));
#14955=CARTESIAN_POINT('Ctrl Pts',(-7.33786793581231,-3.98213206418993,
0.687867995477209));
#14956=CARTESIAN_POINT('Ctrl Pts',(-7.33786793581231,-3.6200000000026,0.687867995469544));
#14957=CARTESIAN_POINT('Ctrl Pts',(-7.33786793581231,-3.25786793581527,
0.687867995461879));
#14958=CARTESIAN_POINT('Ctrl Pts',(-7.69999999999964,-3.25786793581527,
0.687867995479015));
#14959=CARTESIAN_POINT('Ctrl Pts',(-8.06213206418697,-3.25786793581527,
0.687867995496152));
#14960=CARTESIAN_POINT('Ctrl Pts',(-8.06213206418697,-3.6200000000026,0.687867995503817));
#14961=CARTESIAN_POINT('Ctrl Pts',(-8.1500003447452,-3.62000000000074,0.775736300787941));
#14962=CARTESIAN_POINT('Ctrl Pts',(-8.1500003447452,-4.07000034475045,0.775736300797466));
#14963=CARTESIAN_POINT('Ctrl Pts',(-7.69999999999548,-4.07000034475045,
0.775736300776171));
#14964=CARTESIAN_POINT('Ctrl Pts',(-7.24999965524577,-4.07000034475046,
0.775736300754876));
#14965=CARTESIAN_POINT('Ctrl Pts',(-7.24999965524577,-3.62000000000074,
0.775736300745351));
#14966=CARTESIAN_POINT('Ctrl Pts',(-7.24999965524577,-3.16999965525102,
0.775736300735826));
#14967=CARTESIAN_POINT('Ctrl Pts',(-7.69999999999548,-3.16999965525102,
0.775736300757121));
#14968=CARTESIAN_POINT('Ctrl Pts',(-8.1500003447452,-3.16999965525102,0.775736300778416));
#14969=CARTESIAN_POINT('Ctrl Pts',(-8.1500003447452,-3.62000000000074,0.775736300787941));
#14970=CARTESIAN_POINT('Ctrl Pts',(-8.14999999998428,-3.61999999999811,
0.900000832339159));
#14971=CARTESIAN_POINT('Ctrl Pts',(-8.14999999998428,-4.06999999999278,
0.900000832348684));
#14972=CARTESIAN_POINT('Ctrl Pts',(-7.6999999999896,-4.06999999999278,0.900000832327389));
#14973=CARTESIAN_POINT('Ctrl Pts',(-7.24999999999492,-4.06999999999278,
0.900000832306094));
#14974=CARTESIAN_POINT('Ctrl Pts',(-7.24999999999492,-3.61999999999811,
0.900000832296569));
#14975=CARTESIAN_POINT('Ctrl Pts',(-7.24999999999492,-3.17000000000343,
0.900000832287044));
#14976=CARTESIAN_POINT('Ctrl Pts',(-7.6999999999896,-3.17000000000343,0.900000832308339));
#14977=CARTESIAN_POINT('Ctrl Pts',(-8.14999999998428,-3.17000000000343,
0.900000832329634));
#14978=CARTESIAN_POINT('Ctrl Pts',(-8.14999999998428,-3.61999999999811,
0.900000832339159));
#14979=CARTESIAN_POINT('',(-8.1500000000035,-3.61999999999811,0.900000000009564));
#14980=CARTESIAN_POINT('Origin',(-7.700000000001,-3.620000000004,0.9000000000016));
#14981=CARTESIAN_POINT('',(-7.8499992520854,-3.62000000000446,0.600000000004055));
#14982=CARTESIAN_POINT('Origin',(-7.84999999998164,-3.61999999999811,0.90000000001577));
#14983=CARTESIAN_POINT('',(-7.5500003667044,-3.61999036265453,0.599999999998273));
#14984=CARTESIAN_POINT('Origin',(-7.700000000007,-3.620000000001,0.6000000000014));
#14985=CARTESIAN_POINT('',(-7.70000965503293,-3.47000037431888,0.600000000002238));
#14986=CARTESIAN_POINT('Origin',(-7.700000000004,-3.620000000005,0.6000000000048));
#14987=CARTESIAN_POINT('Origin',(-7.700000000007,-3.620000000001,0.6000000000014));
#14988=CARTESIAN_POINT('Origin',(-7.700000000001,-3.620000000004,0.9000000000016));
#14989=CARTESIAN_POINT('Origin',(-7.70017295162,-3.620172815141,0.6000000000002));
#14990=CARTESIAN_POINT('Origin',(-7.7,-3.62,0.843770298375));
#14991=CARTESIAN_POINT('Origin',(-5.3,-7.899999999415,0.8000000000003));
#14992=CARTESIAN_POINT('',(-3.650000000001,2.26,0.8000000000003));
#14993=CARTESIAN_POINT('',(-4.214841426331,2.26,0.8000000000001));
#14994=CARTESIAN_POINT('',(-3.650000000001,2.26,0.8000000000003));
#14995=CARTESIAN_POINT('',(-3.650000000001,-2.82,0.8000000000003));
#14996=CARTESIAN_POINT('',(-3.650000000001,2.26,0.8000000000003));
#14997=CARTESIAN_POINT('',(-4.214841426331,-2.82,0.8000000000001));
#14998=CARTESIAN_POINT('',(-3.650000000001,-2.82,0.8000000000003));
#14999=CARTESIAN_POINT('',(-4.214841426331,-4.42,0.8000000000001));
#15000=CARTESIAN_POINT('',(-4.214841426331,-4.42,0.8000000000001));
#15001=CARTESIAN_POINT('',(-3.65,-4.42,0.8000000000001));
#15002=CARTESIAN_POINT('',(-3.65,-4.42,0.8000000000001));
#15003=CARTESIAN_POINT('',(-3.65,-7.9,0.8000000000001));
#15004=CARTESIAN_POINT('',(-3.65,-7.9,0.8000000000001));
#15005=CARTESIAN_POINT('',(-6.95,-7.9,0.8000000000002));
#15006=CARTESIAN_POINT('',(-3.65,3.86,0.8000000000002));
#15007=CARTESIAN_POINT('',(-3.65,3.86,0.8000000000002));
#15008=CARTESIAN_POINT('',(-4.214841426332,3.86,0.8000000000001));
#15009=CARTESIAN_POINT('',(-4.214841426332,3.86,0.8000000000001));
#15010=CARTESIAN_POINT('',(-4.214841426331,2.26,0.8000000000001));
#15011=CARTESIAN_POINT('',(-6.92140662713,-4.42,0.8000000000003));
#15012=CARTESIAN_POINT('',(-6.92140662713,-2.82,0.8000000000003));
#15013=CARTESIAN_POINT('',(-6.92140662713,-4.42,0.8000000000003));
#15014=CARTESIAN_POINT('',(-4.3,-4.42,0.8000000000002));
#15015=CARTESIAN_POINT('',(-4.3,-4.42,0.8000000000002));
#15016=CARTESIAN_POINT('',(-4.3,-2.82,0.8000000000003));
#15017=CARTESIAN_POINT('',(-4.3,-2.82,0.8000000000003));
#15018=CARTESIAN_POINT('',(-4.3,-2.82,0.8000000000003));
#15019=CARTESIAN_POINT('',(-4.3,2.26,0.8000000000003));
#15020=CARTESIAN_POINT('',(-6.92140662713,2.26,0.8000000000003));
#15021=CARTESIAN_POINT('',(-4.3,2.26,0.8000000000003));
#15022=CARTESIAN_POINT('',(-4.3,3.86,0.8000000000003));
#15023=CARTESIAN_POINT('',(-4.3,3.86,0.8000000000003));
#15024=CARTESIAN_POINT('',(-6.92140662713,3.86,0.8000000000003));
#15025=CARTESIAN_POINT('',(-6.92140662713,3.86,0.8000000000003));
#15026=CARTESIAN_POINT('',(-6.92140662713,2.26,0.8000000000003));
#15027=CARTESIAN_POINT('Origin',(-3.5574207075,2.26,0.4499999965776));
#15028=CARTESIAN_POINT('',(-3.932933640145,2.26,0.6026060431322));
#15029=CARTESIAN_POINT('Origin',(-4.214841426331,2.26,0.5000000000002));
#15030=CARTESIAN_POINT('',(-3.74999999981129,2.26,0.0999999990043674));
#15031=CARTESIAN_POINT('',(-3.932933640145,2.26,0.6026060431322));
#15032=CARTESIAN_POINT('',(-2.89999999999987,2.26000000088687,0.100000000000121));
#15033=CARTESIAN_POINT('',(-3.278710328304,2.26,0.1000000000002));
#15034=CARTESIAN_POINT('',(-3.35046870388825,2.26,0.520437456962052));
#15035=CARTESIAN_POINT('Origin',(-3.5574207075,2.26,0.4499999965776));
#15036=CARTESIAN_POINT('',(-6.626649504648,2.26,0.555841192205));
#15037=CARTESIAN_POINT('Origin',(-6.92140662713,2.26,0.5000000000002));
#15038=CARTESIAN_POINT('',(-5.936305420227,2.26,-3.088132509914));
#15039=CARTESIAN_POINT('',(-6.626649504648,2.26,0.555841192205));
#15040=CARTESIAN_POINT('',(-5.766437354272,2.26,-3.378086077783));
#15041=CARTESIAN_POINT('Origin',(-5.445043549429,2.26,-2.995063856224));
#15042=CARTESIAN_POINT('',(-5.081380143692,2.26,-3.952917330516));
#15043=CARTESIAN_POINT('',(-5.766437354272,2.26,-3.378086077783));
#15044=CARTESIAN_POINT('',(-4.763353143501,2.26,-3.955692710091));
#15045=CARTESIAN_POINT('Origin',(-4.920683241273,2.26,-3.761406219735));
#15046=CARTESIAN_POINT('',(-4.342669902245,2.26,-3.61503013829));
#15047=CARTESIAN_POINT('',(-4.763353143502,2.26,-3.955692710092));
#15048=CARTESIAN_POINT('',(-4.305713509633,2.26,-3.263413550161));
#15049=CARTESIAN_POINT('Origin',(-4.5,2.26,-3.42074364792));
#15050=CARTESIAN_POINT('',(-4.6,2.26,-2.9));
#15051=CARTESIAN_POINT('',(-4.305713509633,2.26,-3.263413550161));
#15052=CARTESIAN_POINT('',(-4.6,2.26,0.5000000000003));
#15053=CARTESIAN_POINT('',(-4.6,2.26,0.5000000000003));
#15054=CARTESIAN_POINT('Origin',(-4.3,2.26,0.5000000000002));
#15055=CARTESIAN_POINT('Origin',(-3.274999976734,-7.9,0.4499999782848));
#15056=CARTESIAN_POINT('',(-2.89999993008614,1.02355066368743,0.099999989500205));
#15057=CARTESIAN_POINT('',(-2.899999940738,1.023550663687,0.09999998487173));
#15058=CARTESIAN_POINT('',(-2.89999992694853,-1.58348435319845,0.0999999930491258));
#15059=CARTESIAN_POINT('',(-2.899999941842,-1.583484353188,0.09999998988953));
#15060=CARTESIAN_POINT('',(-2.9,-2.82,0.1000000000001));
#15061=CARTESIAN_POINT('',(-2.9,-2.82,0.1000000000001));
#15062=CARTESIAN_POINT('',(-2.9,-2.82,0.1000000000001));
#15063=CARTESIAN_POINT('Origin',(-3.557420707787,-2.82,0.4499999982643));
#15064=CARTESIAN_POINT('',(-3.750000000182,-2.82,0.09999999931342));
#15065=CARTESIAN_POINT('',(-2.9,-2.82,0.1000000000001));
#15066=CARTESIAN_POINT('',(-3.932933640144,-2.82,0.6026060431311));
#15067=CARTESIAN_POINT('',(-3.750000000182,-2.82,0.09999999931342));
#15068=CARTESIAN_POINT('Origin',(-4.214841426331,-2.82,0.5000000000002));
#15069=CARTESIAN_POINT('Origin',(-3.557420707787,-2.82,0.4499999982643));
#15070=CARTESIAN_POINT('',(-4.6,-2.82,0.5000000000003));
#15071=CARTESIAN_POINT('Origin',(-4.3,-2.82,0.5000000000002));
#15072=CARTESIAN_POINT('',(-4.6,-2.82,-2.900000000001));
#15073=CARTESIAN_POINT('',(-4.6,-2.82,-2.900000000001));
#15074=CARTESIAN_POINT('',(-4.305713509627,-2.82,-3.263413550169));
#15075=CARTESIAN_POINT('',(-4.6,-2.82,-2.900000000001));
#15076=CARTESIAN_POINT('',(-4.342669902248,-2.82,-3.615030138293));
#15077=CARTESIAN_POINT('Origin',(-4.5,-2.82,-3.42074364792));
#15078=CARTESIAN_POINT('',(-4.763353143495,-2.82,-3.955692710087));
#15079=CARTESIAN_POINT('',(-4.342669902248,-2.82,-3.615030138293));
#15080=CARTESIAN_POINT('',(-5.081380143696,-2.82,-3.952917330514));
#15081=CARTESIAN_POINT('Origin',(-4.920683241273,-2.82,-3.761406219735));
#15082=CARTESIAN_POINT('',(-5.766437354267,-2.82,-3.378086077788));
#15083=CARTESIAN_POINT('',(-5.081380143694,-2.82,-3.952917330515));
#15084=CARTESIAN_POINT('',(-5.936305420228,-2.82,-3.088132509909));
#15085=CARTESIAN_POINT('Origin',(-5.445043549429,-2.82,-2.995063856224));
#15086=CARTESIAN_POINT('',(-6.626649504647,-2.82,0.555841192201));
#15087=CARTESIAN_POINT('',(-5.936305420228,-2.82,-3.088132509899));
#15088=CARTESIAN_POINT('Origin',(-6.92140662713,-2.82,0.5000000000002));
#15089=CARTESIAN_POINT('Origin',(-4.214841426331,-2.763770298382,0.5000000000002));
#15090=CARTESIAN_POINT('',(-3.932933640144,-4.42,0.6026060431305));
#15091=CARTESIAN_POINT('',(-3.932933640144,-2.82,0.6026060431311));
#15092=CARTESIAN_POINT('Origin',(-4.214841426331,-4.42,0.5000000000002));
#15093=CARTESIAN_POINT('Origin',(-3.55742070241,-4.42,0.4499999964762));
#15094=CARTESIAN_POINT('',(-3.74999999989615,-4.42,0.0999999989045362));
#15095=CARTESIAN_POINT('',(-2.89999997785695,-4.42,0.0999999925555278));
#15096=CARTESIAN_POINT('',(-3.749999999842,-4.42,0.09999999838627));
#15097=CARTESIAN_POINT('',(-2.899999976782,-4.42,0.09999999213268));
#15098=CARTESIAN_POINT('',(-3.932933640144,-4.42,0.602606043131));
#15099=CARTESIAN_POINT('Origin',(-2.999999949205,-4.815000000005,0.1000000000002));
#15100=CARTESIAN_POINT('',(-2.89999993426995,-4.0564480734876,0.0999999997476245));
#15101=CARTESIAN_POINT('',(-2.899999952331,-4.056448073488,0.09999999947562));
#15102=CARTESIAN_POINT('',(-2.643933896834,-4.16251264246,0.1000000000002));
#15103=CARTESIAN_POINT('Origin',(-2.749999898155,-4.056446609404,0.1000000000002));
#15104=CARTESIAN_POINT('',(-2.42071057597,-3.939289321599,0.1000000000002));
#15105=CARTESIAN_POINT('',(-2.643933896834,-4.16251264246,0.1000000000002));
#15106=CARTESIAN_POINT('',(-2.249999898155,-4.010000000005,0.1000000000002));
#15107=CARTESIAN_POINT('Origin',(-2.349999898155,-4.010000000004,0.1000000000002));
#15108=CARTESIAN_POINT('',(-2.249999898155,-6.71000000001,0.1000000000002));
#15109=CARTESIAN_POINT('',(-2.249999898155,-6.71000000001,0.1000000000002));
#15110=CARTESIAN_POINT('',(-2.420710576025,-6.78071067836,0.1000000000002));
#15111=CARTESIAN_POINT('Origin',(-2.349999898155,-6.71000000001,0.1000000000002));
#15112=CARTESIAN_POINT('',(-2.64389590561514,-6.55752535577387,0.1000000000002));
#15113=CARTESIAN_POINT('',(-2.420710576025,-6.78071067836,0.1000000000002));
#15114=CARTESIAN_POINT('',(-2.89999993584744,-6.66346741414807,0.0999999963116625));
#15115=CARTESIAN_POINT('Origin',(-2.749999898155,-6.66355339061,0.1000000000002));
#15116=CARTESIAN_POINT('',(-2.899999976782,-4.42,0.09999999213268));
#15117=CARTESIAN_POINT('',(-3.750000000182,-2.82,0.09999999931342));
#15118=CARTESIAN_POINT('Origin',(-2.9,-2.819960760797,-4.05));
#15119=CARTESIAN_POINT('',(-2.89999992953506,-4.05644948956743,-8.2));
#15120=CARTESIAN_POINT('',(-2.89999992614122,-1.58351679654812,-8.2));
#15121=CARTESIAN_POINT('',(-2.899999945239,-4.056449489568,-8.2));
#15122=CARTESIAN_POINT('',(-2.899999952331,-4.056448073488,0.09999999947562));
#15123=CARTESIAN_POINT('',(-2.899999942366,-1.583516796539,-8.2));
#15124=CARTESIAN_POINT('Origin',(-0.1500014701986,-7.9,-8.2));
#15125=CARTESIAN_POINT('',(1.75,2.846439148632,-8.2));
#15126=CARTESIAN_POINT('',(1.75,1.673560851369,-8.2));
#15127=CARTESIAN_POINT('',(1.75,2.846439148631,-8.2));
#15128=CARTESIAN_POINT('',(1.75,-2.233560851369,-8.2));
#15129=CARTESIAN_POINT('Origin',(-0.06994117647102,-0.28,-8.2));
#15130=CARTESIAN_POINT('',(1.75,-3.406439148631,-8.2));
#15131=CARTESIAN_POINT('',(1.75,-2.233560851369,-8.2));
#15132=CARTESIAN_POINT('',(1.75,-7.313560851369,-8.2));
#15133=CARTESIAN_POINT('Origin',(-0.069941176471,-5.36,-8.2));
#15134=CARTESIAN_POINT('',(1.75,-7.9,-8.2));
#15135=CARTESIAN_POINT('',(1.75,-7.9,-8.2));
#15136=CARTESIAN_POINT('',(-2.89999998096478,-7.9,-8.2));
#15137=CARTESIAN_POINT('',(-2.899999980299,-7.9,-8.2));
#15138=CARTESIAN_POINT('',(-2.89999992296019,-6.66348976411446,-8.2));
#15139=CARTESIAN_POINT('',(-2.89999994211,-6.6634897641,-8.2));
#15140=CARTESIAN_POINT('',(-2.64391095095239,-6.55751030670486,-8.2));
#15141=CARTESIAN_POINT('Origin',(-2.749999898155,-6.66355339061,-8.2));
#15142=CARTESIAN_POINT('',(-2.420710576046,-6.780710678342,-8.2));
#15143=CARTESIAN_POINT('',(-2.643910950525,-6.557510306278,-8.2));
#15144=CARTESIAN_POINT('',(-2.249999898155,-6.71000000001,-8.2));
#15145=CARTESIAN_POINT('Origin',(-2.349999898155,-6.71000000001,-8.2));
#15146=CARTESIAN_POINT('',(-2.249999898155,-4.010000000005,-8.2));
#15147=CARTESIAN_POINT('',(-2.249999898155,-4.010000000005,-8.2));
#15148=CARTESIAN_POINT('',(-2.420710575964,-3.939289321594,-8.2));
#15149=CARTESIAN_POINT('Origin',(-2.349999898155,-4.010000000004,-8.2));
#15150=CARTESIAN_POINT('',(-2.643933894255,-4.16251263988,-8.2));
#15151=CARTESIAN_POINT('',(-2.420710575964,-3.939289321594,-8.2));
#15152=CARTESIAN_POINT('Origin',(-2.749999898155,-4.056446609404,-8.2));
#15153=CARTESIAN_POINT('',(-2.6439280969,-1.477493157645,-8.2));
#15154=CARTESIAN_POINT('Origin',(-2.749999898155,-1.583553390605,-8.2));
#15155=CARTESIAN_POINT('',(-2.420710576003,-1.700710678378,-8.2));
#15156=CARTESIAN_POINT('',(-2.6439280969,-1.477493157645,-8.2));
#15157=CARTESIAN_POINT('',(-2.249999898155,-1.630000000004,-8.2));
#15158=CARTESIAN_POINT('Origin',(-2.349999898155,-1.630000000005,-8.2));
#15159=CARTESIAN_POINT('',(-2.249999898155,1.07,-8.2));
#15160=CARTESIAN_POINT('',(-2.249999898155,1.07,-8.2));
#15161=CARTESIAN_POINT('',(-2.420710575894,1.14071067848,-8.2));
#15162=CARTESIAN_POINT('Origin',(-2.349999898155,1.07,-8.2));
#15163=CARTESIAN_POINT('',(-2.643933919775,0.9174873346049,-8.2));
#15164=CARTESIAN_POINT('',(-2.420710575894,1.14071067848,-8.2));
#15165=CARTESIAN_POINT('',(-2.89999992889999,1.02354865836748,-8.2));
#15166=CARTESIAN_POINT('Origin',(-2.749999898155,1.0235533906,-8.2));
#15167=CARTESIAN_POINT('',(-2.899999923568,3.49649223431005,-8.2));
#15168=CARTESIAN_POINT('',(-2.89999994431,1.023548658366,-8.2));
#15169=CARTESIAN_POINT('',(-2.643930978277,3.602509723825,-8.2));
#15170=CARTESIAN_POINT('Origin',(-2.749999898155,3.4964466094,-8.2));
#15171=CARTESIAN_POINT('',(-2.42071057596,3.379289321585,-8.2));
#15172=CARTESIAN_POINT('',(-2.643930978277,3.602509723825,-8.2));
#15173=CARTESIAN_POINT('',(-2.249999898155,3.45,-8.2));
#15174=CARTESIAN_POINT('Origin',(-2.349999898155,3.45,-8.2));
#15175=CARTESIAN_POINT('',(-2.249999898155,6.15,-8.2));
#15176=CARTESIAN_POINT('',(-2.249999898155,6.15,-8.2));
#15177=CARTESIAN_POINT('',(-2.420710575904,6.220710678472,-8.2));
#15178=CARTESIAN_POINT('Origin',(-2.349999898155,6.15,-8.2));
#15179=CARTESIAN_POINT('',(-2.643933953006,5.997487301377,-8.2));
#15180=CARTESIAN_POINT('',(-2.420710575904,6.220710678472,-8.2));
#15181=CARTESIAN_POINT('',(-2.89999993810157,6.10354687997241,-8.2));
#15182=CARTESIAN_POINT('Origin',(-2.749999898155,6.1035533906,-8.2));
#15183=CARTESIAN_POINT('',(-2.899999990454,7.34,-8.2));
#15184=CARTESIAN_POINT('',(1.75,6.753560851369,-8.2));
#15185=CARTESIAN_POINT('',(1.75,6.753560851369,-8.2));
#15186=CARTESIAN_POINT('Origin',(-0.06994117647102,4.8,-8.2));
#15187=CARTESIAN_POINT('',(-1.5,-0.28,-8.2));
#15188=CARTESIAN_POINT('Origin',(-2.30926389122E-14,-0.28,-8.2));
#15189=CARTESIAN_POINT('',(-1.5,-5.36,-8.2));
#15190=CARTESIAN_POINT('Origin',(0.,-5.36,-8.2));
#15191=CARTESIAN_POINT('',(-1.50000000000002,4.8,-8.2));
#15192=CARTESIAN_POINT('Origin',(-2.30926389122E-14,4.8,-8.2));
#15193=CARTESIAN_POINT('Origin',(-2.30926389122E-14,4.8,-6.543770298382));
#15194=CARTESIAN_POINT('',(-1.50000000000002,4.8,-6.599999999999));
#15195=CARTESIAN_POINT('Origin',(-2.30926389122E-14,4.8,-6.599999999999));
#15196=CARTESIAN_POINT('',(-1.50000000000002,4.8,-6.543770298382));
#15197=CARTESIAN_POINT('Origin',(-2.30926389122E-14,4.8,-6.4));
#15198=CARTESIAN_POINT('',(0.6999999999998,4.8,-6.2));
#15199=CARTESIAN_POINT('',(-0.69999999999973,4.8,-6.20000000000019));
#15200=CARTESIAN_POINT('Origin',(-2.30926389122E-14,4.8,-6.2));
#15201=CARTESIAN_POINT('Origin',(-2.30926389122E-14,4.8,-6.2));
#15202=CARTESIAN_POINT('',(-1.10000000000002,4.8,-6.4));
#15203=CARTESIAN_POINT('Origin',(-2.30926389122E-14,4.8,-6.2));
#15204=CARTESIAN_POINT('',(0.699999999999777,4.8,-5.9));
#15205=CARTESIAN_POINT('Origin',(-2.30926389122E-14,4.8,-5.9));
#15206=CARTESIAN_POINT('',(0.699999999999777,4.8,-6.2));
#15207=CARTESIAN_POINT('Origin',(0.,-5.08,-5.9));
#15208=CARTESIAN_POINT('Origin',(-2.30926389122E-14,-0.28,-6.543770298382));
#15209=CARTESIAN_POINT('',(-1.5,-0.28,-6.6));
#15210=CARTESIAN_POINT('Origin',(-2.30926389122E-14,-0.28,-6.599999999999));
#15211=CARTESIAN_POINT('',(-1.50000000000002,-0.28,-6.543770298382));
#15212=CARTESIAN_POINT('Origin',(-2.30926389122E-14,-0.28,-6.4));
#15213=CARTESIAN_POINT('',(-0.6999999999994,-0.28,-6.2));
#15214=CARTESIAN_POINT('',(0.699999999999277,-0.28,-6.2));
#15215=CARTESIAN_POINT('Origin',(-2.30926389122E-14,-0.28,-6.2));
#15216=CARTESIAN_POINT('',(-1.10000000000002,-0.28,-6.4));
#15217=CARTESIAN_POINT('Origin',(-2.30926389122E-14,-0.28,-6.2));
#15218=CARTESIAN_POINT('Origin',(-2.30926389122E-14,-0.28,-6.2));
#15219=CARTESIAN_POINT('',(0.6999999999993,-0.28,-5.9));
#15220=CARTESIAN_POINT('Origin',(-2.30926389122E-14,-0.28,-5.9));
#15221=CARTESIAN_POINT('',(0.699999999999277,-0.28,-6.2));
#15222=CARTESIAN_POINT('Origin',(0.,0.,-5.9));
#15223=CARTESIAN_POINT('Origin',(0.,-5.36,-6.543770298382));
#15224=CARTESIAN_POINT('',(-1.5,-5.36,-6.6));
#15225=CARTESIAN_POINT('Origin',(0.,-5.36,-6.6));
#15226=CARTESIAN_POINT('',(-1.5,-5.36,-6.543770298382));
#15227=CARTESIAN_POINT('Origin',(0.,-5.36,-6.4));
#15228=CARTESIAN_POINT('',(0.6999999999999,-5.36,-6.2));
#15229=CARTESIAN_POINT('',(-0.699999999999787,-5.36,-6.20000000000023));
#15230=CARTESIAN_POINT('Origin',(0.,-5.36,-6.2));
#15231=CARTESIAN_POINT('Origin',(0.,-5.36,-6.2));
#15232=CARTESIAN_POINT('',(-1.1,-5.36,-6.4));
#15233=CARTESIAN_POINT('Origin',(0.,-5.36,-6.2));
#15234=CARTESIAN_POINT('',(0.6999999999999,-5.36,-5.9));
#15235=CARTESIAN_POINT('Origin',(0.,-5.36,-5.9));
#15236=CARTESIAN_POINT('',(0.6999999999999,-5.36,-6.2));
#15237=CARTESIAN_POINT('Origin',(0.,0.,-5.9));
#15238=CARTESIAN_POINT('Origin',(1.75,1.617331149751,-7.9));
#15239=CARTESIAN_POINT('',(2.050000000002,2.719999999998,-7.9));
#15240=CARTESIAN_POINT('',(2.050000000001,1.800000000001,-7.9));
#15241=CARTESIAN_POINT('',(2.05,2.719999999999,-7.9));
#15242=CARTESIAN_POINT('Ctrl Pts',(1.75,1.67356085137013,-8.2));
#15243=CARTESIAN_POINT('Ctrl Pts',(1.75081984168682,1.67391756686906,-8.2));
#15244=CARTESIAN_POINT('Ctrl Pts',(1.75163971782747,1.67427419965409,-8.19999663929807));
#15245=CARTESIAN_POINT('Ctrl Pts',(1.77485193137869,1.68436837299755,-8.19980632309958));
#15246=CARTESIAN_POINT('Ctrl Pts',(1.79722502554375,1.69402402746486,-8.19711557647956));
#15247=CARTESIAN_POINT('Ctrl Pts',(1.84087849346612,1.71273182242863,-8.18677436369586));
#15248=CARTESIAN_POINT('Ctrl Pts',(1.86210055060234,1.72176036082356,-8.17918591860348));
#15249=CARTESIAN_POINT('Ctrl Pts',(1.91662111217398,1.74481242306638,-8.1523735726499));
#15250=CARTESIAN_POINT('Ctrl Pts',(1.94784351449275,1.7578546382239,-8.12891220657682));
#15251=CARTESIAN_POINT('Ctrl Pts',(1.99817933355505,1.77873886416397,-8.07242558088469));
#15252=CARTESIAN_POINT('Ctrl Pts',(2.01755772155155,1.78670686747762,-8.04073124699804));
#15253=CARTESIAN_POINT('Ctrl Pts',(2.0434043231436,1.7973094199188,-7.97216170722185));
#15254=CARTESIAN_POINT('Ctrl Pts',(2.05,1.80000000000157,-7.93632440661769));
#15255=CARTESIAN_POINT('Ctrl Pts',(2.05,1.80000000000157,-7.9));
#15256=CARTESIAN_POINT('Ctrl Pts',(1.75,2.846439148631,-8.2));
#15257=CARTESIAN_POINT('Ctrl Pts',(1.769186411248,2.83809108537529,-8.20000000000018));
#15258=CARTESIAN_POINT('Ctrl Pts',(1.78813339884822,2.82989541348614,-8.19815752456446));
#15259=CARTESIAN_POINT('Ctrl Pts',(1.80656875743043,2.82197370248046,-8.19461761138291));
#15260=CARTESIAN_POINT('Ctrl Pts',(1.8203030824635,2.81607203513372,-8.1919803793482));
#15261=CARTESIAN_POINT('Ctrl Pts',(1.833753960255,2.81032128610182,-8.18840161185828));
#15262=CARTESIAN_POINT('Ctrl Pts',(1.84681671984987,2.80475610631048,-8.18394749659125));
#15263=CARTESIAN_POINT('Ctrl Pts',(1.86524010144521,2.79690711925702,-8.17766552648852));
#15264=CARTESIAN_POINT('Ctrl Pts',(1.88289088813822,2.78943139660012,-8.16964138242396));
#15265=CARTESIAN_POINT('Ctrl Pts',(1.89951268720406,2.78243041092791,-8.16008678465096));
#15266=CARTESIAN_POINT('Ctrl Pts',(1.91049559141665,2.77780448838324,-8.15377355515546));
#15267=CARTESIAN_POINT('Ctrl Pts',(1.92102983212345,2.77338494282043,-8.14679269429302));
#15268=CARTESIAN_POINT('Ctrl Pts',(1.93104836309113,2.76919219153236,-8.13921038540865));
#15269=CARTESIAN_POINT('Ctrl Pts',(1.94636850916125,2.76278071639931,-8.12761566358447));
#15270=CARTESIAN_POINT('Ctrl Pts',(1.96048173302956,2.75690294091564,-8.11461379383822));
#15271=CARTESIAN_POINT('Ctrl Pts',(1.9731884465159,2.75163104766798,-8.10046770966044));
#15272=CARTESIAN_POINT('Ctrl Pts',(1.98136701118501,2.74823783982545,-8.09136270667229));
#15273=CARTESIAN_POINT('Ctrl Pts',(1.98896362054301,2.74509493418219,-8.08178417349419));
#15274=CARTESIAN_POINT('Ctrl Pts',(1.99593321855705,2.74221484808616,-8.07180634589763));
#15275=CARTESIAN_POINT('Ctrl Pts',(2.00522517503083,2.7383750807723,-8.05850377958845));
#15276=CARTESIAN_POINT('Ctrl Pts',(2.01340268434032,2.7350035073609,-8.0444871742198));
#15277=CARTESIAN_POINT('Ctrl Pts',(2.02037717659371,2.73213699979937,-8.02997959016516));
#15278=CARTESIAN_POINT('Ctrl Pts',(2.02676175758762,2.72951294502502,-8.0166990756764));
#15279=CARTESIAN_POINT('Ctrl Pts',(2.03213855121609,2.7273117829167,-8.00300789065555));
#15280=CARTESIAN_POINT('Ctrl Pts',(2.03646924193927,2.72553896198025,-7.98908566918472));
#15281=CARTESIAN_POINT('Ctrl Pts',(2.04196492204479,2.72328923846642,-7.97141826219299));
#15282=CARTESIAN_POINT('Ctrl Pts',(2.04577765566906,2.72172776075728,-7.95337543583713));
#15283=CARTESIAN_POINT('Ctrl Pts',(2.04792080275476,2.72085063607954,-7.93526365357471));
#15284=CARTESIAN_POINT('Ctrl Pts',(2.04931137158652,2.72028151870697,-7.92351192637429));
#15285=CARTESIAN_POINT('Ctrl Pts',(2.05000000000172,2.71999999999732,-7.91173088566469));
#15286=CARTESIAN_POINT('Ctrl Pts',(2.05000000000172,2.71999999999732,-7.9));
#15287=CARTESIAN_POINT('Origin',(2.05,2.26,-3.9));
#15288=CARTESIAN_POINT('',(2.05,1.8,0.1000000000002));
#15289=CARTESIAN_POINT('',(2.05,2.72,0.1000000000002));
#15290=CARTESIAN_POINT('',(2.05,1.8,0.1000000000002));
#15291=CARTESIAN_POINT('',(2.05,1.800000000001,-7.9));
#15292=CARTESIAN_POINT('',(2.05,2.72,0.1000000000002));
#15293=CARTESIAN_POINT('Origin',(2.25,2.26,0.1000000000002));
#15294=CARTESIAN_POINT('',(2.45,1.291765586474,0.1000000000002));
#15295=CARTESIAN_POINT('',(2.45,3.228234413528,0.1000000000002));
#15296=CARTESIAN_POINT('',(2.45,1.291765586474,0.1000000000002));
#15297=CARTESIAN_POINT('Origin',(-0.06994117647102,-0.28,0.1000000000002));
#15298=CARTESIAN_POINT('Origin',(-0.06994117647102,4.8,0.1000000000002));
#15299=CARTESIAN_POINT('Ctrl Pts',(2.449883813774,7.41619999998875,1.037357084074));
#15300=CARTESIAN_POINT('Ctrl Pts',(2.449883813774,-0.356200000011262,1.037357084074));
#15301=CARTESIAN_POINT('Ctrl Pts',(2.449927009833,7.41619999998875,1.024917651012));
#15302=CARTESIAN_POINT('Ctrl Pts',(2.449927009833,-0.356200000011262,1.024917651012));
#15303=CARTESIAN_POINT('Ctrl Pts',(2.45093454337034,7.41619999998875,0.700015492791929));
#15304=CARTESIAN_POINT('Ctrl Pts',(2.45093454337034,-0.356200000011262,
0.700015492791929));
#15305=CARTESIAN_POINT('Ctrl Pts',(2.44903115735514,7.41619999998875,0.375105308302332));
#15306=CARTESIAN_POINT('Ctrl Pts',(2.44903115735514,-0.356200000011262,
0.375105308302332));
#15307=CARTESIAN_POINT('Ctrl Pts',(2.450116186226,7.41619999998875,0.06264291592591));
#15308=CARTESIAN_POINT('Ctrl Pts',(2.450116186226,-0.356200000011262,0.06264291592591));
#15309=CARTESIAN_POINT('',(2.45,-0.28,0.1000000000002));
#15310=CARTESIAN_POINT('',(2.45,-0.28,1.));
#15311=CARTESIAN_POINT('',(2.45,-0.28,0.1000000000002));
#15312=CARTESIAN_POINT('',(2.45,6.371765586473,0.1000000000002));
#15313=CARTESIAN_POINT('',(2.45,3.228234413528,0.1000000000002));
#15314=CARTESIAN_POINT('',(2.45,6.371765586473,0.1000000000002));
#15315=CARTESIAN_POINT('Origin',(-0.2249999999999,9.35838279324,0.1000000000002));
#15316=CARTESIAN_POINT('',(2.05,6.88,0.1000000000002));
#15317=CARTESIAN_POINT('Origin',(-0.06994117647102,4.8,0.1000000000002));
#15318=CARTESIAN_POINT('',(2.05,7.34,0.09999999978315));
#15319=CARTESIAN_POINT('Origin',(2.05,7.11,-3.9));
#15320=CARTESIAN_POINT('',(2.05,6.880000000001,-7.9));
#15321=CARTESIAN_POINT('',(2.05,6.880000000001,-7.9));
#15322=CARTESIAN_POINT('',(2.05,7.34,-7.9));
#15323=CARTESIAN_POINT('Origin',(1.75,7.39622970162,-7.9));
#15324=CARTESIAN_POINT('Ctrl Pts',(1.75,6.75356085137286,-8.2));
#15325=CARTESIAN_POINT('Ctrl Pts',(1.75081984168678,6.75391756687178,-8.2));
#15326=CARTESIAN_POINT('Ctrl Pts',(1.75163971782737,6.75427419965679,-8.19999663929807));
#15327=CARTESIAN_POINT('Ctrl Pts',(1.77485193137864,6.76436837300025,-8.19980632309959));
#15328=CARTESIAN_POINT('Ctrl Pts',(1.79722502554367,6.77402402746758,-8.19711557647957));
#15329=CARTESIAN_POINT('Ctrl Pts',(1.84087849346608,6.79273182243138,-8.18677436369587));
#15330=CARTESIAN_POINT('Ctrl Pts',(1.86210055060234,6.80176036082634,-8.17918591860349));
#15331=CARTESIAN_POINT('Ctrl Pts',(1.91662111217401,6.8248124230692,-8.15237357264988));
#15332=CARTESIAN_POINT('Ctrl Pts',(1.94784351449277,6.83785463822673,-8.12891220657681));
#15333=CARTESIAN_POINT('Ctrl Pts',(1.99817933355506,6.85873886416681,-8.07242558088466));
#15334=CARTESIAN_POINT('Ctrl Pts',(2.01755772155155,6.86670686748047,-8.04073124699802));
#15335=CARTESIAN_POINT('Ctrl Pts',(2.0434043231436,6.87730941992166,-7.97216170722184));
#15336=CARTESIAN_POINT('Ctrl Pts',(2.05,6.88000000000443,-7.93632440661768));
#15337=CARTESIAN_POINT('Ctrl Pts',(2.05,6.88000000000443,-7.9));
#15338=CARTESIAN_POINT('Origin',(-0.06994117647102,4.8,-7.9));
#15339=CARTESIAN_POINT('Origin',(-0.06994117647102,4.8,-7.9));
#15340=CARTESIAN_POINT('Origin',(-0.06994117647102,4.8,0.2600000000002));
#15341=CARTESIAN_POINT('Origin',(-0.06994117647102,4.8,0.1000000000002));
#15342=CARTESIAN_POINT('Origin',(2.675,4.8,0.1000000000002));
#15343=CARTESIAN_POINT('Origin',(2.675,-0.28,0.1000000000002));
#15344=CARTESIAN_POINT('',(2.45,-1.851765586474,0.1000000000002));
#15345=CARTESIAN_POINT('',(2.45,-0.28,0.1000000000002));
#15346=CARTESIAN_POINT('Origin',(-0.06994117647102,-0.28,0.1000000000002));
#15347=CARTESIAN_POINT('Origin',(-0.06994117647102,-0.28,0.2600000000002));
#15348=CARTESIAN_POINT('',(2.05,-2.36,0.1000000000002));
#15349=CARTESIAN_POINT('Origin',(-0.06994117647102,-0.28,0.1000000000002));
#15350=CARTESIAN_POINT('',(2.050000000001,-2.360000000001,-7.9));
#15351=CARTESIAN_POINT('',(2.05,-2.36,0.1000000000002));
#15352=CARTESIAN_POINT('Origin',(-0.06994117647102,-0.28,-7.9));
#15353=CARTESIAN_POINT('Origin',(-0.06994117647102,-0.28,-7.9));
#15354=CARTESIAN_POINT('Ctrl Pts',(2.05,-2.36000000000157,-7.9));
#15355=CARTESIAN_POINT('Ctrl Pts',(2.05,-2.36000000000157,-7.93632440661769));
#15356=CARTESIAN_POINT('Ctrl Pts',(2.0434043231436,-2.3573094199188,-7.97216170722186));
#15357=CARTESIAN_POINT('Ctrl Pts',(2.01755772155155,-2.34670686747762,-8.04073124699803));
#15358=CARTESIAN_POINT('Ctrl Pts',(1.99817933355505,-2.33873886416397,-8.07242558088468));
#15359=CARTESIAN_POINT('Ctrl Pts',(1.94784351449275,-2.3178546382239,-8.12891220657682));
#15360=CARTESIAN_POINT('Ctrl Pts',(1.91662111217398,-2.30481242306638,-8.1523735726499));
#15361=CARTESIAN_POINT('Ctrl Pts',(1.86210055060234,-2.28176036082356,-8.17918591860348));
#15362=CARTESIAN_POINT('Ctrl Pts',(1.84087849346612,-2.27273182242863,-8.18677436369586));
#15363=CARTESIAN_POINT('Ctrl Pts',(1.79722502554375,-2.25402402746485,-8.19711557647956));
#15364=CARTESIAN_POINT('Ctrl Pts',(1.77485193137868,-2.24436837299755,-8.19980632309958));
#15365=CARTESIAN_POINT('Ctrl Pts',(1.75163971782747,-2.23427419965409,-8.19999663929807));
#15366=CARTESIAN_POINT('Ctrl Pts',(1.75081984168682,-2.23391756686906,-8.2));
#15367=CARTESIAN_POINT('Ctrl Pts',(1.75,-2.23356085137012,-8.2));
#15368=CARTESIAN_POINT('Origin',(1.75,-3.462668850249,-7.9));
#15369=CARTESIAN_POINT('',(2.05,-3.279999999999,-7.9));
#15370=CARTESIAN_POINT('',(2.05,-2.36,-7.9));
#15371=CARTESIAN_POINT('Ctrl Pts',(2.05000000000101,-3.27999999999801,-7.9));
#15372=CARTESIAN_POINT('Ctrl Pts',(2.05000000000101,-3.27999999999801,-7.9180705031222));
#15373=CARTESIAN_POINT('Ctrl Pts',(2.04836377988008,-3.28066895541037,-7.93625588180731));
#15374=CARTESIAN_POINT('Ctrl Pts',(2.04505329909929,-3.28202430279792,-7.9542614781329));
#15375=CARTESIAN_POINT('Ctrl Pts',(2.04289663357041,-3.28290726548037,-7.9659915111685));
#15376=CARTESIAN_POINT('Ctrl Pts',(2.0400302167317,-3.2840811242005,-7.97764479580239));
#15377=CARTESIAN_POINT('Ctrl Pts',(2.03645355914567,-3.28554538748805,-7.98913608281587));
#15378=CARTESIAN_POINT('Ctrl Pts',(2.03168407392276,-3.28749798763062,-8.00445975366908));
#15379=CARTESIAN_POINT('Ctrl Pts',(2.02564824237331,-3.28996935356633,-8.01949829696016));
#15380=CARTESIAN_POINT('Ctrl Pts',(2.01839981027126,-3.29295022645088,-8.03401553478592));
#15381=CARTESIAN_POINT('Ctrl Pts',(2.01186892091849,-3.29563601431639,-8.04709567027081));
#15382=CARTESIAN_POINT('Ctrl Pts',(2.00435426223413,-3.29873502994628,-8.05975216363123));
#15383=CARTESIAN_POINT('Ctrl Pts',(1.99592317310548,-3.30221899358408,-8.07182072058542));
#15384=CARTESIAN_POINT('Ctrl Pts',(1.98502329255535,-3.30672313141415,-8.08742319224785));
#15385=CARTESIAN_POINT('Ctrl Pts',(1.97258907857071,-3.31187124995276,-8.1020474868386));
#15386=CARTESIAN_POINT('Ctrl Pts',(1.95879839509114,-3.31761042057283,-8.11541443984058));
#15387=CARTESIAN_POINT('Ctrl Pts',(1.95008282340152,-3.32123751802977,-8.12386221817826));
#15388=CARTESIAN_POINT('Ctrl Pts',(1.94082623113841,-3.32510013944919,-8.13180808394407));
#15389=CARTESIAN_POINT('Ctrl Pts',(1.93108120051891,-3.32917843432884,-8.13918552158363));
#15390=CARTESIAN_POINT('Ctrl Pts',(1.91582874830184,-3.33556158490146,-8.15073233138602));
#15391=CARTESIAN_POINT('Ctrl Pts',(1.89937775140714,-3.34247287366799,-8.1608853468687));
#15392=CARTESIAN_POINT('Ctrl Pts',(1.8819664233112,-3.34983551622269,-8.16941417869907));
#15393=CARTESIAN_POINT('Ctrl Pts',(1.87065124625376,-3.35462030941354,-8.1749568484898));
#15394=CARTESIAN_POINT('Ctrl Pts',(1.85893108081196,-3.35959508176354,-8.17981386214179));
#15395=CARTESIAN_POINT('Ctrl Pts',(1.84687801330609,-3.36473000546129,-8.18392659244944));
#15396=CARTESIAN_POINT('Ctrl Pts',(1.82944563741247,-3.3721566559833,-8.18987484260543));
#15397=CARTESIAN_POINT('Ctrl Pts',(1.81131543599443,-3.37991767362653,-8.1942653617574));
#15398=CARTESIAN_POINT('Ctrl Pts',(1.79273928792811,-3.38792579055662,-8.19693945469203));
#15399=CARTESIAN_POINT('Ctrl Pts',(1.77870789040565,-3.39397468032921,-8.1989593169823));
#15400=CARTESIAN_POINT('Ctrl Pts',(1.76442245260784,-3.40016389761538,-8.20000000000009));
#15401=CARTESIAN_POINT('Ctrl Pts',(1.75,-3.406439148631,-8.2));
#15402=CARTESIAN_POINT('Origin',(2.05,-2.82,-3.9));
#15403=CARTESIAN_POINT('',(2.05,-3.28,0.1000000000002));
#15404=CARTESIAN_POINT('',(2.05,-3.28,0.1000000000002));
#15405=CARTESIAN_POINT('',(2.05,-3.279999999999,-7.9));
#15406=CARTESIAN_POINT('Origin',(2.25,-2.82,0.1000000000002));
#15407=CARTESIAN_POINT('',(2.45,-3.788234413526,0.1000000000002));
#15408=CARTESIAN_POINT('',(2.45,-3.788234413526,0.1000000000002));
#15409=CARTESIAN_POINT('Origin',(-0.069941176471,-5.36,0.1000000000002));
#15410=CARTESIAN_POINT('Origin',(2.45,-2.78190696925,0.5500000000001));
#15411=CARTESIAN_POINT('',(2.45,-7.9,0.1000000000002));
#15412=CARTESIAN_POINT('',(2.45,-7.9,0.1000000000002));
#15413=CARTESIAN_POINT('',(2.450000000001,-6.931765586472,0.1000000000002));
#15414=CARTESIAN_POINT('',(2.450000000001,-6.931765586472,0.1000000000002));
#15415=CARTESIAN_POINT('',(2.45,-3.788234413526,0.1000000000002));
#15416=CARTESIAN_POINT('Origin',(2.674998115183,-5.36,0.1000000000002));
#15417=CARTESIAN_POINT('Origin',(-0.069941176471,-5.36,0.1000000000002));
#15418=CARTESIAN_POINT('Origin',(-0.069941176471,-5.36,0.2600000000002));
#15419=CARTESIAN_POINT('',(2.05,-7.44,0.09999999999296));
#15420=CARTESIAN_POINT('Origin',(-0.069941176471,-5.36,0.1000000000002));
#15421=CARTESIAN_POINT('',(2.05,-7.440000000001,-7.9));
#15422=CARTESIAN_POINT('',(2.05,-7.44,0.09999999999296));
#15423=CARTESIAN_POINT('Origin',(-0.069941176471,-5.36,-7.9));
#15424=CARTESIAN_POINT('Origin',(-0.069941176471,-5.36,-7.9));
#15425=CARTESIAN_POINT('Ctrl Pts',(1.75,-7.313560851369,-8.2));
#15426=CARTESIAN_POINT('Ctrl Pts',(1.76918641124382,-7.32190891462281,-8.20000000000012));
#15427=CARTESIAN_POINT('Ctrl Pts',(1.78813339884023,-7.33010458651026,-8.19815752456514));
#15428=CARTESIAN_POINT('Ctrl Pts',(1.80656875741903,-7.33802629751437,-8.19461761138495));
#15429=CARTESIAN_POINT('Ctrl Pts',(1.82030308245465,-7.34392796486214,-8.19198037935028));
#15430=CARTESIAN_POINT('Ctrl Pts',(1.83375396024871,-7.34967871389503,-8.18840161186004));
#15431=CARTESIAN_POINT('Ctrl Pts',(1.84681671984603,-7.35524389368727,-8.18394749659238));
#15432=CARTESIAN_POINT('Ctrl Pts',(1.86524010144915,-7.36309288074382,-8.17766552648729));
#15433=CARTESIAN_POINT('Ctrl Pts',(1.88289088814939,-7.37056860340349,-8.16964138241893));
#15434=CARTESIAN_POINT('Ctrl Pts',(1.89951268722163,-7.37756958907816,-8.16008678464084));
#15435=CARTESIAN_POINT('Ctrl Pts',(1.91049559142614,-7.38219551161926,-8.15377355514906));
#15436=CARTESIAN_POINT('Ctrl Pts',(1.92102983212551,-7.38661505717883,-8.14679269429127));
#15437=CARTESIAN_POINT('Ctrl Pts',(1.93104836308653,-7.39080780846404,-8.1392103854123));
#15438=CARTESIAN_POINT('Ctrl Pts',(1.94636850915217,-7.39721928359511,-8.12761566359204));
#15439=CARTESIAN_POINT('Ctrl Pts',(1.9604817330169,-7.40309705907727,-8.11461379385044));
#15440=CARTESIAN_POINT('Ctrl Pts',(1.97318844650062,-7.40836895232387,-8.10046770967778));
#15441=CARTESIAN_POINT('Ctrl Pts',(1.98136701117436,-7.41176216016833,-8.0913627066859));
#15442=CARTESIAN_POINT('Ctrl Pts',(1.98896362053647,-7.41490506581333,-8.08178417350354));
#15443=CARTESIAN_POINT('Ctrl Pts',(1.99593321855405,-7.41778515191084,-8.07180634590229));
#15444=CARTESIAN_POINT('Ctrl Pts',(2.00522517502829,-7.42162491922492,-8.05850377959297));
#15445=CARTESIAN_POINT('Ctrl Pts',(2.01340268433822,-7.42499649263655,-8.04448717422406));
#15446=CARTESIAN_POINT('Ctrl Pts',(2.02037717659199,-7.4278630001983,-8.02997959016905));
#15447=CARTESIAN_POINT('Ctrl Pts',(2.0267617575861,-7.43048705497281,-8.01669907568028));
#15448=CARTESIAN_POINT('Ctrl Pts',(2.03213855121475,-7.43268821708131,-8.00300789065934));
#15449=CARTESIAN_POINT('Ctrl Pts',(2.03646924193807,-7.43446103801796,-7.98908566918833));
#15450=CARTESIAN_POINT('Ctrl Pts',(2.04196492204678,-7.4367107615333,-7.97141826218667));
#15451=CARTESIAN_POINT('Ctrl Pts',(2.04577765567231,-7.43827223924324,-7.95337543582038));
#15452=CARTESIAN_POINT('Ctrl Pts',(2.04792080275745,-7.43914936392094,-7.93526365354737));
#15453=CARTESIAN_POINT('Ctrl Pts',(2.04931137158693,-7.4397184812927,-7.92351192635612));
#15454=CARTESIAN_POINT('Ctrl Pts',(2.05000000000101,-7.44000000000199,-7.91173088565572));
#15455=CARTESIAN_POINT('Ctrl Pts',(2.05000000000101,-7.44000000000199,-7.9));
#15456=CARTESIAN_POINT('Origin',(1.75,-7.25733114975,-7.9));
#15457=CARTESIAN_POINT('',(2.05,-7.9,-7.9));
#15458=CARTESIAN_POINT('',(2.05,-7.440000000001,-7.9));
#15459=CARTESIAN_POINT('Origin',(1.75,-7.9,-7.9));
#15460=CARTESIAN_POINT('Origin',(-0.4249999993215,-7.9,-4.050000000009));
#15461=CARTESIAN_POINT('',(-2.89999999284612,-7.9,0.0999999930805274));
#15462=CARTESIAN_POINT('',(-3.65,-7.9,0.8000000000001));
#15463=CARTESIAN_POINT('',(-2.899999980299,-7.9,-8.2));
#15464=CARTESIAN_POINT('',(2.05,-7.9,0.09999999999296));
#15465=CARTESIAN_POINT('',(2.05,-7.9,0.09999999999296));
#15466=CARTESIAN_POINT('',(2.05,-7.9,0.09999999999296));
#15467=CARTESIAN_POINT('Origin',(-0.2249999999991,-9.91838279323,0.1000000000002));
#15468=CARTESIAN_POINT('',(2.05,-7.44,0.09999999999296));
#15469=CARTESIAN_POINT('Origin',(2.05,-7.67,-3.9));
#15470=CARTESIAN_POINT('Origin',(-2.9,-7.28173116388,-4.050000000093));
#15471=CARTESIAN_POINT('',(-2.899999956625,-6.663467414106,0.09999999557248));
#15472=CARTESIAN_POINT('',(-2.89999994211,-6.6634897641,-8.2));
#15473=CARTESIAN_POINT('Origin',(-3.274999990054,-6.3125,0.4499999907171));
#15474=CARTESIAN_POINT('Origin',(-2.749999898155,-6.66355339061,0.2660000000002));
#15475=CARTESIAN_POINT('',(-2.643895903959,-6.55752535412,0.1000000000002));
#15476=CARTESIAN_POINT('Origin',(-2.532312543256,-6.66910871111,-4.05));
#15477=CARTESIAN_POINT('',(-2.420710576046,-6.780710678342,-8.2));
#15478=CARTESIAN_POINT('Origin',(-2.349999898155,-6.71000000001,0.2660000000002));
#15479=CARTESIAN_POINT('',(-2.249999898155,-6.71000000001,0.1000000000002));
#15480=CARTESIAN_POINT('Origin',(-2.249999898155,-5.36000000001,-4.05));
#15481=CARTESIAN_POINT('',(-2.249999898155,-4.010000000005,-8.2));
#15482=CARTESIAN_POINT('Origin',(-2.349999898155,-4.010000000004,0.2660000000002));
#15483=CARTESIAN_POINT('',(-2.42071057597,-3.939289321599,0.1000000000002));
#15484=CARTESIAN_POINT('Origin',(-2.532322245912,-4.050900991562,-4.05));
#15485=CARTESIAN_POINT('',(-2.643933894255,-4.16251263988,-8.2));
#15486=CARTESIAN_POINT('Origin',(-2.749999898155,-4.056446609404,0.2660000000002));
#15487=CARTESIAN_POINT('Origin',(-2.9,6.72177299235,-4.05000000249));
#15488=CARTESIAN_POINT('',(-2.89999994733802,6.10354779939486,0.0999999962495242));
#15489=CARTESIAN_POINT('',(-2.899999963767,6.103547799393,0.09999999511353));
#15490=CARTESIAN_POINT('',(-2.899999963767,6.103547799393,0.09999999511353));
#15491=CARTESIAN_POINT('Origin',(-3.274999991684,5.75250000176,0.4499999922387));
#15492=CARTESIAN_POINT('',(-2.89999998058612,3.86,0.0999999942094035));
#15493=CARTESIAN_POINT('',(-2.899999979656,3.86,0.09999999384396));
#15494=CARTESIAN_POINT('',(-3.65,3.86,0.8000000000002));
#15495=CARTESIAN_POINT('Origin',(-3.557420704425,3.86,0.4499999977322));
#15496=CARTESIAN_POINT('',(-3.75000000005178,3.86,0.0999999992693396));
#15497=CARTESIAN_POINT('',(-3.749999999978,3.86,0.09999999894419));
#15498=CARTESIAN_POINT('',(-3.932933640144,3.86,0.6026060431313));
#15499=CARTESIAN_POINT('',(-3.749999999978,3.86,0.09999999894419));
#15500=CARTESIAN_POINT('Origin',(-4.214841426331,3.86,0.5000000000002));
#15501=CARTESIAN_POINT('Origin',(-4.214841426331,3.91622970162,0.5000000000002));
#15502=CARTESIAN_POINT('',(-3.932933640144,3.86,0.6026060431313));
#15503=CARTESIAN_POINT('Origin',(-3.841466820217,3.06,0.3513030211215));
#15504=CARTESIAN_POINT('',(-3.749999999724,2.26,0.09999999824872));
#15505=CARTESIAN_POINT('Origin',(-2.999999949108,4.255,0.1000000000002));
#15506=CARTESIAN_POINT('',(-2.64393395530954,5.99748729907623,0.1000000000002));
#15507=CARTESIAN_POINT('Origin',(-2.749999898155,6.1035533906,0.1000000000002));
#15508=CARTESIAN_POINT('',(-2.420710575867,6.22071067851,0.1000000000002));
#15509=CARTESIAN_POINT('',(-2.643933956437,5.997487297942,0.1000000000002));
#15510=CARTESIAN_POINT('',(-2.249999898155,6.15,0.1000000000002));
#15511=CARTESIAN_POINT('Origin',(-2.349999898155,6.15,0.1000000000002));
#15512=CARTESIAN_POINT('',(-2.249999898155,3.45,0.1000000000002));
#15513=CARTESIAN_POINT('',(-2.249999898155,3.45,0.1000000000002));
#15514=CARTESIAN_POINT('',(-2.420710575963,3.379289321571,0.1000000000002));
#15515=CARTESIAN_POINT('Origin',(-2.349999898155,3.45,0.1000000000002));
#15516=CARTESIAN_POINT('',(-2.643932268549,3.60251101415,0.1000000000002));
#15517=CARTESIAN_POINT('',(-2.420710575988,3.379289321615,0.1000000000002));
#15518=CARTESIAN_POINT('',(-2.89999992524071,3.49652710502909,0.0999999992711561));
#15519=CARTESIAN_POINT('Origin',(-2.749999898155,3.4964466094,0.1000000000002));
#15520=CARTESIAN_POINT('',(-2.9,2.260004474629,0.1000000000002));
#15521=CARTESIAN_POINT('Origin',(-2.9,2.260061209092,-4.050000004045));
#15522=CARTESIAN_POINT('',(-2.899999940738,1.023550663687,0.09999998487173));
#15523=CARTESIAN_POINT('',(-2.899999939744,3.496492234326,-8.2));
#15524=CARTESIAN_POINT('Origin',(-2.749999898155,3.4964466094,0.2660000000002));
#15525=CARTESIAN_POINT('',(-2.643932268549,3.60251101415,0.1000000000002));
#15526=CARTESIAN_POINT('Origin',(-2.532321261066,3.49090000671,-4.05));
#15527=CARTESIAN_POINT('',(-2.42071057596,3.379289321585,-8.2));
#15528=CARTESIAN_POINT('Origin',(-2.349999898155,3.45,0.2660000000002));
#15529=CARTESIAN_POINT('',(-2.249999898155,3.45,0.1000000000002));
#15530=CARTESIAN_POINT('Origin',(-2.249999898155,4.8,-4.05));
#15531=CARTESIAN_POINT('',(-2.249999898155,6.15,-8.2));
#15532=CARTESIAN_POINT('Origin',(-2.349999898155,6.15,0.2660000000002));
#15533=CARTESIAN_POINT('',(-2.420710575867,6.22071067851,0.1000000000002));
#15534=CARTESIAN_POINT('Origin',(-2.532322318126,6.10909893623,-4.05));
#15535=CARTESIAN_POINT('',(-2.643933953006,5.997487301377,-8.2));
#15536=CARTESIAN_POINT('Origin',(-2.749999898155,6.1035533906,0.2660000000002));
#15537=CARTESIAN_POINT('Origin',(-2.749999898155,1.0235533906,0.2660000000002));
#15538=CARTESIAN_POINT('',(-2.6439339200434,0.917487334341103,0.1000000000002));
#15539=CARTESIAN_POINT('',(-2.643933919775,0.9174873346049,-8.2));
#15540=CARTESIAN_POINT('Origin',(-2.749999898155,1.0235533906,0.1000000000002));
#15541=CARTESIAN_POINT('Origin',(-2.574999909989,-0.280000000003,0.1000000000002));
#15542=CARTESIAN_POINT('',(-2.249999898155,-1.630000000005,0.1000000000002));
#15543=CARTESIAN_POINT('',(-2.249999898155,1.07,0.1000000000002));
#15544=CARTESIAN_POINT('',(-2.249999898155,-1.630000000005,0.1000000000002));
#15545=CARTESIAN_POINT('',(-2.420710575964,-1.700710678433,0.1000000000002));
#15546=CARTESIAN_POINT('Origin',(-2.349999898155,-1.630000000005,0.1000000000002));
#15547=CARTESIAN_POINT('',(-2.64390771723369,-1.47751354003682,0.1000000000002));
#15548=CARTESIAN_POINT('',(-2.420710575998,-1.70071067838,0.1000000000002));
#15549=CARTESIAN_POINT('Origin',(-2.749999898155,-1.583553390605,0.1000000000002));
#15550=CARTESIAN_POINT('',(-2.420710575863,1.140710678512,0.1000000000002));
#15551=CARTESIAN_POINT('',(-2.643933921427,0.9174873329502,0.1000000000002));
#15552=CARTESIAN_POINT('Origin',(-2.349999898155,1.07,0.1000000000002));
#15553=CARTESIAN_POINT('Origin',(-2.249999898155,-0.280000000002,-4.05));
#15554=CARTESIAN_POINT('',(-2.249999898155,-1.630000000005,0.1000000000002));
#15555=CARTESIAN_POINT('',(-2.249999898155,1.07,-8.2));
#15556=CARTESIAN_POINT('Origin',(-2.349999898155,1.07,0.2660000000002));
#15557=CARTESIAN_POINT('',(-2.420710575863,1.140710678512,0.1000000000002));
#15558=CARTESIAN_POINT('Origin',(-2.532322276942,1.029098977413,-4.05));
#15559=CARTESIAN_POINT('Origin',(-2.349999898155,-1.630000000005,0.2660000000002));
#15560=CARTESIAN_POINT('',(-2.420710576003,-1.700710678378,-8.2));
#15561=CARTESIAN_POINT('Origin',(-2.532319336728,-1.589101917632,-4.05));
#15562=CARTESIAN_POINT('',(-2.643907715878,-1.477513538682,0.1000000000002));
#15563=CARTESIAN_POINT('Origin',(-2.749999898155,-1.583553390605,0.2660000000002));
#15564=CARTESIAN_POINT('Origin',(-3.841466820264,-3.62,0.3513030212508));
#15565=CARTESIAN_POINT('Origin',(-6.92140662713,-4.476229701618,0.5000000000002));
#15566=CARTESIAN_POINT('',(-6.626649504647,-4.42,0.5558411921951));
#15567=CARTESIAN_POINT('',(-6.626649504647,-2.82,0.555841192201));
#15568=CARTESIAN_POINT('Origin',(-6.92140662713,-4.42,0.5000000000002));
#15569=CARTESIAN_POINT('Origin',(-5.585536429291,-4.42,-1.605702568764));
#15570=CARTESIAN_POINT('',(-5.936305420227,-4.42,-3.088132509917));
#15571=CARTESIAN_POINT('',(-5.766437354269,-4.42,-3.378086077787));
#15572=CARTESIAN_POINT('Origin',(-5.445043549429,-4.42,-2.995063856224));
#15573=CARTESIAN_POINT('',(-5.081380143693,-4.42,-3.952917330516));
#15574=CARTESIAN_POINT('',(-5.766437354269,-4.42,-3.378086077786));
#15575=CARTESIAN_POINT('',(-4.763353143491,-4.42,-3.955692710083));
#15576=CARTESIAN_POINT('Origin',(-4.920683241273,-4.42,-3.761406219735));
#15577=CARTESIAN_POINT('',(-4.342669902249,-4.42,-3.615030138294));
#15578=CARTESIAN_POINT('',(-4.763353143494,-4.42,-3.955692710086));
#15579=CARTESIAN_POINT('',(-4.305713509633,-4.42,-3.263413550162));
#15580=CARTESIAN_POINT('Origin',(-4.5,-4.42,-3.42074364792));
#15581=CARTESIAN_POINT('',(-4.6,-4.42,-2.9));
#15582=CARTESIAN_POINT('',(-4.30571350963,-4.42,-3.263413550165));
#15583=CARTESIAN_POINT('',(-4.6,-4.42,0.5000000000003));
#15584=CARTESIAN_POINT('',(-4.6,-4.42,0.5000000000003));
#15585=CARTESIAN_POINT('Origin',(-4.3,-4.42,0.5000000000002));
#15586=CARTESIAN_POINT('',(-6.626649504647,-4.42,0.5558411922005));
#15587=CARTESIAN_POINT('Origin',(-5.445043549429,-2.763770298382,-2.995063856224));
#15588=CARTESIAN_POINT('',(-5.766437354267,-2.82,-3.378086077788));
#15589=CARTESIAN_POINT('',(-5.936305420228,-4.42,-3.088132509902));
#15590=CARTESIAN_POINT('Origin',(-5.423908748982,-3.62,-3.66550170415));
#15591=CARTESIAN_POINT('',(-5.081380143693,-4.42,-3.952917330516));
#15592=CARTESIAN_POINT('Origin',(-4.920683241273,-2.763770298382,-3.761406219735));
#15593=CARTESIAN_POINT('',(-4.763353143495,-2.82,-3.955692710087));
#15594=CARTESIAN_POINT('Origin',(-4.553011522871,-3.62,-3.78536142419));
#15595=CARTESIAN_POINT('',(-4.342669902249,-4.42,-3.615030138294));
#15596=CARTESIAN_POINT('Origin',(-4.5,-2.763770298382,-3.42074364792));
#15597=CARTESIAN_POINT('',(-4.305713509627,-2.82,-3.263413550169));
#15598=CARTESIAN_POINT('Origin',(-4.452856754813,-3.62,-3.081706775086));
#15599=CARTESIAN_POINT('',(-4.6,-4.42,-2.9));
#15600=CARTESIAN_POINT('Origin',(-4.6,-3.62,-1.2));
#15601=CARTESIAN_POINT('',(-4.6,-4.42,0.5000000000003));
#15602=CARTESIAN_POINT('Origin',(-4.3,-4.476229701618,0.5000000000002));
#15603=CARTESIAN_POINT('Origin',(-6.281477462436,-3.62,-1.266145658849));
#15604=CARTESIAN_POINT('Origin',(-4.3,2.20377029838,0.5000000000002));
#15605=CARTESIAN_POINT('',(-4.6,3.86,0.5000000000004));
#15606=CARTESIAN_POINT('',(-4.6,2.26,0.5000000000003));
#15607=CARTESIAN_POINT('Origin',(-4.3,3.86,0.5000000000002));
#15608=CARTESIAN_POINT('Origin',(-5.585703313565,3.86,-1.605702568764));
#15609=CARTESIAN_POINT('',(-4.6,3.86,-2.9));
#15610=CARTESIAN_POINT('',(-4.6,3.86,0.5000000000004));
#15611=CARTESIAN_POINT('',(-4.305713509633,3.86,-3.263413550161));
#15612=CARTESIAN_POINT('',(-4.6,3.86,-2.9));
#15613=CARTESIAN_POINT('',(-4.342669902244,3.86,-3.61503013829));
#15614=CARTESIAN_POINT('Origin',(-4.5,3.86,-3.42074364792));
#15615=CARTESIAN_POINT('',(-4.763353143504,3.86,-3.955692710094));
#15616=CARTESIAN_POINT('',(-4.342669902244,3.86,-3.61503013829));
#15617=CARTESIAN_POINT('',(-5.081380143692,3.86,-3.952917330516));
#15618=CARTESIAN_POINT('Origin',(-4.920683241273,3.86,-3.761406219735));
#15619=CARTESIAN_POINT('',(-5.766437354272,3.86,-3.378086077783));
#15620=CARTESIAN_POINT('',(-5.081380143692,3.86,-3.952917330516));
#15621=CARTESIAN_POINT('',(-5.936305420229,3.86,-3.088132509894));
#15622=CARTESIAN_POINT('Origin',(-5.445043549429,3.86,-2.995063856224));
#15623=CARTESIAN_POINT('',(-6.626649504649,3.86,0.5558411922024));
#15624=CARTESIAN_POINT('',(-5.936305420229,3.86,-3.088132509894));
#15625=CARTESIAN_POINT('Origin',(-6.92140662713,3.86,0.5000000000002));
#15626=CARTESIAN_POINT('Origin',(-6.92140662713,2.20377029838,0.5000000000002));
#15627=CARTESIAN_POINT('',(-6.626649504648,3.86,0.5558411922058));
#15628=CARTESIAN_POINT('Origin',(-6.281477462437,3.06,-1.266145658842));
#15629=CARTESIAN_POINT('',(-5.936305420228,2.26,-3.088132509897));
#15630=CARTESIAN_POINT('Origin',(-5.445043549429,3.91622970162,-2.995063856224));
#15631=CARTESIAN_POINT('',(-5.766437354272,3.86,-3.378086077783));
#15632=CARTESIAN_POINT('Origin',(-5.423908748982,3.06,-3.66550170415));
#15633=CARTESIAN_POINT('',(-5.081380143692,2.26,-3.952917330516));
#15634=CARTESIAN_POINT('Origin',(-4.920683241273,3.91622970162,-3.761406219735));
#15635=CARTESIAN_POINT('',(-4.763353143503,3.86,-3.955692710093));
#15636=CARTESIAN_POINT('Origin',(-4.553011522874,3.06,-3.785361424192));
#15637=CARTESIAN_POINT('',(-4.342669902245,2.26,-3.61503013829));
#15638=CARTESIAN_POINT('Origin',(-4.5,3.91622970162,-3.42074364792));
#15639=CARTESIAN_POINT('',(-4.305713509633,3.86,-3.263413550161));
#15640=CARTESIAN_POINT('Origin',(-4.452856754817,3.06,-3.081706775081));
#15641=CARTESIAN_POINT('',(-4.6,2.26,-2.9));
#15642=CARTESIAN_POINT('Origin',(-4.6,3.06,-1.2));
#15643=CARTESIAN_POINT('Origin',(-8.847338052005,7.34,6.146737618499));
#15644=CARTESIAN_POINT('',(-7.950311999465,7.31,6.146737618499));
#15645=CARTESIAN_POINT('',(-7.950311999465,7.34,6.146737618499));
#15646=CARTESIAN_POINT('',(-8.85015599946597,7.31,6.146737618499));
#15647=CARTESIAN_POINT('',(-4.4236690260025,7.31,6.146737618499));
#15648=CARTESIAN_POINT('',(-8.85015599946597,7.34,6.146737618499));
#15649=CARTESIAN_POINT('Origin',(-9.749999999469,7.34,5.247386213472));
#15650=CARTESIAN_POINT('',(-9.749999999469,7.31,5.247386213472));
#15651=CARTESIAN_POINT('',(-8.62301164839655,7.31,6.37375762560862));
#15652=CARTESIAN_POINT('',(-9.749999999469,7.34,5.247386213472));
#15653=CARTESIAN_POINT('Origin',(-8.850155999467,7.34,4.347049618495));
#15654=CARTESIAN_POINT('',(-8.850155999467,7.31,4.347049618495));
#15655=CARTESIAN_POINT('',(-8.850155999467,7.31,4.347049618495));
#15656=CARTESIAN_POINT('',(-8.850155999467,7.34,4.347049618495));
#15657=CARTESIAN_POINT('Origin',(-7.950311999465,7.34,4.347049618495));
#15658=CARTESIAN_POINT('',(-7.950311999465,7.31,4.347049618495));
#15659=CARTESIAN_POINT('',(-7.950311999465,7.31,4.347049618495));
#15660=CARTESIAN_POINT('',(-7.950311999465,7.34,4.347049618495));
#15661=CARTESIAN_POINT('Origin',(-7.950311999465,7.34,6.146737618499));
#15662=CARTESIAN_POINT('',(-7.950311999465,7.31,6.146737618499));
#15663=CARTESIAN_POINT('Origin',(0.,7.31,0.));
#15664=CARTESIAN_POINT('',(-8.850155999467,7.31,6.085835818078));
#15665=CARTESIAN_POINT('',(-8.850155999467,7.31,4.410678197936));
#15666=CARTESIAN_POINT('',(-8.850155999467,7.31,6.085835818078));
#15667=CARTESIAN_POINT('',(-8.013890725163,7.31,5.246943472241));
#15668=CARTESIAN_POINT('',(-8.850155999467,7.31,4.410678197936));
#15669=CARTESIAN_POINT('',(-8.013890725163,7.31,5.246943472241));
#15670=CARTESIAN_POINT('Origin',(0.,7.31,0.));
#15671=CARTESIAN_POINT('',(-7.350415999577,7.31,7.9057558512));
#15672=CARTESIAN_POINT('',(-6.450571999576,7.31,8.194282606275));
#15673=CARTESIAN_POINT('',(-7.350415999577,7.31,7.9057558512));
#15674=CARTESIAN_POINT('',(-6.450571999576,7.31,7.877078183409));
#15675=CARTESIAN_POINT('',(-6.450571999576,7.31,8.194282606275));
#15676=CARTESIAN_POINT('',(-6.452043012916,7.31,7.803991045563));
#15677=CARTESIAN_POINT('',(-6.450571999576,7.31,7.877078183409));
#15678=CARTESIAN_POINT('',(-6.456493892868,7.31,7.744355876234));
#15679=CARTESIAN_POINT('',(-6.452043012916,7.31,7.803991045563));
#15680=CARTESIAN_POINT('',(-6.463976668881,7.31,7.698125376206));
#15681=CARTESIAN_POINT('',(-6.456493892868,7.31,7.744355876234));
#15682=CARTESIAN_POINT('',(-6.483468779511,7.31,7.632204107431));
#15683=CARTESIAN_POINT('',(-6.463976668881,7.31,7.698125376206));
#15684=CARTESIAN_POINT('',(-6.508873323752,7.31,7.573907513095));
#15685=CARTESIAN_POINT('',(-6.483468779511,7.31,7.632204107431));
#15686=CARTESIAN_POINT('',(-6.540232871374,7.31,7.523282892409));
#15687=CARTESIAN_POINT('',(-6.508873323752,7.31,7.573907513095));
#15688=CARTESIAN_POINT('',(-6.589561486433,7.31,7.464853859727));
#15689=CARTESIAN_POINT('',(-6.540232871374,7.31,7.523282892409));
#15690=CARTESIAN_POINT('',(-6.649177736,7.31,7.411646687872));
#15691=CARTESIAN_POINT('',(-6.589561486433,7.31,7.464853859727));
#15692=CARTESIAN_POINT('',(-6.71917148865,7.31,7.363618807875));
#15693=CARTESIAN_POINT('',(-6.649177736,7.31,7.411646687872));
#15694=CARTESIAN_POINT('',(-6.797858883802,7.31,7.324076452582));
#15695=CARTESIAN_POINT('',(-6.71917148865,7.31,7.363618807875));
#15696=CARTESIAN_POINT('',(-6.883915535982,7.31,7.295961649066));
#15697=CARTESIAN_POINT('',(-6.797858883802,7.31,7.324076452582));
#15698=CARTESIAN_POINT('',(-6.977289416142,7.31,7.279373725589));
#15699=CARTESIAN_POINT('',(-6.883915535982,7.31,7.295961649066));
#15700=CARTESIAN_POINT('',(-7.021088723509,7.31,7.276091142356));
#15701=CARTESIAN_POINT('',(-6.977289416142,7.31,7.279373725589));
#15702=CARTESIAN_POINT('',(-7.0624662979,7.31,7.27625196055));
#15703=CARTESIAN_POINT('',(-7.021088723509,7.31,7.276091142356));
#15704=CARTESIAN_POINT('',(-7.101516738936,7.31,7.279785230953));
#15705=CARTESIAN_POINT('',(-7.0624662979,7.31,7.27625196055));
#15706=CARTESIAN_POINT('',(-7.137923139269,7.31,7.286492295447));
#15707=CARTESIAN_POINT('',(-7.101516738936,7.31,7.279785230953));
#15708=CARTESIAN_POINT('',(-7.171344943553,7.31,7.296183956391));
#15709=CARTESIAN_POINT('',(-7.137923139269,7.31,7.286492295447));
#15710=CARTESIAN_POINT('',(-7.201867290122,7.31,7.308850754104));
#15711=CARTESIAN_POINT('',(-7.171344943553,7.31,7.296183956391));
#15712=CARTESIAN_POINT('',(-7.22954220923,7.31,7.324218351009));
#15713=CARTESIAN_POINT('',(-7.201867290122,7.31,7.308850754104));
#15714=CARTESIAN_POINT('',(-7.254379159755,7.31,7.342092820031));
#15715=CARTESIAN_POINT('',(-7.22954220923,7.31,7.324218351009));
#15716=CARTESIAN_POINT('',(-7.276468011478,7.31,7.3625592999));
#15717=CARTESIAN_POINT('',(-7.254379159755,7.31,7.342092820031));
#15718=CARTESIAN_POINT('',(-7.295619565958,7.31,7.385201555417));
#15719=CARTESIAN_POINT('',(-7.276468011478,7.31,7.3625592999));
#15720=CARTESIAN_POINT('',(-7.311649355802,7.31,7.409972286567));
#15721=CARTESIAN_POINT('',(-7.295619565958,7.31,7.385201555417));
#15722=CARTESIAN_POINT('',(-7.32464251934,7.31,7.436805275186));
#15723=CARTESIAN_POINT('',(-7.311649355802,7.31,7.409972286567));
#15724=CARTESIAN_POINT('',(-7.334840284869,7.31,7.466315412983));
#15725=CARTESIAN_POINT('',(-7.32464251934,7.31,7.436805275186));
#15726=CARTESIAN_POINT('',(-7.342389279854,7.31,7.498739198425));
#15727=CARTESIAN_POINT('',(-7.334840284869,7.31,7.466315412983));
#15728=CARTESIAN_POINT('',(-7.347284774857,7.31,7.53402933149));
#15729=CARTESIAN_POINT('',(-7.342389279854,7.31,7.498739198425));
#15730=CARTESIAN_POINT('',(-7.349025395132,7.31,7.560786640648));
#15731=CARTESIAN_POINT('',(-7.347284774857,7.31,7.53402933149));
#15732=CARTESIAN_POINT('',(-7.350065983747,7.31,7.603885915953));
#15733=CARTESIAN_POINT('',(-7.349025395132,7.31,7.560786640648));
#15734=CARTESIAN_POINT('',(-7.350415999577,7.31,7.66335553725));
#15735=CARTESIAN_POINT('',(-7.350065983747,7.31,7.603885915953));
#15736=CARTESIAN_POINT('',(-7.350415999577,7.31,7.66335553725));
#15737=CARTESIAN_POINT('',(-6.595336751456,7.31,7.962794279438));
#15738=CARTESIAN_POINT('',(-7.201867290122,7.31,7.768719832262));
#15739=CARTESIAN_POINT('',(-6.595336751456,7.31,7.962794279438));
#15740=CARTESIAN_POINT('',(-7.201867290122,7.31,7.661458828621));
#15741=CARTESIAN_POINT('',(-7.201867290122,7.31,7.768719832262));
#15742=CARTESIAN_POINT('',(-7.200623314348,7.31,7.612650507266));
#15743=CARTESIAN_POINT('',(-7.201867290122,7.31,7.661458828621));
#15744=CARTESIAN_POINT('',(-7.196905576147,7.31,7.575194058636));
#15745=CARTESIAN_POINT('',(-7.200623314348,7.31,7.612650507266));
#15746=CARTESIAN_POINT('',(-7.190770835211,7.31,7.5491320517));
#15747=CARTESIAN_POINT('',(-7.196905576147,7.31,7.575194058636));
#15748=CARTESIAN_POINT('',(-7.176524235414,7.31,7.521991617025));
#15749=CARTESIAN_POINT('',(-7.190770835211,7.31,7.5491320517));
#15750=CARTESIAN_POINT('',(-7.155154335518,7.31,7.498918936379));
#15751=CARTESIAN_POINT('',(-7.176524235414,7.31,7.521991617025));
#15752=CARTESIAN_POINT('',(-7.126656406083,7.31,7.479800491587));
#15753=CARTESIAN_POINT('',(-7.155154335518,7.31,7.498918936379));
#15754=CARTESIAN_POINT('',(-7.089299286114,7.31,7.466693808661));
#15755=CARTESIAN_POINT('',(-7.126656406083,7.31,7.479800491587));
#15756=CARTESIAN_POINT('',(-7.041323435972,7.31,7.461713174922));
#15757=CARTESIAN_POINT('',(-7.089299286114,7.31,7.466693808661));
#15758=CARTESIAN_POINT('',(-6.982724125014,7.31,7.464811289956));
#15759=CARTESIAN_POINT('',(-7.041323435972,7.31,7.461713174922));
#15760=CARTESIAN_POINT('',(-6.91116002956,7.31,7.476962523406));
#15761=CARTESIAN_POINT('',(-6.982724125014,7.31,7.464811289956));
#15762=CARTESIAN_POINT('',(-6.846052311829,7.31,7.496724240971));
#15763=CARTESIAN_POINT('',(-6.91116002956,7.31,7.476962523406));
#15764=CARTESIAN_POINT('',(-6.787457730712,7.31,7.524044414008));
#15765=CARTESIAN_POINT('',(-6.846052311829,7.31,7.496724240971));
#15766=CARTESIAN_POINT('',(-6.735995909777,7.31,7.556605367631));
#15767=CARTESIAN_POINT('',(-6.787457730712,7.31,7.524044414008));
#15768=CARTESIAN_POINT('',(-6.691846586176,7.31,7.59216037779));
#15769=CARTESIAN_POINT('',(-6.735995909777,7.31,7.556605367631));
#15770=CARTESIAN_POINT('',(-6.655057059924,7.31,7.630766203778));
#15771=CARTESIAN_POINT('',(-6.691846586176,7.31,7.59216037779));
#15772=CARTESIAN_POINT('',(-6.634495981235,7.31,7.659287782816));
#15773=CARTESIAN_POINT('',(-6.655057059924,7.31,7.630766203778));
#15774=CARTESIAN_POINT('',(-6.618830397146,7.31,7.688996578738));
#15775=CARTESIAN_POINT('',(-6.634495981235,7.31,7.659287782816));
#15776=CARTESIAN_POINT('',(-6.607904220109,7.31,7.719797992326));
#15777=CARTESIAN_POINT('',(-6.618830397146,7.31,7.688996578738));
#15778=CARTESIAN_POINT('',(-6.60092281884,7.31,7.757353770014));
#15779=CARTESIAN_POINT('',(-6.607904220109,7.31,7.719797992326));
#15780=CARTESIAN_POINT('',(-6.596732085742,7.31,7.807013481543));
#15781=CARTESIAN_POINT('',(-6.60092281884,7.31,7.757353770014));
#15782=CARTESIAN_POINT('',(-6.595336751456,7.31,7.868923755179));
#15783=CARTESIAN_POINT('',(-6.596732085742,7.31,7.807013481543));
#15784=CARTESIAN_POINT('',(-6.595336751456,7.31,7.868923755179));
#15785=CARTESIAN_POINT('Origin',(0.,7.31,0.));
#15786=CARTESIAN_POINT('',(-7.350415999577,7.31,6.931646956153));
#15787=CARTESIAN_POINT('',(-6.450571999576,7.31,7.219748015941));
#15788=CARTESIAN_POINT('',(-7.350415999577,7.31,6.931646956153));
#15789=CARTESIAN_POINT('',(-6.450571999576,7.31,6.51684481114));
#15790=CARTESIAN_POINT('',(-6.450571999576,7.31,7.219748015941));
#15791=CARTESIAN_POINT('',(-6.600998497896,7.31,6.468263527353));
#15792=CARTESIAN_POINT('',(-6.450571999576,7.31,6.51684481114));
#15793=CARTESIAN_POINT('',(-6.600998497896,7.31,6.991816609512));
#15794=CARTESIAN_POINT('',(-6.600998497896,7.31,6.468263527353));
#15795=CARTESIAN_POINT('',(-6.845295520476,7.31,6.908276289129));
#15796=CARTESIAN_POINT('',(-6.600998497896,7.31,6.991816609512));
#15797=CARTESIAN_POINT('',(-6.845295520476,7.31,6.442324499082));
#15798=CARTESIAN_POINT('',(-6.845295520476,7.31,6.908276289129));
#15799=CARTESIAN_POINT('',(-6.995722018795,7.31,6.394353378781));
#15800=CARTESIAN_POINT('',(-6.845295520476,7.31,6.442324499082));
#15801=CARTESIAN_POINT('',(-6.995722018795,7.31,6.8600828611));
#15802=CARTESIAN_POINT('',(-6.995722018795,7.31,6.394353378781));
#15803=CARTESIAN_POINT('',(-7.199989501258,7.31,6.794407549653));
#15804=CARTESIAN_POINT('',(-6.995722018795,7.31,6.8600828611));
#15805=CARTESIAN_POINT('',(-7.199989501258,7.31,6.312548948834));
#15806=CARTESIAN_POINT('',(-7.199989501258,7.31,6.794407549653));
#15807=CARTESIAN_POINT('',(-7.350415999577,7.31,6.264577828132));
#15808=CARTESIAN_POINT('',(-7.199989501258,7.31,6.312548948834));
#15809=CARTESIAN_POINT('',(-7.350415999577,7.31,6.264577828132));
#15810=CARTESIAN_POINT('Origin',(0.,7.31,0.));
#15811=CARTESIAN_POINT('',(-7.061293271341,7.31,6.131803491504));
#15812=CARTESIAN_POINT('',(-6.979857776986,7.31,6.16983699353));
#15813=CARTESIAN_POINT('',(-7.061293271341,7.31,6.131803491504));
#15814=CARTESIAN_POINT('',(-6.896000550057,7.31,6.196556463161));
#15815=CARTESIAN_POINT('',(-6.979857776986,7.31,6.16983699353));
#15816=CARTESIAN_POINT('',(-6.809674290941,7.31,6.211971359677));
#15817=CARTESIAN_POINT('',(-6.896000550057,7.31,6.196556463161));
#15818=CARTESIAN_POINT('',(-6.6894248532,7.31,6.211820001569));
#15819=CARTESIAN_POINT('',(-6.809674290941,7.31,6.211971359677));
#15820=CARTESIAN_POINT('',(-6.589745954231,7.31,6.18237608274));
#15821=CARTESIAN_POINT('',(-6.6894248532,7.31,6.211820001569));
#15822=CARTESIAN_POINT('',(-6.510699083166,7.31,6.123738932254));
#15823=CARTESIAN_POINT('',(-6.589745954231,7.31,6.18237608274));
#15824=CARTESIAN_POINT('',(-6.468801214668,7.31,6.060286695662));
#15825=CARTESIAN_POINT('',(-6.510699083166,7.31,6.123738932254));
#15826=CARTESIAN_POINT('',(-6.44366154712,7.31,5.9777538538));
#15827=CARTESIAN_POINT('',(-6.468801214668,7.31,6.060286695662));
#15828=CARTESIAN_POINT('',(-6.435280081726,7.31,5.876088377227));
#15829=CARTESIAN_POINT('',(-6.44366154712,7.31,5.9777538538));
#15830=CARTESIAN_POINT('',(-6.438832271491,7.31,5.804524282174));
#15831=CARTESIAN_POINT('',(-6.435280081726,7.31,5.876088377227));
#15832=CARTESIAN_POINT('',(-6.449460462149,7.31,5.733106815393));
#15833=CARTESIAN_POINT('',(-6.438832271491,7.31,5.804524282174));
#15834=CARTESIAN_POINT('',(-6.467126813365,7.31,5.661788677268));
#15835=CARTESIAN_POINT('',(-6.449460462149,7.31,5.733106815393));
#15836=CARTESIAN_POINT('',(-6.490029215734,7.31,5.593861911119));
#15837=CARTESIAN_POINT('',(-6.467126813365,7.31,5.661788677268));
#15838=CARTESIAN_POINT('',(-6.516010813775,7.31,5.532727348604));
#15839=CARTESIAN_POINT('',(-6.490029215734,7.31,5.593861911119));
#15840=CARTESIAN_POINT('',(-6.54505741676,7.31,5.478380259876));
#15841=CARTESIAN_POINT('',(-6.516010813775,7.31,5.532727348604));
#15842=CARTESIAN_POINT('',(-6.93118189438,7.31,5.354304295192));
#15843=CARTESIAN_POINT('',(-6.54505741676,7.31,5.478380259876));
#15844=CARTESIAN_POINT('',(-6.93118189438,7.31,5.757002506362));
#15845=CARTESIAN_POINT('',(-6.93118189438,7.31,5.354304295192));
#15846=CARTESIAN_POINT('',(-6.780755396059,7.31,5.805158094863));
#15847=CARTESIAN_POINT('',(-6.93118189438,7.31,5.757002506362));
#15848=CARTESIAN_POINT('',(-6.780755396059,7.31,5.57553336737));
#15849=CARTESIAN_POINT('',(-6.780755396059,7.31,5.805158094863));
#15850=CARTESIAN_POINT('',(-6.647087099492,7.31,5.618065048955));
#15851=CARTESIAN_POINT('',(-6.780755396059,7.31,5.57553336737));
#15852=CARTESIAN_POINT('',(-6.632140467632,7.31,5.651851058996));
#15853=CARTESIAN_POINT('',(-6.647087099492,7.31,5.618065048955));
#15854=CARTESIAN_POINT('',(-6.618731068486,7.31,5.689340617308));
#15855=CARTESIAN_POINT('',(-6.632140467632,7.31,5.651851058996));
#15856=CARTESIAN_POINT('',(-6.606863631896,7.31,5.730467504931));
#15857=CARTESIAN_POINT('',(-6.618731068486,7.31,5.689340617308));
#15858=CARTESIAN_POINT('',(-6.597441577887,7.31,5.772994456678));
#15859=CARTESIAN_POINT('',(-6.606863631896,7.31,5.730467504931));
#15860=CARTESIAN_POINT('',(-6.591784561288,7.31,5.814315271779));
#15861=CARTESIAN_POINT('',(-6.597441577887,7.31,5.772994456678));
#15862=CARTESIAN_POINT('',(-6.589897312742,7.31,5.854486710325));
#15863=CARTESIAN_POINT('',(-6.591784561288,7.31,5.814315271779));
#15864=CARTESIAN_POINT('',(-6.595909075013,7.31,5.914864481089));
#15865=CARTESIAN_POINT('',(-6.589897312742,7.31,5.854486710325));
#15866=CARTESIAN_POINT('',(-6.613982201753,7.31,5.963195077702));
#15867=CARTESIAN_POINT('',(-6.595909075013,7.31,5.914864481089));
#15868=CARTESIAN_POINT('',(-6.644163992172,7.31,5.999511609056));
#15869=CARTESIAN_POINT('',(-6.613982201753,7.31,5.963195077702));
#15870=CARTESIAN_POINT('',(-6.686974740778,7.31,6.023374190744));
#15871=CARTESIAN_POINT('',(-6.644163992172,7.31,5.999511609056));
#15872=CARTESIAN_POINT('',(-6.742967851364,7.31,6.034319287543));
#15873=CARTESIAN_POINT('',(-6.686974740778,7.31,6.023374190744));
#15874=CARTESIAN_POINT('',(-6.812185892897,7.31,6.032342170018));
#15875=CARTESIAN_POINT('',(-6.742967851364,7.31,6.034319287543));
#15876=CARTESIAN_POINT('',(-6.887112980076,7.31,6.019311166552));
#15877=CARTESIAN_POINT('',(-6.812185892897,7.31,6.032342170018));
#15878=CARTESIAN_POINT('',(-6.958085831808,7.31,5.997321643889));
#15879=CARTESIAN_POINT('',(-6.887112980076,7.31,6.019311166552));
#15880=CARTESIAN_POINT('',(-7.025052418639,7.31,5.966331032263));
#15881=CARTESIAN_POINT('',(-6.958085831808,7.31,5.997321643889));
#15882=CARTESIAN_POINT('',(-7.084498390332,7.31,5.927862374867));
#15883=CARTESIAN_POINT('',(-7.025052418639,7.31,5.966331032263));
#15884=CARTESIAN_POINT('',(-7.132583029617,7.31,5.88347655402));
#15885=CARTESIAN_POINT('',(-7.084498390332,7.31,5.927862374867));
#15886=CARTESIAN_POINT('',(-7.169410395398,7.31,5.833126270511));
#15887=CARTESIAN_POINT('',(-7.132583029617,7.31,5.88347655402));
#15888=CARTESIAN_POINT('',(-7.195245364767,7.31,5.778632553111));
#15889=CARTESIAN_POINT('',(-7.169410395398,7.31,5.833126270511));
#15890=CARTESIAN_POINT('',(-7.21074540042,7.31,5.72205765969));
#15891=CARTESIAN_POINT('',(-7.195245364767,7.31,5.778632553111));
#15892=CARTESIAN_POINT('',(-7.215910502358,7.31,5.663278610373));
#15893=CARTESIAN_POINT('',(-7.21074540042,7.31,5.72205765969));
#15894=CARTESIAN_POINT('',(-7.215910502358,7.31,5.663278610373));
#15895=CARTESIAN_POINT('',(-7.177361436066,7.31,5.540205394775));
#15896=CARTESIAN_POINT('',(-7.198811744456,7.31,5.574558998129));
#15897=CARTESIAN_POINT('',(-7.147406682812,7.31,5.512927791511));
#15898=CARTESIAN_POINT('',(-7.177361436066,7.31,5.540205394775));
#15899=CARTESIAN_POINT('',(-7.109122493212,7.31,5.492773487942));
#15900=CARTESIAN_POINT('',(-7.147406682812,7.31,5.512927791511));
#15901=CARTESIAN_POINT('',(-7.062556166878,7.31,5.479647885655));
#15902=CARTESIAN_POINT('',(-7.109122493212,7.31,5.492773487942));
#15903=CARTESIAN_POINT('',(-7.082242205791,7.31,5.305032439423));
#15904=CARTESIAN_POINT('',(-7.062556166878,7.31,5.479647885655));
#15905=CARTESIAN_POINT('',(-7.167300839125,7.31,5.323138675851));
#15906=CARTESIAN_POINT('',(-7.082242205791,7.31,5.305032439423));
#15907=CARTESIAN_POINT('',(-7.237639878168,7.31,5.35694360565));
#15908=CARTESIAN_POINT('',(-7.167300839125,7.31,5.323138675851));
#15909=CARTESIAN_POINT('',(-7.293226212828,7.31,5.4064093893));
#15910=CARTESIAN_POINT('',(-7.237639878168,7.31,5.35694360565));
#15911=CARTESIAN_POINT('',(-7.333530089722,7.31,5.471621165933));
#15912=CARTESIAN_POINT('',(-7.293226212828,7.31,5.4064093893));
#15913=CARTESIAN_POINT('',(-7.357681198107,7.31,5.552323518536));
#15914=CARTESIAN_POINT('',(-7.333530089722,7.31,5.471621165933));
#15915=CARTESIAN_POINT('',(-7.365722107351,7.31,5.648511716469));
#15916=CARTESIAN_POINT('',(-7.357681198107,7.31,5.552323518536));
#15917=CARTESIAN_POINT('',(-7.356853457135,7.31,5.748928487434));
#15918=CARTESIAN_POINT('',(-7.365722107351,7.31,5.648511716469));
#15919=CARTESIAN_POINT('',(-7.330242776648,7.31,5.842340206717));
#15920=CARTESIAN_POINT('',(-7.356853457135,7.31,5.748928487434));
#15921=CARTESIAN_POINT('',(-7.285890065487,7.31,5.928694845676));
#15922=CARTESIAN_POINT('',(-7.330242776648,7.31,5.842340206717));
#15923=CARTESIAN_POINT('',(-7.225469724956,7.31,6.006450440955));
#15924=CARTESIAN_POINT('',(-7.285890065487,7.31,5.928694845676));
#15925=CARTESIAN_POINT('',(-7.150623046671,7.31,6.074135980016));
#15926=CARTESIAN_POINT('',(-7.225469724956,7.31,6.006450440955));
#15927=CARTESIAN_POINT('',(-7.150623046671,7.31,6.074135980016));
#15928=CARTESIAN_POINT('Origin',(0.,7.31,0.));
#15929=CARTESIAN_POINT('',(-6.910024842528,7.31,4.971717817818));
#15930=CARTESIAN_POINT('',(-6.888087349318,7.31,4.935812791826));
#15931=CARTESIAN_POINT('',(-6.910024842528,7.31,4.971717817818));
#15932=CARTESIAN_POINT('',(-6.862834163186,7.31,4.887718692859));
#15933=CARTESIAN_POINT('',(-6.888087349318,7.31,4.935812791826));
#15934=CARTESIAN_POINT('',(-6.80675759314104,7.31,4.76972001163211));
#15935=CARTESIAN_POINT('',(-5.28341118731107,7.31,1.56383893269195));
#15936=CARTESIAN_POINT('',(-6.784865719861,7.31,4.729473592217));
#15937=CARTESIAN_POINT('',(-5.02917887872776,7.31,1.50078562641524));
#15938=CARTESIAN_POINT('',(-6.768613622694,7.31,4.706713088279));
#15939=CARTESIAN_POINT('',(-6.784865719861,7.31,4.729473592217));
#15940=CARTESIAN_POINT('',(-6.748785685755,7.31,4.690408961659));
#15941=CARTESIAN_POINT('',(-6.768613622694,7.31,4.706713088279));
#15942=CARTESIAN_POINT('',(-6.726214379452,7.31,4.681824108304));
#15943=CARTESIAN_POINT('',(-6.748785685755,7.31,4.690408961659));
#15944=CARTESIAN_POINT('',(-6.700942273959,7.31,4.680939608039));
#15945=CARTESIAN_POINT('',(-6.726214379452,7.31,4.681824108304));
#15946=CARTESIAN_POINT('',(-6.671815261274,7.31,4.688710910754));
#15947=CARTESIAN_POINT('',(-6.700942273959,7.31,4.680939608039));
#15948=CARTESIAN_POINT('',(-6.645630276074,7.31,4.705180585403));
#15949=CARTESIAN_POINT('',(-6.671815261274,7.31,4.688710910754));
#15950=CARTESIAN_POINT('',(-6.62237312723,7.31,4.73030606303));
#15951=CARTESIAN_POINT('',(-6.645630276074,7.31,4.705180585403));
#15952=CARTESIAN_POINT('',(-6.604361490024,7.31,4.764929273717));
#15953=CARTESIAN_POINT('',(-6.62237312723,7.31,4.73030606303));
#15954=CARTESIAN_POINT('',(-6.593520451723,7.31,4.809925257651));
#15955=CARTESIAN_POINT('',(-6.604361490024,7.31,4.764929273717));
#15956=CARTESIAN_POINT('',(-6.589897312742,7.31,4.865294014826));
#15957=CARTESIAN_POINT('',(-6.593520451723,7.31,4.809925257651));
#15958=CARTESIAN_POINT('',(-6.59521377279,7.31,4.929848328766));
#15959=CARTESIAN_POINT('',(-6.589897312742,7.31,4.865294014826));
#15960=CARTESIAN_POINT('',(-6.611186803341,7.31,4.978037026951));
#15961=CARTESIAN_POINT('',(-6.59521377279,7.31,4.929848328766));
#15962=CARTESIAN_POINT('',(-6.637868433044,7.31,5.009760780328));
#15963=CARTESIAN_POINT('',(-6.611186803341,7.31,4.978037026951));
#15964=CARTESIAN_POINT('',(-6.663495285012,7.31,5.021282930526));
#15965=CARTESIAN_POINT('',(-6.637868433044,7.31,5.009760780328));
#15966=CARTESIAN_POINT('',(-6.701363239004,7.31,5.026646690185));
#15967=CARTESIAN_POINT('',(-6.663495285012,7.31,5.021282930526));
#15968=CARTESIAN_POINT('',(-6.751424996216,7.31,5.025814219775));
#15969=CARTESIAN_POINT('',(-6.701363239004,7.31,5.026646690185));
#15970=CARTESIAN_POINT('',(-6.742206329768,7.31,5.203040596622));
#15971=CARTESIAN_POINT('',(-6.751424996216,7.31,5.025814219775));
#15972=CARTESIAN_POINT('',(-6.684288131109,7.31,5.206980642148));
#15973=CARTESIAN_POINT('',(-6.742206329768,7.31,5.203040596622));
#15974=CARTESIAN_POINT('',(-6.631118799183,7.31,5.202056767699));
#15975=CARTESIAN_POINT('',(-6.684288131109,7.31,5.206980642148));
#15976=CARTESIAN_POINT('',(-6.582561165,7.31,5.188344651934));
#15977=CARTESIAN_POINT('',(-6.631118799183,7.31,5.202056767699));
#15978=CARTESIAN_POINT('',(-6.539674737339,7.31,5.164278682283));
#15979=CARTESIAN_POINT('',(-6.582561165,7.31,5.188344651934));
#15980=CARTESIAN_POINT('',(-6.503580513308,7.31,5.128274327232));
#15981=CARTESIAN_POINT('',(-6.539674737339,7.31,5.164278682283));
#15982=CARTESIAN_POINT('',(-6.474240653381,7.31,5.080359966222));
#15983=CARTESIAN_POINT('',(-6.503580513308,7.31,5.128274327232));
#15984=CARTESIAN_POINT('',(-6.452591686869,7.31,5.022711374499));
#15985=CARTESIAN_POINT('',(-6.474240653381,7.31,5.080359966222));
#15986=CARTESIAN_POINT('',(-6.439607983011,7.31,4.957168501797));
#15987=CARTESIAN_POINT('',(-6.452591686869,7.31,5.022711374499));
#15988=CARTESIAN_POINT('',(-6.435280081726,7.31,4.883769187253));
#15989=CARTESIAN_POINT('',(-6.439607983011,7.31,4.957168501797));
#15990=CARTESIAN_POINT('',(-6.444645376041,7.31,4.778726528623));
#15991=CARTESIAN_POINT('',(-6.435280081726,7.31,4.883769187253));
#15992=CARTESIAN_POINT('',(-6.472769640041,7.31,4.68811493759));
#15993=CARTESIAN_POINT('',(-6.444645376041,7.31,4.778726528623));
#15994=CARTESIAN_POINT('',(-6.519714362053,7.31,4.611849275012));
#15995=CARTESIAN_POINT('',(-6.472769640041,7.31,4.68811493759));
#15996=CARTESIAN_POINT('',(-6.579761036747,7.31,4.552791159484));
#15997=CARTESIAN_POINT('',(-6.519714362053,7.31,4.611849275012));
#15998=CARTESIAN_POINT('',(-6.647583743994,7.31,4.513811667661));
#15999=CARTESIAN_POINT('',(-6.579761036747,7.31,4.552791159484));
#16000=CARTESIAN_POINT('',(-6.723139914023,7.31,4.494924990275));
#16001=CARTESIAN_POINT('',(-6.647583743994,7.31,4.513811667661));
#16002=CARTESIAN_POINT('',(-6.783408896444,7.31,4.495260816184));
#16003=CARTESIAN_POINT('',(-6.723139914023,7.31,4.494924990275));
#16004=CARTESIAN_POINT('',(-6.835996445132,7.31,4.510510165065));
#16005=CARTESIAN_POINT('',(-6.783408896444,7.31,4.495260816184));
#16006=CARTESIAN_POINT('',(-6.880902560086,7.31,4.540639926034));
#16007=CARTESIAN_POINT('',(-6.835996445132,7.31,4.510510165065));
#16008=CARTESIAN_POINT('',(-6.911514775633,7.31,4.578030155692));
#16009=CARTESIAN_POINT('',(-6.880902560086,7.31,4.540639926034));
#16010=CARTESIAN_POINT('',(-6.947656299274,7.31,4.639897859559));
#16011=CARTESIAN_POINT('',(-6.911514775633,7.31,4.578030155692));
#16012=CARTESIAN_POINT('',(-7.01723104395962,7.31,4.78385499458929));
#16013=CARTESIAN_POINT('',(-5.38101617669003,7.31,1.39823704853319));
#16014=CARTESIAN_POINT('',(-7.040755842256,7.31,4.825595571176));
#16015=CARTESIAN_POINT('',(-7.017232185116,7.31,4.783854579328));
#16016=CARTESIAN_POINT('',(-7.060044565325,7.31,4.851515679686));
#16017=CARTESIAN_POINT('',(-7.040755842256,7.31,4.825595571176));
#16018=CARTESIAN_POINT('',(-7.078330539709,7.31,4.866240004222));
#16019=CARTESIAN_POINT('',(-7.060044565325,7.31,4.851515679686));
#16020=CARTESIAN_POINT('',(-7.099638950072,7.31,4.873921437953));
#16021=CARTESIAN_POINT('',(-7.078330539709,7.31,4.866240004222));
#16022=CARTESIAN_POINT('',(-7.123936686727,7.31,4.874569440565));
#16023=CARTESIAN_POINT('',(-7.099638950072,7.31,4.873921437953));
#16024=CARTESIAN_POINT('',(-7.149785846019,7.31,4.868056303955));
#16025=CARTESIAN_POINT('',(-7.123936686727,7.31,4.874569440565));
#16026=CARTESIAN_POINT('',(-7.172465941064,7.31,4.854585415273));
#16027=CARTESIAN_POINT('',(-7.149785846019,7.31,4.868056303955));
#16028=CARTESIAN_POINT('',(-7.192033730749,7.31,4.83410474548));
#16029=CARTESIAN_POINT('',(-7.172465941064,7.31,4.854585415273));
#16030=CARTESIAN_POINT('',(-7.207041852143,7.31,4.805706145108));
#16031=CARTESIAN_POINT('',(-7.192033730749,7.31,4.83410474548));
#16032=CARTESIAN_POINT('',(-7.216052400787,7.31,4.768145637576));
#16033=CARTESIAN_POINT('',(-7.207041852143,7.31,4.805706145108));
#16034=CARTESIAN_POINT('',(-7.219055917002,7.31,4.721517821709));
#16035=CARTESIAN_POINT('',(-7.216052400787,7.31,4.768145637576));
#16036=CARTESIAN_POINT('',(-7.215219929976,7.31,4.674237273386));
#16037=CARTESIAN_POINT('',(-7.219055917002,7.31,4.721517821709));
#16038=CARTESIAN_POINT('',(-7.203754539069,7.31,4.636284180259));
#16039=CARTESIAN_POINT('',(-7.215219929976,7.31,4.674237273386));
#16040=CARTESIAN_POINT('',(-7.184697583408,7.31,4.607606512866));
#16041=CARTESIAN_POINT('',(-7.203754539069,7.31,4.636284180259));
#16042=CARTESIAN_POINT('',(-7.158460568355,7.31,4.587613027894));
#16043=CARTESIAN_POINT('',(-7.184697583408,7.31,4.607606512866));
#16044=CARTESIAN_POINT('',(-7.125464459358,7.31,4.575721941297));
#16045=CARTESIAN_POINT('',(-7.158460568355,7.31,4.587613027894));
#16046=CARTESIAN_POINT('',(-7.085818045563,7.31,4.571890684513));
#16047=CARTESIAN_POINT('',(-7.125464459358,7.31,4.575721941297));
#16048=CARTESIAN_POINT('',(-7.093769085829,7.31,4.393548040396));
#16049=CARTESIAN_POINT('',(-7.085818045563,7.31,4.571890684513));
#16050=CARTESIAN_POINT('',(-7.170607071963,7.31,4.39951250306));
#16051=CARTESIAN_POINT('',(-7.093769085829,7.31,4.393548040396));
#16052=CARTESIAN_POINT('',(-7.236499960894,7.31,4.424013627677));
#16053=CARTESIAN_POINT('',(-7.170607071963,7.31,4.39951250306));
#16054=CARTESIAN_POINT('',(-7.291551811525,7.31,4.467046683605));
#16055=CARTESIAN_POINT('',(-7.236499960894,7.31,4.424013627677));
#16056=CARTESIAN_POINT('',(-7.332754378202,7.31,4.528266385262));
#16057=CARTESIAN_POINT('',(-7.291551811525,7.31,4.467046683605));
#16058=CARTESIAN_POINT('',(-7.357477810143,7.31,4.607228117189));
#16059=CARTESIAN_POINT('',(-7.332754378202,7.31,4.528266385262));
#16060=CARTESIAN_POINT('',(-7.365722107351,7.31,4.703936609629));
#16061=CARTESIAN_POINT('',(-7.357477810143,7.31,4.607228117189));
#16062=CARTESIAN_POINT('',(-7.357411591171,7.31,4.800602532301));
#16063=CARTESIAN_POINT('',(-7.365722107351,7.31,4.703936609629));
#16064=CARTESIAN_POINT('',(-7.332475311585,7.31,4.882780628088));
#16065=CARTESIAN_POINT('',(-7.357411591171,7.31,4.800602532301));
#16066=CARTESIAN_POINT('',(-7.290917998836,7.31,4.950470896987));
#16067=CARTESIAN_POINT('',(-7.332475311585,7.31,4.882780628088));
#16068=CARTESIAN_POINT('',(-7.23663239924,7.31,5.002259084553));
#16069=CARTESIAN_POINT('',(-7.290917998836,7.31,4.950470896987));
#16070=CARTESIAN_POINT('',(-7.173823435822,7.31,5.036702557284));
#16071=CARTESIAN_POINT('',(-7.23663239924,7.31,5.002259084553));
#16072=CARTESIAN_POINT('',(-7.102353939588,7.31,5.053801314784));
#16073=CARTESIAN_POINT('',(-7.173823435822,7.31,5.036702557284));
#16074=CARTESIAN_POINT('',(-7.06085338613,7.31,5.05534800758));
#16075=CARTESIAN_POINT('',(-7.102353939588,7.31,5.053801314784));
#16076=CARTESIAN_POINT('',(-7.023032731346,7.31,5.050343723835));
#16077=CARTESIAN_POINT('',(-7.06085338613,7.31,5.05534800758));
#16078=CARTESIAN_POINT('',(-6.988797376416,7.31,5.03879319379));
#16079=CARTESIAN_POINT('',(-7.023032731346,7.31,5.050343723835));
#16080=CARTESIAN_POINT('',(-6.958554096464,7.31,5.021424828954));
#16081=CARTESIAN_POINT('',(-6.988797376416,7.31,5.03879319379));
#16082=CARTESIAN_POINT('',(-6.932312351973,7.31,4.999042720692));
#16083=CARTESIAN_POINT('',(-6.958554096464,7.31,5.021424828954));
#16084=CARTESIAN_POINT('',(-6.932312351973,7.31,4.999042720692));
#16085=CARTESIAN_POINT('Origin',(0.,7.31,0.));
#16086=CARTESIAN_POINT('',(-6.971627669702,7.31,4.215148636593));
#16087=CARTESIAN_POINT('',(-6.913671631515,7.31,4.234924544079));
#16088=CARTESIAN_POINT('',(-6.971627669702,7.31,4.215148636593));
#16089=CARTESIAN_POINT('',(-6.857635951561,7.31,4.249218443485));
#16090=CARTESIAN_POINT('',(-6.913671631515,7.31,4.234924544079));
#16091=CARTESIAN_POINT('',(-6.803601039137,7.31,4.257945195272));
#16092=CARTESIAN_POINT('',(-6.857635951561,7.31,4.249218443485));
#16093=CARTESIAN_POINT('',(-6.746401792707,7.31,4.260333818564));
#16094=CARTESIAN_POINT('',(-6.803601039137,7.31,4.257945195272));
#16095=CARTESIAN_POINT('',(-6.68962351092,7.31,4.2547619411));
#16096=CARTESIAN_POINT('',(-6.746401792707,7.31,4.260333818564));
#16097=CARTESIAN_POINT('',(-6.633270924823,7.31,4.2412768629));
#16098=CARTESIAN_POINT('',(-6.68962351092,7.31,4.2547619411));
#16099=CARTESIAN_POINT('',(-6.579969154148,7.31,4.217868355949));
#16100=CARTESIAN_POINT('',(-6.633270924823,7.31,4.2412768629));
#16101=CARTESIAN_POINT('',(-6.532773744966,7.31,4.182843099976));
#16102=CARTESIAN_POINT('',(-6.579969154148,7.31,4.217868355949));
#16103=CARTESIAN_POINT('',(-6.491632667823,7.31,4.136158524818));
#16104=CARTESIAN_POINT('',(-6.532773744966,7.31,4.182843099976));
#16105=CARTESIAN_POINT('',(-6.460008243508,7.31,4.078216676551));
#16106=CARTESIAN_POINT('',(-6.491632667823,7.31,4.136158524818));
#16107=CARTESIAN_POINT('',(-6.440998587054,7.31,4.009935164332));
#16108=CARTESIAN_POINT('',(-6.460008243508,7.31,4.078216676551));
#16109=CARTESIAN_POINT('',(-6.434646268634,7.31,3.931299798629));
#16110=CARTESIAN_POINT('',(-6.440998587054,7.31,4.009935164332));
#16111=CARTESIAN_POINT('',(-6.442620958907,7.31,3.837178587201));
#16112=CARTESIAN_POINT('',(-6.434646268634,7.31,3.931299798629));
#16113=CARTESIAN_POINT('',(-6.466559219648,7.31,3.747938680848));
#16114=CARTESIAN_POINT('',(-6.442620958907,7.31,3.837178587201));
#16115=CARTESIAN_POINT('',(-6.506508350469,7.31,3.663513860604));
#16116=CARTESIAN_POINT('',(-6.466559219648,7.31,3.747938680848));
#16117=CARTESIAN_POINT('',(-6.56112031629,7.31,3.586273829187));
#16118=CARTESIAN_POINT('',(-6.506508350469,7.31,3.663513860604));
#16119=CARTESIAN_POINT('',(-6.629420748275,7.31,3.518120025476));
#16120=CARTESIAN_POINT('',(-6.56112031629,7.31,3.586273829187));
#16121=CARTESIAN_POINT('',(-6.711404916181,7.31,3.459066639786));
#16122=CARTESIAN_POINT('',(-6.629420748275,7.31,3.518120025476));
#16123=CARTESIAN_POINT('',(-6.801240795694,7.31,3.411904339884));
#16124=CARTESIAN_POINT('',(-6.711404916181,7.31,3.459066639786));
#16125=CARTESIAN_POINT('',(-6.893115282666,7.31,3.379419065317));
#16126=CARTESIAN_POINT('',(-6.801240795694,7.31,3.411904339884));
#16127=CARTESIAN_POINT('',(-6.987122975515,7.31,3.361544596295));
#16128=CARTESIAN_POINT('',(-6.893115282666,7.31,3.379419065317));
#16129=CARTESIAN_POINT('',(-7.093683947093,7.31,3.361085791721));
#16130=CARTESIAN_POINT('',(-6.987122975515,7.31,3.361544596295));
#16131=CARTESIAN_POINT('',(-7.185340856179,7.31,3.385137571046));
#16132=CARTESIAN_POINT('',(-7.093683947093,7.31,3.361085791721));
#16133=CARTESIAN_POINT('',(-7.261999103954,7.31,3.43381345365));
#16134=CARTESIAN_POINT('',(-7.185340856179,7.31,3.385137571046));
#16135=CARTESIAN_POINT('',(-7.319619315831,7.31,3.503040955268));
#16136=CARTESIAN_POINT('',(-7.261999103954,7.31,3.43381345365));
#16137=CARTESIAN_POINT('',(-7.354195227313,7.31,3.589073957443));
#16138=CARTESIAN_POINT('',(-7.319619315831,7.31,3.503040955268));
#16139=CARTESIAN_POINT('',(-7.365722107351,7.31,3.691912460978));
#16140=CARTESIAN_POINT('',(-7.354195227313,7.31,3.589073957443));
#16141=CARTESIAN_POINT('',(-7.360117120604,7.31,3.772647922868));
#16142=CARTESIAN_POINT('',(-7.365722107351,7.31,3.691912460978));
#16143=CARTESIAN_POINT('',(-7.34325013011,7.31,3.848591949058));
#16144=CARTESIAN_POINT('',(-7.360117120604,7.31,3.772647922868));
#16145=CARTESIAN_POINT('',(-7.31501234793,7.31,3.919843867807));
#16146=CARTESIAN_POINT('',(-7.34325013011,7.31,3.848591949058));
#16147=CARTESIAN_POINT('',(-7.277238992756,7.31,3.985358361062));
#16148=CARTESIAN_POINT('',(-7.31501234793,7.31,3.919843867807));
#16149=CARTESIAN_POINT('',(-7.23135377872,7.31,4.044407016911));
#16150=CARTESIAN_POINT('',(-7.277238992756,7.31,3.985358361062));
#16151=CARTESIAN_POINT('',(-7.177361436066,7.31,4.096918886142));
#16152=CARTESIAN_POINT('',(-7.23135377872,7.31,4.044407016911));
#16153=CARTESIAN_POINT('',(-7.115682929436,7.31,4.142884509476));
#16154=CARTESIAN_POINT('',(-7.177361436066,7.31,4.096918886142));
#16155=CARTESIAN_POINT('',(-7.047122350599,7.31,4.182308615948));
#16156=CARTESIAN_POINT('',(-7.115682929436,7.31,4.142884509476));
#16157=CARTESIAN_POINT('',(-7.047122350599,7.31,4.182308615948));
#16158=CARTESIAN_POINT('',(-6.807157959145,7.31,4.074650296865));
#16159=CARTESIAN_POINT('',(-6.905148267289,7.31,4.054250035966));
#16160=CARTESIAN_POINT('',(-6.807157959145,7.31,4.074650296865));
#16161=CARTESIAN_POINT('',(-6.997595077417,7.31,4.015568530926));
#16162=CARTESIAN_POINT('',(-6.905148267289,7.31,4.054250035966));
#16163=CARTESIAN_POINT('',(-7.084550419783,7.31,3.958709840647));
#16164=CARTESIAN_POINT('',(-6.997595077417,7.31,4.015568530926));
#16165=CARTESIAN_POINT('',(-7.154884728583,7.31,3.888512700032));
#16166=CARTESIAN_POINT('',(-7.084550419783,7.31,3.958709840647));
#16167=CARTESIAN_POINT('',(-7.197056934257,7.31,3.81027464977));
#16168=CARTESIAN_POINT('',(-7.154884728583,7.31,3.888512700032));
#16169=CARTESIAN_POINT('',(-7.211104876334,7.31,3.724000420107));
#16170=CARTESIAN_POINT('',(-7.197056934257,7.31,3.81027464977));
#16171=CARTESIAN_POINT('',(-7.204388351758,7.31,3.66920871633));
#16172=CARTESIAN_POINT('',(-7.211104876334,7.31,3.724000420107));
#16173=CARTESIAN_POINT('',(-7.184215128828,7.31,3.622949836458));
#16174=CARTESIAN_POINT('',(-7.204388351758,7.31,3.66920871633));
#16175=CARTESIAN_POINT('',(-7.150547367616,7.31,3.585119721993));
#16176=CARTESIAN_POINT('',(-7.184215128828,7.31,3.622949836458));
#16177=CARTESIAN_POINT('',(-7.105220287214,7.31,3.558546881034));
#16178=CARTESIAN_POINT('',(-7.150547367616,7.31,3.585119721993));
#16179=CARTESIAN_POINT('',(-7.049700171526,7.31,3.545719265127));
#16180=CARTESIAN_POINT('',(-7.105220287214,7.31,3.558546881034));
#16181=CARTESIAN_POINT('',(-6.983991750391,7.31,3.546684174284));
#16182=CARTESIAN_POINT('',(-7.049700171526,7.31,3.545719265127));
#16183=CARTESIAN_POINT('',(-6.91995300072,7.31,3.558825947648));
#16184=CARTESIAN_POINT('',(-6.983991750391,7.31,3.546684174284));
#16185=CARTESIAN_POINT('',(-6.854793253539,7.31,3.581108727251));
#16186=CARTESIAN_POINT('',(-6.91995300072,7.31,3.558825947648));
#16187=CARTESIAN_POINT('',(-6.788517239091,7.31,3.613480483238));
#16188=CARTESIAN_POINT('',(-6.854793253539,7.31,3.581108727251));
#16189=CARTESIAN_POINT('',(-6.727188748693,7.31,3.653079597827));
#16190=CARTESIAN_POINT('',(-6.788517239091,7.31,3.613480483238));
#16191=CARTESIAN_POINT('',(-6.677268889911,7.31,3.696670787391));
#16192=CARTESIAN_POINT('',(-6.727188748693,7.31,3.653079597827));
#16193=CARTESIAN_POINT('',(-6.638705633695,7.31,3.744353381397));
#16194=CARTESIAN_POINT('',(-6.677268889911,7.31,3.696670787391));
#16195=CARTESIAN_POINT('',(-6.611271942078,7.31,3.794117151423));
#16196=CARTESIAN_POINT('',(-6.638705633695,7.31,3.744353381397));
#16197=CARTESIAN_POINT('',(-6.594773887981,7.31,3.843923491624));
#16198=CARTESIAN_POINT('',(-6.611271942078,7.31,3.794117151423));
#16199=CARTESIAN_POINT('',(-6.589263499652,7.31,3.893777130627));
#16200=CARTESIAN_POINT('',(-6.594773887981,7.31,3.843923491624));
#16201=CARTESIAN_POINT('',(-6.596240171481,7.31,3.950418243827));
#16202=CARTESIAN_POINT('',(-6.589263499652,7.31,3.893777130627));
#16203=CARTESIAN_POINT('',(-6.617137076481,7.31,3.997594733244));
#16204=CARTESIAN_POINT('',(-6.596240171481,7.31,3.950418243827));
#16205=CARTESIAN_POINT('',(-6.65191164528,7.31,4.035358628742));
#16206=CARTESIAN_POINT('',(-6.617137076481,7.31,3.997594733244));
#16207=CARTESIAN_POINT('',(-6.696954928823,7.31,4.061770651508));
#16208=CARTESIAN_POINT('',(-6.65191164528,7.31,4.035358628742));
#16209=CARTESIAN_POINT('',(-6.748705276859,7.31,4.074863144106));
#16210=CARTESIAN_POINT('',(-6.696954928823,7.31,4.061770651508));
#16211=CARTESIAN_POINT('',(-6.748705276859,7.31,4.074863144106));
#16212=CARTESIAN_POINT('Origin',(0.,7.31,0.));
#16213=CARTESIAN_POINT('',(-7.350415999577,7.31,3.014934094527));
#16214=CARTESIAN_POINT('',(-6.450571999576,7.31,3.302793927227));
#16215=CARTESIAN_POINT('',(-7.350415999577,7.31,3.014934094527));
#16216=CARTESIAN_POINT('',(-6.450571999576,7.31,3.130373176404));
#16217=CARTESIAN_POINT('',(-6.450571999576,7.31,3.302793927227));
#16218=CARTESIAN_POINT('',(-7.055220019537,7.31,2.936743343878));
#16219=CARTESIAN_POINT('',(-6.450571999576,7.31,3.130373176404));
#16220=CARTESIAN_POINT('',(-6.450571999576,7.31,2.761006900135));
#16221=CARTESIAN_POINT('',(-7.055220019537,7.31,2.936743343878));
#16222=CARTESIAN_POINT('',(-6.450571999576,7.31,2.58836384199));
#16223=CARTESIAN_POINT('',(-6.450571999576,7.31,2.761006900135));
#16224=CARTESIAN_POINT('',(-7.350415999577,7.31,2.300489819365));
#16225=CARTESIAN_POINT('',(-6.450571999576,7.31,2.58836384199));
#16226=CARTESIAN_POINT('',(-7.350415999577,7.31,2.472295677261));
#16227=CARTESIAN_POINT('',(-7.350415999577,7.31,2.300489819365));
#16228=CARTESIAN_POINT('',(-6.748279581571,7.31,2.665234937407));
#16229=CARTESIAN_POINT('',(-7.350415999577,7.31,2.472295677261));
#16230=CARTESIAN_POINT('',(-7.350415999577,7.31,2.841865341094));
#16231=CARTESIAN_POINT('',(-6.748279581571,7.31,2.665234937407));
#16232=CARTESIAN_POINT('',(-7.350415999577,7.31,2.841865341094));
#16233=CARTESIAN_POINT('Origin',(-8.850155999467,7.34,6.085835818078));
#16234=CARTESIAN_POINT('',(-8.850155999467,7.34,4.410678197936));
#16235=CARTESIAN_POINT('',(-8.850155999467,7.34,6.085835818078));
#16236=CARTESIAN_POINT('Origin',(-8.013890725163,7.34,5.246943472241));
#16237=CARTESIAN_POINT('',(-8.013890725163,7.34,5.246943472241));
#16238=CARTESIAN_POINT('Origin',(-8.850155999467,7.34,4.410678197936));
#16239=CARTESIAN_POINT('Origin',(-7.350415999577,7.34,7.9057558512));
#16240=CARTESIAN_POINT('',(-6.450571999576,7.34,8.194282606275));
#16241=CARTESIAN_POINT('',(-7.350415999577,7.34,7.9057558512));
#16242=CARTESIAN_POINT('Origin',(-7.350415999577,7.34,7.66335553725));
#16243=CARTESIAN_POINT('',(-7.350415999577,7.34,7.66335553725));
#16244=CARTESIAN_POINT('Origin',(-7.350065983747,7.34,7.603885915953));
#16245=CARTESIAN_POINT('',(-7.350065983747,7.34,7.603885915953));
#16246=CARTESIAN_POINT('Origin',(-7.349025395132,7.34,7.560786640648));
#16247=CARTESIAN_POINT('',(-7.349025395132,7.34,7.560786640648));
#16248=CARTESIAN_POINT('Origin',(-7.347284774857,7.34,7.53402933149));
#16249=CARTESIAN_POINT('',(-7.347284774857,7.34,7.53402933149));
#16250=CARTESIAN_POINT('Origin',(-7.342389279854,7.34,7.498739198425));
#16251=CARTESIAN_POINT('',(-7.342389279854,7.34,7.498739198425));
#16252=CARTESIAN_POINT('Origin',(-7.334840284869,7.34,7.466315412983));
#16253=CARTESIAN_POINT('',(-7.334840284869,7.34,7.466315412983));
#16254=CARTESIAN_POINT('Origin',(-7.32464251934,7.34,7.436805275186));
#16255=CARTESIAN_POINT('',(-7.32464251934,7.34,7.436805275186));
#16256=CARTESIAN_POINT('Origin',(-7.311649355802,7.34,7.409972286567));
#16257=CARTESIAN_POINT('',(-7.311649355802,7.34,7.409972286567));
#16258=CARTESIAN_POINT('Origin',(-7.295619565958,7.34,7.385201555417));
#16259=CARTESIAN_POINT('',(-7.295619565958,7.34,7.385201555417));
#16260=CARTESIAN_POINT('Origin',(-7.276468011478,7.34,7.3625592999));
#16261=CARTESIAN_POINT('',(-7.276468011478,7.34,7.3625592999));
#16262=CARTESIAN_POINT('Origin',(-7.254379159755,7.34,7.342092820031));
#16263=CARTESIAN_POINT('',(-7.254379159755,7.34,7.342092820031));
#16264=CARTESIAN_POINT('Origin',(-7.22954220923,7.34,7.324218351009));
#16265=CARTESIAN_POINT('',(-7.22954220923,7.34,7.324218351009));
#16266=CARTESIAN_POINT('Origin',(-7.201867290122,7.34,7.308850754104));
#16267=CARTESIAN_POINT('',(-7.201867290122,7.34,7.308850754104));
#16268=CARTESIAN_POINT('Origin',(-7.171344943553,7.34,7.296183956391));
#16269=CARTESIAN_POINT('',(-7.171344943553,7.34,7.296183956391));
#16270=CARTESIAN_POINT('Origin',(-7.137923139269,7.34,7.286492295447));
#16271=CARTESIAN_POINT('',(-7.137923139269,7.34,7.286492295447));
#16272=CARTESIAN_POINT('Origin',(-7.101516738936,7.34,7.279785230953));
#16273=CARTESIAN_POINT('',(-7.101516738936,7.34,7.279785230953));
#16274=CARTESIAN_POINT('Origin',(-7.0624662979,7.34,7.27625196055));
#16275=CARTESIAN_POINT('',(-7.0624662979,7.34,7.27625196055));
#16276=CARTESIAN_POINT('Origin',(-7.021088723509,7.34,7.276091142356));
#16277=CARTESIAN_POINT('',(-7.021088723509,7.34,7.276091142356));
#16278=CARTESIAN_POINT('Origin',(-6.977289416142,7.34,7.279373725589));
#16279=CARTESIAN_POINT('',(-6.977289416142,7.34,7.279373725589));
#16280=CARTESIAN_POINT('Origin',(-6.883915535982,7.34,7.295961649066));
#16281=CARTESIAN_POINT('',(-6.883915535982,7.34,7.295961649066));
#16282=CARTESIAN_POINT('Origin',(-6.797858883802,7.34,7.324076452582));
#16283=CARTESIAN_POINT('',(-6.797858883802,7.34,7.324076452582));
#16284=CARTESIAN_POINT('Origin',(-6.71917148865,7.34,7.363618807875));
#16285=CARTESIAN_POINT('',(-6.71917148865,7.34,7.363618807875));
#16286=CARTESIAN_POINT('Origin',(-6.649177736,7.34,7.411646687872));
#16287=CARTESIAN_POINT('',(-6.649177736,7.34,7.411646687872));
#16288=CARTESIAN_POINT('Origin',(-6.589561486433,7.34,7.464853859727));
#16289=CARTESIAN_POINT('',(-6.589561486433,7.34,7.464853859727));
#16290=CARTESIAN_POINT('Origin',(-6.540232871374,7.34,7.523282892409));
#16291=CARTESIAN_POINT('',(-6.540232871374,7.34,7.523282892409));
#16292=CARTESIAN_POINT('Origin',(-6.508873323752,7.34,7.573907513095));
#16293=CARTESIAN_POINT('',(-6.508873323752,7.34,7.573907513095));
#16294=CARTESIAN_POINT('Origin',(-6.483468779511,7.34,7.632204107431));
#16295=CARTESIAN_POINT('',(-6.483468779511,7.34,7.632204107431));
#16296=CARTESIAN_POINT('Origin',(-6.463976668881,7.34,7.698125376206));
#16297=CARTESIAN_POINT('',(-6.463976668881,7.34,7.698125376206));
#16298=CARTESIAN_POINT('Origin',(-6.456493892868,7.34,7.744355876234));
#16299=CARTESIAN_POINT('',(-6.456493892868,7.34,7.744355876234));
#16300=CARTESIAN_POINT('Origin',(-6.452043012916,7.34,7.803991045563));
#16301=CARTESIAN_POINT('',(-6.452043012916,7.34,7.803991045563));
#16302=CARTESIAN_POINT('Origin',(-6.450571999576,7.34,7.877078183409));
#16303=CARTESIAN_POINT('',(-6.450571999576,7.34,7.877078183409));
#16304=CARTESIAN_POINT('Origin',(-6.450571999576,7.34,8.194282606275));
#16305=CARTESIAN_POINT('Origin',(-6.595336751456,7.34,7.962794279438));
#16306=CARTESIAN_POINT('',(-7.201867290122,7.34,7.768719832262));
#16307=CARTESIAN_POINT('',(-6.595336751456,7.34,7.962794279438));
#16308=CARTESIAN_POINT('Origin',(-6.595336751456,7.34,7.868923755179));
#16309=CARTESIAN_POINT('',(-6.595336751456,7.34,7.868923755179));
#16310=CARTESIAN_POINT('Origin',(-6.596732085742,7.34,7.807013481543));
#16311=CARTESIAN_POINT('',(-6.596732085742,7.34,7.807013481543));
#16312=CARTESIAN_POINT('Origin',(-6.60092281884,7.34,7.757353770014));
#16313=CARTESIAN_POINT('',(-6.60092281884,7.34,7.757353770014));
#16314=CARTESIAN_POINT('Origin',(-6.607904220109,7.34,7.719797992326));
#16315=CARTESIAN_POINT('',(-6.607904220109,7.34,7.719797992326));
#16316=CARTESIAN_POINT('Origin',(-6.618830397146,7.34,7.688996578738));
#16317=CARTESIAN_POINT('',(-6.618830397146,7.34,7.688996578738));
#16318=CARTESIAN_POINT('Origin',(-6.634495981235,7.34,7.659287782816));
#16319=CARTESIAN_POINT('',(-6.634495981235,7.34,7.659287782816));
#16320=CARTESIAN_POINT('Origin',(-6.655057059924,7.34,7.630766203778));
#16321=CARTESIAN_POINT('',(-6.655057059924,7.34,7.630766203778));
#16322=CARTESIAN_POINT('Origin',(-6.691846586176,7.34,7.59216037779));
#16323=CARTESIAN_POINT('',(-6.691846586176,7.34,7.59216037779));
#16324=CARTESIAN_POINT('Origin',(-6.735995909777,7.34,7.556605367631));
#16325=CARTESIAN_POINT('',(-6.735995909777,7.34,7.556605367631));
#16326=CARTESIAN_POINT('Origin',(-6.787457730712,7.34,7.524044414008));
#16327=CARTESIAN_POINT('',(-6.787457730712,7.34,7.524044414008));
#16328=CARTESIAN_POINT('Origin',(-6.846052311829,7.34,7.496724240971));
#16329=CARTESIAN_POINT('',(-6.846052311829,7.34,7.496724240971));
#16330=CARTESIAN_POINT('Origin',(-6.91116002956,7.34,7.476962523406));
#16331=CARTESIAN_POINT('',(-6.91116002956,7.34,7.476962523406));
#16332=CARTESIAN_POINT('Origin',(-6.982724125014,7.34,7.464811289956));
#16333=CARTESIAN_POINT('',(-6.982724125014,7.34,7.464811289956));
#16334=CARTESIAN_POINT('Origin',(-7.041323435972,7.34,7.461713174922));
#16335=CARTESIAN_POINT('',(-7.041323435972,7.34,7.461713174922));
#16336=CARTESIAN_POINT('Origin',(-7.089299286114,7.34,7.466693808661));
#16337=CARTESIAN_POINT('',(-7.089299286114,7.34,7.466693808661));
#16338=CARTESIAN_POINT('Origin',(-7.126656406083,7.34,7.479800491587));
#16339=CARTESIAN_POINT('',(-7.126656406083,7.34,7.479800491587));
#16340=CARTESIAN_POINT('Origin',(-7.155154335518,7.34,7.498918936379));
#16341=CARTESIAN_POINT('',(-7.155154335518,7.34,7.498918936379));
#16342=CARTESIAN_POINT('Origin',(-7.176524235414,7.34,7.521991617025));
#16343=CARTESIAN_POINT('',(-7.176524235414,7.34,7.521991617025));
#16344=CARTESIAN_POINT('Origin',(-7.190770835211,7.34,7.5491320517));
#16345=CARTESIAN_POINT('',(-7.190770835211,7.34,7.5491320517));
#16346=CARTESIAN_POINT('Origin',(-7.196905576147,7.34,7.575194058636));
#16347=CARTESIAN_POINT('',(-7.196905576147,7.34,7.575194058636));
#16348=CARTESIAN_POINT('Origin',(-7.200623314348,7.34,7.612650507266));
#16349=CARTESIAN_POINT('',(-7.200623314348,7.34,7.612650507266));
#16350=CARTESIAN_POINT('Origin',(-7.201867290122,7.34,7.661458828621));
#16351=CARTESIAN_POINT('',(-7.201867290122,7.34,7.661458828621));
#16352=CARTESIAN_POINT('Origin',(-7.201867290122,7.34,7.768719832262));
#16353=CARTESIAN_POINT('Origin',(-7.350415999577,7.34,6.931646956153));
#16354=CARTESIAN_POINT('',(-6.450571999576,7.34,7.219748015941));
#16355=CARTESIAN_POINT('',(-7.350415999577,7.34,6.931646956153));
#16356=CARTESIAN_POINT('Origin',(-7.350415999577,7.34,6.264577828132));
#16357=CARTESIAN_POINT('',(-7.350415999577,7.34,6.264577828132));
#16358=CARTESIAN_POINT('Origin',(-7.199989501258,7.34,6.312548948834));
#16359=CARTESIAN_POINT('',(-7.199989501258,7.34,6.312548948834));
#16360=CARTESIAN_POINT('Origin',(-7.199989501258,7.34,6.794407549653));
#16361=CARTESIAN_POINT('',(-7.199989501258,7.34,6.794407549653));
#16362=CARTESIAN_POINT('Origin',(-6.995722018795,7.34,6.8600828611));
#16363=CARTESIAN_POINT('',(-6.995722018795,7.34,6.8600828611));
#16364=CARTESIAN_POINT('Origin',(-6.995722018795,7.34,6.394353378781));
#16365=CARTESIAN_POINT('',(-6.995722018795,7.34,6.394353378781));
#16366=CARTESIAN_POINT('Origin',(-6.845295520476,7.34,6.442324499082));
#16367=CARTESIAN_POINT('',(-6.845295520476,7.34,6.442324499082));
#16368=CARTESIAN_POINT('Origin',(-6.845295520476,7.34,6.908276289129));
#16369=CARTESIAN_POINT('',(-6.845295520476,7.34,6.908276289129));
#16370=CARTESIAN_POINT('Origin',(-6.600998497896,7.34,6.991816609512));
#16371=CARTESIAN_POINT('',(-6.600998497896,7.34,6.991816609512));
#16372=CARTESIAN_POINT('Origin',(-6.600998497896,7.34,6.468263527353));
#16373=CARTESIAN_POINT('',(-6.600998497896,7.34,6.468263527353));
#16374=CARTESIAN_POINT('Origin',(-6.450571999576,7.34,6.51684481114));
#16375=CARTESIAN_POINT('',(-6.450571999576,7.34,6.51684481114));
#16376=CARTESIAN_POINT('Origin',(-6.450571999576,7.34,7.219748015941));
#16377=CARTESIAN_POINT('Origin',(-7.061293271341,7.34,6.131803491504));
#16378=CARTESIAN_POINT('',(-6.979857776986,7.34,6.16983699353));
#16379=CARTESIAN_POINT('',(-7.061293271341,7.34,6.131803491504));
#16380=CARTESIAN_POINT('Origin',(-7.150623046671,7.34,6.074135980016));
#16381=CARTESIAN_POINT('',(-7.150623046671,7.34,6.074135980016));
#16382=CARTESIAN_POINT('Origin',(-7.225469724956,7.34,6.006450440955));
#16383=CARTESIAN_POINT('',(-7.225469724956,7.34,6.006450440955));
#16384=CARTESIAN_POINT('Origin',(-7.285890065487,7.34,5.928694845676));
#16385=CARTESIAN_POINT('',(-7.285890065487,7.34,5.928694845676));
#16386=CARTESIAN_POINT('Origin',(-7.330242776648,7.34,5.842340206717));
#16387=CARTESIAN_POINT('',(-7.330242776648,7.34,5.842340206717));
#16388=CARTESIAN_POINT('Origin',(-7.356853457135,7.34,5.748928487434));
#16389=CARTESIAN_POINT('',(-7.356853457135,7.34,5.748928487434));
#16390=CARTESIAN_POINT('Origin',(-7.365722107351,7.34,5.648511716469));
#16391=CARTESIAN_POINT('',(-7.365722107351,7.34,5.648511716469));
#16392=CARTESIAN_POINT('Origin',(-7.357681198107,7.34,5.552323518536));
#16393=CARTESIAN_POINT('',(-7.357681198107,7.34,5.552323518536));
#16394=CARTESIAN_POINT('Origin',(-7.333530089722,7.34,5.471621165933));
#16395=CARTESIAN_POINT('',(-7.333530089722,7.34,5.471621165933));
#16396=CARTESIAN_POINT('Origin',(-7.293226212828,7.34,5.4064093893));
#16397=CARTESIAN_POINT('',(-7.293226212828,7.34,5.4064093893));
#16398=CARTESIAN_POINT('Origin',(-7.237639878168,7.34,5.35694360565));
#16399=CARTESIAN_POINT('',(-7.237639878168,7.34,5.35694360565));
#16400=CARTESIAN_POINT('Origin',(-7.167300839125,7.34,5.323138675851));
#16401=CARTESIAN_POINT('',(-7.167300839125,7.34,5.323138675851));
#16402=CARTESIAN_POINT('Origin',(-7.082242205791,7.34,5.305032439423));
#16403=CARTESIAN_POINT('',(-7.082242205791,7.34,5.305032439423));
#16404=CARTESIAN_POINT('Origin',(-7.062556166878,7.34,5.479647885655));
#16405=CARTESIAN_POINT('',(-7.062556166878,7.34,5.479647885655));
#16406=CARTESIAN_POINT('Origin',(-7.109122493212,7.34,5.492773487942));
#16407=CARTESIAN_POINT('',(-7.109122493212,7.34,5.492773487942));
#16408=CARTESIAN_POINT('Origin',(-7.147406682812,7.34,5.512927791511));
#16409=CARTESIAN_POINT('',(-7.147406682812,7.34,5.512927791511));
#16410=CARTESIAN_POINT('Origin',(-7.177361436066,7.34,5.540205394775));
#16411=CARTESIAN_POINT('',(-7.177361436066,7.34,5.540205394775));
#16412=CARTESIAN_POINT('Origin',(-7.198811744456,7.34,5.574558998129));
#16413=CARTESIAN_POINT('Origin',(-6.979857776986,7.34,6.16983699353));
#16414=CARTESIAN_POINT('',(-6.896000550057,7.34,6.196556463161));
#16415=CARTESIAN_POINT('Origin',(-6.896000550057,7.34,6.196556463161));
#16416=CARTESIAN_POINT('',(-6.809674290941,7.34,6.211971359677));
#16417=CARTESIAN_POINT('Origin',(-6.809674290941,7.34,6.211971359677));
#16418=CARTESIAN_POINT('',(-6.6894248532,7.34,6.211820001569));
#16419=CARTESIAN_POINT('Origin',(-6.6894248532,7.34,6.211820001569));
#16420=CARTESIAN_POINT('',(-6.589745954231,7.34,6.18237608274));
#16421=CARTESIAN_POINT('Origin',(-6.589745954231,7.34,6.18237608274));
#16422=CARTESIAN_POINT('',(-6.510699083166,7.34,6.123738932254));
#16423=CARTESIAN_POINT('Origin',(-6.510699083166,7.34,6.123738932254));
#16424=CARTESIAN_POINT('',(-6.468801214668,7.34,6.060286695662));
#16425=CARTESIAN_POINT('Origin',(-6.468801214668,7.34,6.060286695662));
#16426=CARTESIAN_POINT('',(-6.44366154712,7.34,5.9777538538));
#16427=CARTESIAN_POINT('Origin',(-6.44366154712,7.34,5.9777538538));
#16428=CARTESIAN_POINT('',(-6.435280081726,7.34,5.876088377227));
#16429=CARTESIAN_POINT('Origin',(-6.435280081726,7.34,5.876088377227));
#16430=CARTESIAN_POINT('',(-6.438832271491,7.34,5.804524282174));
#16431=CARTESIAN_POINT('Origin',(-6.438832271491,7.34,5.804524282174));
#16432=CARTESIAN_POINT('',(-6.449460462149,7.34,5.733106815393));
#16433=CARTESIAN_POINT('Origin',(-6.449460462149,7.34,5.733106815393));
#16434=CARTESIAN_POINT('',(-6.467126813365,7.34,5.661788677268));
#16435=CARTESIAN_POINT('Origin',(-6.467126813365,7.34,5.661788677268));
#16436=CARTESIAN_POINT('',(-6.490029215734,7.34,5.593861911119));
#16437=CARTESIAN_POINT('Origin',(-6.490029215734,7.34,5.593861911119));
#16438=CARTESIAN_POINT('',(-6.516010813775,7.34,5.532727348604));
#16439=CARTESIAN_POINT('Origin',(-6.516010813775,7.34,5.532727348604));
#16440=CARTESIAN_POINT('',(-6.54505741676,7.34,5.478380259876));
#16441=CARTESIAN_POINT('Origin',(-6.54505741676,7.34,5.478380259876));
#16442=CARTESIAN_POINT('',(-6.93118189438,7.34,5.354304295192));
#16443=CARTESIAN_POINT('Origin',(-6.93118189438,7.34,5.354304295192));
#16444=CARTESIAN_POINT('',(-6.93118189438,7.34,5.757002506362));
#16445=CARTESIAN_POINT('Origin',(-6.93118189438,7.34,5.757002506362));
#16446=CARTESIAN_POINT('',(-6.780755396059,7.34,5.805158094863));
#16447=CARTESIAN_POINT('Origin',(-6.780755396059,7.34,5.805158094863));
#16448=CARTESIAN_POINT('',(-6.780755396059,7.34,5.57553336737));
#16449=CARTESIAN_POINT('Origin',(-6.780755396059,7.34,5.57553336737));
#16450=CARTESIAN_POINT('',(-6.647087099492,7.34,5.618065048955));
#16451=CARTESIAN_POINT('Origin',(-6.647087099492,7.34,5.618065048955));
#16452=CARTESIAN_POINT('',(-6.632140467632,7.34,5.651851058996));
#16453=CARTESIAN_POINT('Origin',(-6.632140467632,7.34,5.651851058996));
#16454=CARTESIAN_POINT('',(-6.618731068486,7.34,5.689340617308));
#16455=CARTESIAN_POINT('Origin',(-6.618731068486,7.34,5.689340617308));
#16456=CARTESIAN_POINT('',(-6.606863631896,7.34,5.730467504931));
#16457=CARTESIAN_POINT('Origin',(-6.606863631896,7.34,5.730467504931));
#16458=CARTESIAN_POINT('',(-6.597441577887,7.34,5.772994456678));
#16459=CARTESIAN_POINT('Origin',(-6.597441577887,7.34,5.772994456678));
#16460=CARTESIAN_POINT('',(-6.591784561288,7.34,5.814315271779));
#16461=CARTESIAN_POINT('Origin',(-6.591784561288,7.34,5.814315271779));
#16462=CARTESIAN_POINT('',(-6.589897312742,7.34,5.854486710325));
#16463=CARTESIAN_POINT('Origin',(-6.589897312742,7.34,5.854486710325));
#16464=CARTESIAN_POINT('',(-6.595909075013,7.34,5.914864481089));
#16465=CARTESIAN_POINT('Origin',(-6.595909075013,7.34,5.914864481089));
#16466=CARTESIAN_POINT('',(-6.613982201753,7.34,5.963195077702));
#16467=CARTESIAN_POINT('Origin',(-6.613982201753,7.34,5.963195077702));
#16468=CARTESIAN_POINT('',(-6.644163992172,7.34,5.999511609056));
#16469=CARTESIAN_POINT('Origin',(-6.644163992172,7.34,5.999511609056));
#16470=CARTESIAN_POINT('',(-6.686974740778,7.34,6.023374190744));
#16471=CARTESIAN_POINT('Origin',(-6.686974740778,7.34,6.023374190744));
#16472=CARTESIAN_POINT('',(-6.742967851364,7.34,6.034319287543));
#16473=CARTESIAN_POINT('Origin',(-6.742967851364,7.34,6.034319287543));
#16474=CARTESIAN_POINT('',(-6.812185892897,7.34,6.032342170018));
#16475=CARTESIAN_POINT('Origin',(-6.812185892897,7.34,6.032342170018));
#16476=CARTESIAN_POINT('',(-6.887112980076,7.34,6.019311166552));
#16477=CARTESIAN_POINT('Origin',(-6.887112980076,7.34,6.019311166552));
#16478=CARTESIAN_POINT('',(-6.958085831808,7.34,5.997321643889));
#16479=CARTESIAN_POINT('Origin',(-6.958085831808,7.34,5.997321643889));
#16480=CARTESIAN_POINT('',(-7.025052418639,7.34,5.966331032263));
#16481=CARTESIAN_POINT('Origin',(-7.025052418639,7.34,5.966331032263));
#16482=CARTESIAN_POINT('',(-7.084498390332,7.34,5.927862374867));
#16483=CARTESIAN_POINT('Origin',(-7.084498390332,7.34,5.927862374867));
#16484=CARTESIAN_POINT('',(-7.132583029617,7.34,5.88347655402));
#16485=CARTESIAN_POINT('Origin',(-7.132583029617,7.34,5.88347655402));
#16486=CARTESIAN_POINT('',(-7.169410395398,7.34,5.833126270511));
#16487=CARTESIAN_POINT('Origin',(-7.169410395398,7.34,5.833126270511));
#16488=CARTESIAN_POINT('',(-7.195245364767,7.34,5.778632553111));
#16489=CARTESIAN_POINT('Origin',(-7.195245364767,7.34,5.778632553111));
#16490=CARTESIAN_POINT('',(-7.21074540042,7.34,5.72205765969));
#16491=CARTESIAN_POINT('Origin',(-7.21074540042,7.34,5.72205765969));
#16492=CARTESIAN_POINT('',(-7.215910502358,7.34,5.663278610373));
#16493=CARTESIAN_POINT('Origin',(-7.215910502358,7.34,5.663278610373));
#16494=CARTESIAN_POINT('Origin',(-6.910024842528,7.34,4.971717817818));
#16495=CARTESIAN_POINT('',(-6.888087349318,7.34,4.935812791826));
#16496=CARTESIAN_POINT('',(-6.910024842528,7.34,4.971717817818));
#16497=CARTESIAN_POINT('Origin',(-6.932312351973,7.34,4.999042720692));
#16498=CARTESIAN_POINT('',(-6.932312351973,7.34,4.999042720692));
#16499=CARTESIAN_POINT('Origin',(-6.958554096464,7.34,5.021424828954));
#16500=CARTESIAN_POINT('',(-6.958554096464,7.34,5.021424828954));
#16501=CARTESIAN_POINT('Origin',(-6.988797376416,7.34,5.03879319379));
#16502=CARTESIAN_POINT('',(-6.988797376416,7.34,5.03879319379));
#16503=CARTESIAN_POINT('Origin',(-7.023032731346,7.34,5.050343723835));
#16504=CARTESIAN_POINT('',(-7.023032731346,7.34,5.050343723835));
#16505=CARTESIAN_POINT('Origin',(-7.06085338613,7.34,5.05534800758));
#16506=CARTESIAN_POINT('',(-7.06085338613,7.34,5.05534800758));
#16507=CARTESIAN_POINT('Origin',(-7.102353939588,7.34,5.053801314784));
#16508=CARTESIAN_POINT('',(-7.102353939588,7.34,5.053801314784));
#16509=CARTESIAN_POINT('Origin',(-7.173823435822,7.34,5.036702557284));
#16510=CARTESIAN_POINT('',(-7.173823435822,7.34,5.036702557284));
#16511=CARTESIAN_POINT('Origin',(-7.23663239924,7.34,5.002259084553));
#16512=CARTESIAN_POINT('',(-7.23663239924,7.34,5.002259084553));
#16513=CARTESIAN_POINT('Origin',(-7.290917998836,7.34,4.950470896987));
#16514=CARTESIAN_POINT('',(-7.290917998836,7.34,4.950470896987));
#16515=CARTESIAN_POINT('Origin',(-7.332475311585,7.34,4.882780628088));
#16516=CARTESIAN_POINT('',(-7.332475311585,7.34,4.882780628088));
#16517=CARTESIAN_POINT('Origin',(-7.357411591171,7.34,4.800602532301));
#16518=CARTESIAN_POINT('',(-7.357411591171,7.34,4.800602532301));
#16519=CARTESIAN_POINT('Origin',(-7.365722107351,7.34,4.703936609629));
#16520=CARTESIAN_POINT('',(-7.365722107351,7.34,4.703936609629));
#16521=CARTESIAN_POINT('Origin',(-7.357477810143,7.34,4.607228117189));
#16522=CARTESIAN_POINT('',(-7.357477810143,7.34,4.607228117189));
#16523=CARTESIAN_POINT('Origin',(-7.332754378202,7.34,4.528266385262));
#16524=CARTESIAN_POINT('',(-7.332754378202,7.34,4.528266385262));
#16525=CARTESIAN_POINT('Origin',(-7.291551811525,7.34,4.467046683605));
#16526=CARTESIAN_POINT('',(-7.291551811525,7.34,4.467046683605));
#16527=CARTESIAN_POINT('Origin',(-7.236499960894,7.34,4.424013627677));
#16528=CARTESIAN_POINT('',(-7.236499960894,7.34,4.424013627677));
#16529=CARTESIAN_POINT('Origin',(-7.170607071963,7.34,4.39951250306));
#16530=CARTESIAN_POINT('',(-7.170607071963,7.34,4.39951250306));
#16531=CARTESIAN_POINT('Origin',(-7.093769085829,7.34,4.393548040396));
#16532=CARTESIAN_POINT('',(-7.093769085829,7.34,4.393548040396));
#16533=CARTESIAN_POINT('Origin',(-7.085818045563,7.34,4.571890684513));
#16534=CARTESIAN_POINT('',(-7.085818045563,7.34,4.571890684513));
#16535=CARTESIAN_POINT('Origin',(-7.125464459358,7.34,4.575721941297));
#16536=CARTESIAN_POINT('',(-7.125464459358,7.34,4.575721941297));
#16537=CARTESIAN_POINT('Origin',(-7.158460568355,7.34,4.587613027894));
#16538=CARTESIAN_POINT('',(-7.158460568355,7.34,4.587613027894));
#16539=CARTESIAN_POINT('Origin',(-7.184697583408,7.34,4.607606512866));
#16540=CARTESIAN_POINT('',(-7.184697583408,7.34,4.607606512866));
#16541=CARTESIAN_POINT('Origin',(-7.203754539069,7.34,4.636284180259));
#16542=CARTESIAN_POINT('',(-7.203754539069,7.34,4.636284180259));
#16543=CARTESIAN_POINT('Origin',(-7.215219929976,7.34,4.674237273386));
#16544=CARTESIAN_POINT('',(-7.215219929976,7.34,4.674237273386));
#16545=CARTESIAN_POINT('Origin',(-7.219055917002,7.34,4.721517821709));
#16546=CARTESIAN_POINT('',(-7.219055917002,7.34,4.721517821709));
#16547=CARTESIAN_POINT('Origin',(-7.216052400787,7.34,4.768145637576));
#16548=CARTESIAN_POINT('',(-7.216052400787,7.34,4.768145637576));
#16549=CARTESIAN_POINT('Origin',(-7.207041852143,7.34,4.805706145108));
#16550=CARTESIAN_POINT('',(-7.207041852143,7.34,4.805706145108));
#16551=CARTESIAN_POINT('Origin',(-7.192033730749,7.34,4.83410474548));
#16552=CARTESIAN_POINT('',(-7.192033730749,7.34,4.83410474548));
#16553=CARTESIAN_POINT('Origin',(-7.172465941064,7.34,4.854585415273));
#16554=CARTESIAN_POINT('',(-7.172465941064,7.34,4.854585415273));
#16555=CARTESIAN_POINT('Origin',(-7.149785846019,7.34,4.868056303955));
#16556=CARTESIAN_POINT('',(-7.149785846019,7.34,4.868056303955));
#16557=CARTESIAN_POINT('Origin',(-7.123936686727,7.34,4.874569440565));
#16558=CARTESIAN_POINT('',(-7.123936686727,7.34,4.874569440565));
#16559=CARTESIAN_POINT('Origin',(-7.099638950072,7.34,4.873921437953));
#16560=CARTESIAN_POINT('',(-7.099638950072,7.34,4.873921437953));
#16561=CARTESIAN_POINT('Origin',(-7.078330539709,7.34,4.866240004222));
#16562=CARTESIAN_POINT('',(-7.078330539709,7.34,4.866240004222));
#16563=CARTESIAN_POINT('Origin',(-7.060044565325,7.34,4.851515679686));
#16564=CARTESIAN_POINT('',(-7.060044565325,7.34,4.851515679686));
#16565=CARTESIAN_POINT('Origin',(-7.040755842256,7.34,4.825595571176));
#16566=CARTESIAN_POINT('',(-7.040755842256,7.34,4.825595571176));
#16567=CARTESIAN_POINT('Origin',(-7.017233816719,7.34,4.78385379063));
#16568=CARTESIAN_POINT('',(-7.017232185116,7.34,4.783854579328));
#16569=CARTESIAN_POINT('Origin',(-6.947656299274,7.34,4.639897859559));
#16570=CARTESIAN_POINT('',(-6.947656299274,7.34,4.639897859559));
#16571=CARTESIAN_POINT('Origin',(-6.911514775633,7.34,4.578030155692));
#16572=CARTESIAN_POINT('',(-6.911514775633,7.34,4.578030155692));
#16573=CARTESIAN_POINT('Origin',(-6.880902560086,7.34,4.540639926034));
#16574=CARTESIAN_POINT('',(-6.880902560086,7.34,4.540639926034));
#16575=CARTESIAN_POINT('Origin',(-6.835996445132,7.34,4.510510165065));
#16576=CARTESIAN_POINT('',(-6.835996445132,7.34,4.510510165065));
#16577=CARTESIAN_POINT('Origin',(-6.783408896444,7.34,4.495260816184));
#16578=CARTESIAN_POINT('',(-6.783408896444,7.34,4.495260816184));
#16579=CARTESIAN_POINT('Origin',(-6.723139914023,7.34,4.494924990275));
#16580=CARTESIAN_POINT('',(-6.723139914023,7.34,4.494924990275));
#16581=CARTESIAN_POINT('Origin',(-6.647583743994,7.34,4.513811667661));
#16582=CARTESIAN_POINT('',(-6.647583743994,7.34,4.513811667661));
#16583=CARTESIAN_POINT('Origin',(-6.579761036747,7.34,4.552791159484));
#16584=CARTESIAN_POINT('',(-6.579761036747,7.34,4.552791159484));
#16585=CARTESIAN_POINT('Origin',(-6.519714362053,7.34,4.611849275012));
#16586=CARTESIAN_POINT('',(-6.519714362053,7.34,4.611849275012));
#16587=CARTESIAN_POINT('Origin',(-6.472769640041,7.34,4.68811493759));
#16588=CARTESIAN_POINT('',(-6.472769640041,7.34,4.68811493759));
#16589=CARTESIAN_POINT('Origin',(-6.444645376041,7.34,4.778726528623));
#16590=CARTESIAN_POINT('',(-6.444645376041,7.34,4.778726528623));
#16591=CARTESIAN_POINT('Origin',(-6.435280081726,7.34,4.883769187253));
#16592=CARTESIAN_POINT('',(-6.435280081726,7.34,4.883769187253));
#16593=CARTESIAN_POINT('Origin',(-6.439607983011,7.34,4.957168501797));
#16594=CARTESIAN_POINT('',(-6.439607983011,7.34,4.957168501797));
#16595=CARTESIAN_POINT('Origin',(-6.452591686869,7.34,5.022711374499));
#16596=CARTESIAN_POINT('',(-6.452591686869,7.34,5.022711374499));
#16597=CARTESIAN_POINT('Origin',(-6.474240653381,7.34,5.080359966222));
#16598=CARTESIAN_POINT('',(-6.474240653381,7.34,5.080359966222));
#16599=CARTESIAN_POINT('Origin',(-6.503580513308,7.34,5.128274327232));
#16600=CARTESIAN_POINT('',(-6.503580513308,7.34,5.128274327232));
#16601=CARTESIAN_POINT('Origin',(-6.539674737339,7.34,5.164278682283));
#16602=CARTESIAN_POINT('',(-6.539674737339,7.34,5.164278682283));
#16603=CARTESIAN_POINT('Origin',(-6.582561165,7.34,5.188344651934));
#16604=CARTESIAN_POINT('',(-6.582561165,7.34,5.188344651934));
#16605=CARTESIAN_POINT('Origin',(-6.631118799183,7.34,5.202056767699));
#16606=CARTESIAN_POINT('',(-6.631118799183,7.34,5.202056767699));
#16607=CARTESIAN_POINT('Origin',(-6.684288131109,7.34,5.206980642148));
#16608=CARTESIAN_POINT('',(-6.684288131109,7.34,5.206980642148));
#16609=CARTESIAN_POINT('Origin',(-6.742206329768,7.34,5.203040596622));
#16610=CARTESIAN_POINT('',(-6.742206329768,7.34,5.203040596622));
#16611=CARTESIAN_POINT('Origin',(-6.751424996216,7.34,5.025814219775));
#16612=CARTESIAN_POINT('',(-6.751424996216,7.34,5.025814219775));
#16613=CARTESIAN_POINT('Origin',(-6.701363239004,7.34,5.026646690185));
#16614=CARTESIAN_POINT('',(-6.701363239004,7.34,5.026646690185));
#16615=CARTESIAN_POINT('Origin',(-6.663495285012,7.34,5.021282930526));
#16616=CARTESIAN_POINT('',(-6.663495285012,7.34,5.021282930526));
#16617=CARTESIAN_POINT('Origin',(-6.637868433044,7.34,5.009760780328));
#16618=CARTESIAN_POINT('',(-6.637868433044,7.34,5.009760780328));
#16619=CARTESIAN_POINT('Origin',(-6.611186803341,7.34,4.978037026951));
#16620=CARTESIAN_POINT('',(-6.611186803341,7.34,4.978037026951));
#16621=CARTESIAN_POINT('Origin',(-6.59521377279,7.34,4.929848328766));
#16622=CARTESIAN_POINT('',(-6.59521377279,7.34,4.929848328766));
#16623=CARTESIAN_POINT('Origin',(-6.589897312742,7.34,4.865294014826));
#16624=CARTESIAN_POINT('',(-6.589897312742,7.34,4.865294014826));
#16625=CARTESIAN_POINT('Origin',(-6.593520451723,7.34,4.809925257651));
#16626=CARTESIAN_POINT('',(-6.593520451723,7.34,4.809925257651));
#16627=CARTESIAN_POINT('Origin',(-6.604361490024,7.34,4.764929273717));
#16628=CARTESIAN_POINT('',(-6.604361490024,7.34,4.764929273717));
#16629=CARTESIAN_POINT('Origin',(-6.62237312723,7.34,4.73030606303));
#16630=CARTESIAN_POINT('',(-6.62237312723,7.34,4.73030606303));
#16631=CARTESIAN_POINT('Origin',(-6.645630276074,7.34,4.705180585403));
#16632=CARTESIAN_POINT('',(-6.645630276074,7.34,4.705180585403));
#16633=CARTESIAN_POINT('Origin',(-6.671815261274,7.34,4.688710910754));
#16634=CARTESIAN_POINT('',(-6.671815261274,7.34,4.688710910754));
#16635=CARTESIAN_POINT('Origin',(-6.700942273959,7.34,4.680939608039));
#16636=CARTESIAN_POINT('',(-6.700942273959,7.34,4.680939608039));
#16637=CARTESIAN_POINT('Origin',(-6.726214379452,7.34,4.681824108304));
#16638=CARTESIAN_POINT('',(-6.726214379452,7.34,4.681824108304));
#16639=CARTESIAN_POINT('Origin',(-6.748785685755,7.34,4.690408961659));
#16640=CARTESIAN_POINT('',(-6.748785685755,7.34,4.690408961659));
#16641=CARTESIAN_POINT('Origin',(-6.768613622694,7.34,4.706713088279));
#16642=CARTESIAN_POINT('',(-6.768613622694,7.34,4.706713088279));
#16643=CARTESIAN_POINT('Origin',(-6.784865719861,7.34,4.729473592217));
#16644=CARTESIAN_POINT('',(-6.784865719861,7.34,4.729473592217));
#16645=CARTESIAN_POINT('Origin',(-6.806751184024,7.34,4.769720709819));
#16646=CARTESIAN_POINT('',(-6.806754812373,7.34,4.769718984881));
#16647=CARTESIAN_POINT('Origin',(-6.862834163186,7.34,4.887718692859));
#16648=CARTESIAN_POINT('',(-6.862834163186,7.34,4.887718692859));
#16649=CARTESIAN_POINT('Origin',(-6.888087349318,7.34,4.935812791826));
#16650=CARTESIAN_POINT('Origin',(-6.807157959145,7.34,4.074650296865));
#16651=CARTESIAN_POINT('',(-6.905148267289,7.34,4.054250035966));
#16652=CARTESIAN_POINT('',(-6.807157959145,7.34,4.074650296865));
#16653=CARTESIAN_POINT('Origin',(-6.748705276859,7.34,4.074863144106));
#16654=CARTESIAN_POINT('',(-6.748705276859,7.34,4.074863144106));
#16655=CARTESIAN_POINT('Origin',(-6.696954928823,7.34,4.061770651508));
#16656=CARTESIAN_POINT('',(-6.696954928823,7.34,4.061770651508));
#16657=CARTESIAN_POINT('Origin',(-6.65191164528,7.34,4.035358628742));
#16658=CARTESIAN_POINT('',(-6.65191164528,7.34,4.035358628742));
#16659=CARTESIAN_POINT('Origin',(-6.617137076481,7.34,3.997594733244));
#16660=CARTESIAN_POINT('',(-6.617137076481,7.34,3.997594733244));
#16661=CARTESIAN_POINT('Origin',(-6.596240171481,7.34,3.950418243827));
#16662=CARTESIAN_POINT('',(-6.596240171481,7.34,3.950418243827));
#16663=CARTESIAN_POINT('Origin',(-6.589263499652,7.34,3.893777130627));
#16664=CARTESIAN_POINT('',(-6.589263499652,7.34,3.893777130627));
#16665=CARTESIAN_POINT('Origin',(-6.594773887981,7.34,3.843923491624));
#16666=CARTESIAN_POINT('',(-6.594773887981,7.34,3.843923491624));
#16667=CARTESIAN_POINT('Origin',(-6.611271942078,7.34,3.794117151423));
#16668=CARTESIAN_POINT('',(-6.611271942078,7.34,3.794117151423));
#16669=CARTESIAN_POINT('Origin',(-6.638705633695,7.34,3.744353381397));
#16670=CARTESIAN_POINT('',(-6.638705633695,7.34,3.744353381397));
#16671=CARTESIAN_POINT('Origin',(-6.677268889911,7.34,3.696670787391));
#16672=CARTESIAN_POINT('',(-6.677268889911,7.34,3.696670787391));
#16673=CARTESIAN_POINT('Origin',(-6.727188748693,7.34,3.653079597827));
#16674=CARTESIAN_POINT('',(-6.727188748693,7.34,3.653079597827));
#16675=CARTESIAN_POINT('Origin',(-6.788517239091,7.34,3.613480483238));
#16676=CARTESIAN_POINT('',(-6.788517239091,7.34,3.613480483238));
#16677=CARTESIAN_POINT('Origin',(-6.854793253539,7.34,3.581108727251));
#16678=CARTESIAN_POINT('',(-6.854793253539,7.34,3.581108727251));
#16679=CARTESIAN_POINT('Origin',(-6.91995300072,7.34,3.558825947648));
#16680=CARTESIAN_POINT('',(-6.91995300072,7.34,3.558825947648));
#16681=CARTESIAN_POINT('Origin',(-6.983991750391,7.34,3.546684174284));
#16682=CARTESIAN_POINT('',(-6.983991750391,7.34,3.546684174284));
#16683=CARTESIAN_POINT('Origin',(-7.049700171526,7.34,3.545719265127));
#16684=CARTESIAN_POINT('',(-7.049700171526,7.34,3.545719265127));
#16685=CARTESIAN_POINT('Origin',(-7.105220287214,7.34,3.558546881034));
#16686=CARTESIAN_POINT('',(-7.105220287214,7.34,3.558546881034));
#16687=CARTESIAN_POINT('Origin',(-7.150547367616,7.34,3.585119721993));
#16688=CARTESIAN_POINT('',(-7.150547367616,7.34,3.585119721993));
#16689=CARTESIAN_POINT('Origin',(-7.184215128828,7.34,3.622949836458));
#16690=CARTESIAN_POINT('',(-7.184215128828,7.34,3.622949836458));
#16691=CARTESIAN_POINT('Origin',(-7.204388351758,7.34,3.66920871633));
#16692=CARTESIAN_POINT('',(-7.204388351758,7.34,3.66920871633));
#16693=CARTESIAN_POINT('Origin',(-7.211104876334,7.34,3.724000420107));
#16694=CARTESIAN_POINT('',(-7.211104876334,7.34,3.724000420107));
#16695=CARTESIAN_POINT('Origin',(-7.197056934257,7.34,3.81027464977));
#16696=CARTESIAN_POINT('',(-7.197056934257,7.34,3.81027464977));
#16697=CARTESIAN_POINT('Origin',(-7.154884728583,7.34,3.888512700032));
#16698=CARTESIAN_POINT('',(-7.154884728583,7.34,3.888512700032));
#16699=CARTESIAN_POINT('Origin',(-7.084550419783,7.34,3.958709840647));
#16700=CARTESIAN_POINT('',(-7.084550419783,7.34,3.958709840647));
#16701=CARTESIAN_POINT('Origin',(-6.997595077417,7.34,4.015568530926));
#16702=CARTESIAN_POINT('',(-6.997595077417,7.34,4.015568530926));
#16703=CARTESIAN_POINT('Origin',(-6.905148267289,7.34,4.054250035966));
#16704=CARTESIAN_POINT('Origin',(-6.971627669702,7.34,4.215148636593));
#16705=CARTESIAN_POINT('',(-6.913671631515,7.34,4.234924544079));
#16706=CARTESIAN_POINT('',(-6.971627669702,7.34,4.215148636593));
#16707=CARTESIAN_POINT('Origin',(-7.047122350599,7.34,4.182308615948));
#16708=CARTESIAN_POINT('',(-7.047122350599,7.34,4.182308615948));
#16709=CARTESIAN_POINT('Origin',(-7.115682929436,7.34,4.142884509476));
#16710=CARTESIAN_POINT('',(-7.115682929436,7.34,4.142884509476));
#16711=CARTESIAN_POINT('Origin',(-7.177361436066,7.34,4.096918886142));
#16712=CARTESIAN_POINT('',(-7.177361436066,7.34,4.096918886142));
#16713=CARTESIAN_POINT('Origin',(-7.23135377872,7.34,4.044407016911));
#16714=CARTESIAN_POINT('',(-7.23135377872,7.34,4.044407016911));
#16715=CARTESIAN_POINT('Origin',(-7.277238992756,7.34,3.985358361062));
#16716=CARTESIAN_POINT('',(-7.277238992756,7.34,3.985358361062));
#16717=CARTESIAN_POINT('Origin',(-7.31501234793,7.34,3.919843867807));
#16718=CARTESIAN_POINT('',(-7.31501234793,7.34,3.919843867807));
#16719=CARTESIAN_POINT('Origin',(-7.34325013011,7.34,3.848591949058));
#16720=CARTESIAN_POINT('',(-7.34325013011,7.34,3.848591949058));
#16721=CARTESIAN_POINT('Origin',(-7.360117120604,7.34,3.772647922868));
#16722=CARTESIAN_POINT('',(-7.360117120604,7.34,3.772647922868));
#16723=CARTESIAN_POINT('Origin',(-7.365722107351,7.34,3.691912460978));
#16724=CARTESIAN_POINT('',(-7.365722107351,7.34,3.691912460978));
#16725=CARTESIAN_POINT('Origin',(-7.354195227313,7.34,3.589073957443));
#16726=CARTESIAN_POINT('',(-7.354195227313,7.34,3.589073957443));
#16727=CARTESIAN_POINT('Origin',(-7.319619315831,7.34,3.503040955268));
#16728=CARTESIAN_POINT('',(-7.319619315831,7.34,3.503040955268));
#16729=CARTESIAN_POINT('Origin',(-7.261999103954,7.34,3.43381345365));
#16730=CARTESIAN_POINT('',(-7.261999103954,7.34,3.43381345365));
#16731=CARTESIAN_POINT('Origin',(-7.185340856179,7.34,3.385137571046));
#16732=CARTESIAN_POINT('',(-7.185340856179,7.34,3.385137571046));
#16733=CARTESIAN_POINT('Origin',(-7.093683947093,7.34,3.361085791721));
#16734=CARTESIAN_POINT('',(-7.093683947093,7.34,3.361085791721));
#16735=CARTESIAN_POINT('Origin',(-6.987122975515,7.34,3.361544596295));
#16736=CARTESIAN_POINT('',(-6.987122975515,7.34,3.361544596295));
#16737=CARTESIAN_POINT('Origin',(-6.893115282666,7.34,3.379419065317));
#16738=CARTESIAN_POINT('',(-6.893115282666,7.34,3.379419065317));
#16739=CARTESIAN_POINT('Origin',(-6.801240795694,7.34,3.411904339884));
#16740=CARTESIAN_POINT('',(-6.801240795694,7.34,3.411904339884));
#16741=CARTESIAN_POINT('Origin',(-6.711404916181,7.34,3.459066639786));
#16742=CARTESIAN_POINT('',(-6.711404916181,7.34,3.459066639786));
#16743=CARTESIAN_POINT('Origin',(-6.629420748275,7.34,3.518120025476));
#16744=CARTESIAN_POINT('',(-6.629420748275,7.34,3.518120025476));
#16745=CARTESIAN_POINT('Origin',(-6.56112031629,7.34,3.586273829187));
#16746=CARTESIAN_POINT('',(-6.56112031629,7.34,3.586273829187));
#16747=CARTESIAN_POINT('Origin',(-6.506508350469,7.34,3.663513860604));
#16748=CARTESIAN_POINT('',(-6.506508350469,7.34,3.663513860604));
#16749=CARTESIAN_POINT('Origin',(-6.466559219648,7.34,3.747938680848));
#16750=CARTESIAN_POINT('',(-6.466559219648,7.34,3.747938680848));
#16751=CARTESIAN_POINT('Origin',(-6.442620958907,7.34,3.837178587201));
#16752=CARTESIAN_POINT('',(-6.442620958907,7.34,3.837178587201));
#16753=CARTESIAN_POINT('Origin',(-6.434646268634,7.34,3.931299798629));
#16754=CARTESIAN_POINT('',(-6.434646268634,7.34,3.931299798629));
#16755=CARTESIAN_POINT('Origin',(-6.440998587054,7.34,4.009935164332));
#16756=CARTESIAN_POINT('',(-6.440998587054,7.34,4.009935164332));
#16757=CARTESIAN_POINT('Origin',(-6.460008243508,7.34,4.078216676551));
#16758=CARTESIAN_POINT('',(-6.460008243508,7.34,4.078216676551));
#16759=CARTESIAN_POINT('Origin',(-6.491632667823,7.34,4.136158524818));
#16760=CARTESIAN_POINT('',(-6.491632667823,7.34,4.136158524818));
#16761=CARTESIAN_POINT('Origin',(-6.532773744966,7.34,4.182843099976));
#16762=CARTESIAN_POINT('',(-6.532773744966,7.34,4.182843099976));
#16763=CARTESIAN_POINT('Origin',(-6.579969154148,7.34,4.217868355949));
#16764=CARTESIAN_POINT('',(-6.579969154148,7.34,4.217868355949));
#16765=CARTESIAN_POINT('Origin',(-6.633270924823,7.34,4.2412768629));
#16766=CARTESIAN_POINT('',(-6.633270924823,7.34,4.2412768629));
#16767=CARTESIAN_POINT('Origin',(-6.68962351092,7.34,4.2547619411));
#16768=CARTESIAN_POINT('',(-6.68962351092,7.34,4.2547619411));
#16769=CARTESIAN_POINT('Origin',(-6.746401792707,7.34,4.260333818564));
#16770=CARTESIAN_POINT('',(-6.746401792707,7.34,4.260333818564));
#16771=CARTESIAN_POINT('Origin',(-6.803601039137,7.34,4.257945195272));
#16772=CARTESIAN_POINT('',(-6.803601039137,7.34,4.257945195272));
#16773=CARTESIAN_POINT('Origin',(-6.857635951561,7.34,4.249218443485));
#16774=CARTESIAN_POINT('',(-6.857635951561,7.34,4.249218443485));
#16775=CARTESIAN_POINT('Origin',(-6.913671631515,7.34,4.234924544079));
#16776=CARTESIAN_POINT('Origin',(-7.350415999577,7.34,3.014934094527));
#16777=CARTESIAN_POINT('',(-6.450571999576,7.34,3.302793927227));
#16778=CARTESIAN_POINT('',(-7.350415999577,7.34,3.014934094527));
#16779=CARTESIAN_POINT('Origin',(-7.350415999577,7.34,2.841865341094));
#16780=CARTESIAN_POINT('',(-7.350415999577,7.34,2.841865341094));
#16781=CARTESIAN_POINT('Origin',(-6.748279581571,7.34,2.665234937407));
#16782=CARTESIAN_POINT('',(-6.748279581571,7.34,2.665234937407));
#16783=CARTESIAN_POINT('Origin',(-7.350415999577,7.34,2.472295677261));
#16784=CARTESIAN_POINT('',(-7.350415999577,7.34,2.472295677261));
#16785=CARTESIAN_POINT('Origin',(-7.350415999577,7.34,2.300489819365));
#16786=CARTESIAN_POINT('',(-7.350415999577,7.34,2.300489819365));
#16787=CARTESIAN_POINT('Origin',(-6.450571999576,7.34,2.58836384199));
#16788=CARTESIAN_POINT('',(-6.450571999576,7.34,2.58836384199));
#16789=CARTESIAN_POINT('Origin',(-6.450571999576,7.34,2.761006900135));
#16790=CARTESIAN_POINT('',(-6.450571999576,7.34,2.761006900135));
#16791=CARTESIAN_POINT('Origin',(-7.055220019537,7.34,2.936743343878));
#16792=CARTESIAN_POINT('',(-7.055220019537,7.34,2.936743343878));
#16793=CARTESIAN_POINT('Origin',(-6.450571999576,7.34,3.130373176404));
#16794=CARTESIAN_POINT('',(-6.450571999576,7.34,3.130373176404));
#16795=CARTESIAN_POINT('Origin',(-6.450571999576,7.34,3.302793927227));
#16796=UNCERTAINTY_MEASURE_WITH_UNIT(LENGTH_MEASURE(0.01),#16800,
'DISTANCE_ACCURACY_VALUE',
'Maximum model space distance between geometric entities at asserted c
onnectivities');
#16797=UNCERTAINTY_MEASURE_WITH_UNIT(LENGTH_MEASURE(0.01),#16800,
'DISTANCE_ACCURACY_VALUE',
'Maximum model space distance between geometric entities at asserted c
onnectivities');
#16798=(
GEOMETRIC_REPRESENTATION_CONTEXT(3)
GLOBAL_UNCERTAINTY_ASSIGNED_CONTEXT((#16796))
GLOBAL_UNIT_ASSIGNED_CONTEXT((#16800,#16802,#16803))
REPRESENTATION_CONTEXT('','3D')
);
#16799=(
GEOMETRIC_REPRESENTATION_CONTEXT(3)
GLOBAL_UNCERTAINTY_ASSIGNED_CONTEXT((#16797))
GLOBAL_UNIT_ASSIGNED_CONTEXT((#16800,#16802,#16803))
REPRESENTATION_CONTEXT('','3D')
);
#16800=(
LENGTH_UNIT()
NAMED_UNIT(*)
SI_UNIT(.MILLI.,.METRE.)
);
#16801=(
LENGTH_UNIT()
NAMED_UNIT(*)
SI_UNIT(.CENTI.,.METRE.)
);
#16802=(
NAMED_UNIT(*)
PLANE_ANGLE_UNIT()
SI_UNIT($,.RADIAN.)
);
#16803=(
NAMED_UNIT(*)
SI_UNIT($,.STERADIAN.)
SOLID_ANGLE_UNIT()
);
#16804=SHAPE_DEFINITION_REPRESENTATION(#16805,#16806);
#16805=PRODUCT_DEFINITION_SHAPE('',$,#16808);
#16806=SHAPE_REPRESENTATION('',(#10357),#16798);
#16807=PRODUCT_DEFINITION_CONTEXT('part definition',#16812,'design');
#16808=PRODUCT_DEFINITION('2EDGK-5.08-03P-14-1000A&Z(H)',
'2EDGK-5.08-03P-14-1000A&Z(H)',#16809,#16807);
#16809=PRODUCT_DEFINITION_FORMATION('1LAST_VERSION',$,#16814);
#16810=PRODUCT_RELATED_PRODUCT_CATEGORY('2EDGK-5.08-03P-14-1000A&Z(H)',
'2EDGK-5.08-03P-14-1000A&Z(H)',(#16814));
#16811=APPLICATION_PROTOCOL_DEFINITION('international standard',
'automotive_design',2009,#16812);
#16812=APPLICATION_CONTEXT(
'Core Data for Automotive Mechanical Design Process');
#16813=PRODUCT_CONTEXT('part definition',#16812,'mechanical');
#16814=PRODUCT('2EDGK-5.08-03P-14-1000A&Z(H)',
'2EDGK-5.08-03P-14-1000A&Z(H)',$,(#16813));
#16815=PRESENTATION_STYLE_ASSIGNMENT((#16818));
#16816=PRESENTATION_STYLE_ASSIGNMENT((#16819));
#16817=PRESENTATION_STYLE_ASSIGNMENT((#16820));
#16818=SURFACE_STYLE_USAGE(.BOTH.,#16827);
#16819=SURFACE_STYLE_USAGE(.BOTH.,#16828);
#16820=SURFACE_STYLE_USAGE(.BOTH.,#16829);
#16821=SURFACE_STYLE_RENDERING_WITH_PROPERTIES($,#16839,(#16824));
#16822=SURFACE_STYLE_RENDERING_WITH_PROPERTIES($,#16840,(#16825));
#16823=SURFACE_STYLE_RENDERING_WITH_PROPERTIES($,#16841,(#16826));
#16824=SURFACE_STYLE_TRANSPARENT(0.);
#16825=SURFACE_STYLE_TRANSPARENT(0.);
#16826=SURFACE_STYLE_TRANSPARENT(0.);
#16827=SURFACE_SIDE_STYLE('',(#16830,#16821));
#16828=SURFACE_SIDE_STYLE('',(#16831,#16822));
#16829=SURFACE_SIDE_STYLE('',(#16832,#16823));
#16830=SURFACE_STYLE_FILL_AREA(#16833);
#16831=SURFACE_STYLE_FILL_AREA(#16834);
#16832=SURFACE_STYLE_FILL_AREA(#16835);
#16833=FILL_AREA_STYLE('',(#16836));
#16834=FILL_AREA_STYLE('',(#16837));
#16835=FILL_AREA_STYLE('',(#16838));
#16836=FILL_AREA_STYLE_COLOUR('',#16839);
#16837=FILL_AREA_STYLE_COLOUR('',#16840);
#16838=FILL_AREA_STYLE_COLOUR('',#16841);
#16839=COLOUR_RGB('',0.749019607843137,0.749019607843137,0.749019607843137);
#16840=COLOUR_RGB('',0.807843137254902,0.807843137254902,0.807843137254902);
#16841=COLOUR_RGB('',0.349019607843137,0.643137254901961,0.372549019607843);
ENDSEC;
END-ISO-10303-21;
